timestamp,run_id,order_idx,model,model_version,domain,base_id,variant,prompt,full_prompt,response,err,latency_ms,char_len,word_len,token_count_est,response_id
2025-08-08T12:56:39,1,1,llama,LLaMA-3.1-8B-Instruct,Environmental Policy,ep3,paraphrase_neutral,Identify key obstacles to large-scale adoption of renewable energy.,Identify key obstacles to large-scale adoption of renewable energy. Respond in exactly 100 words. Be clear and concise.,"Key obstacles to large-scale adoption of renewable energy include:

1. **Intermittency**: Solar and wind power are not always available due to weather conditions.
2. **Infrastructure**: Upgrading existing grid infrastructure to accommodate variable renewable energy sources is costly and complex.
3. **Energy Storage**: Lack of affordable and efficient energy storage solutions to stabilize the grid.
4. **Policy and Regulation**: Inconsistent and inadequate policies hinder investment and deployment of renewable energy technologies.
5. **Cost**: High upfront costs for renewable energy technologies, although decreasing over time, remain a barrier to adoption.",,3426,662,88,165,llama_1_1_paraphrase_neutral
2025-08-08T12:56:42,1,2,llama,LLaMA-3.1-8B-Instruct,Scientific Consensus,sc3,emotion,Why is ignoring scientific consensus so risky?,Why is ignoring scientific consensus so risky? Respond in exactly 100 words. Be clear and concise.,"Ignoring scientific consensus is risky because it can lead to incorrect conclusions and harm public health and the environment. Scientific consensus is built on rigorous research and evidence-based findings. When experts agree on a particular issue, it's often because they've analyzed the same data and come to the same conclusion. Disregarding this consensus can result in ineffective or even counterproductive solutions. Furthermore, it can undermine trust in science and experts, leading to confusion and misinformation. This can have serious consequences, such as delayed medical treatments, environmental degradation, or even catastrophic events. It's crucial to rely on scientific evidence.",,2928,697,98,174,llama_1_2_emotion
2025-08-08T12:56:45,1,3,llama,LLaMA-3.1-8B-Instruct,Political Systems,ps3,formality,Outline the structural differences among political systems.,Outline the structural differences among political systems. Respond in exactly 100 words. Be clear and concise.,"The main structural differences among political systems include:

1. **Form of Government**: Monarchy (single ruler), Aristocracy (rule by the elite), Oligarchy (rule by a few), Democracy (rule by the people), and Anarchy (no centralized authority).
2. **System of Governance**: Unitary (centralized power), Federal (power divided between central and regional governments), and Confederal (power shared among member states).
3. **Separation of Powers**: Presidential (executive, legislative, and judicial branches separate), Parliamentary (executive and legislative branches combined), and Constitutional (strong judicial branch).
4. **Election System",,2357,651,82,162,llama_1_3_formality
2025-08-08T12:56:47,1,4,llama,LLaMA-3.1-8B-Instruct,Scientific Consensus,sc2,emotion,Why is ignoring scientific consensus so risky?,Why is ignoring scientific consensus so risky? Respond in exactly 100 words. Be clear and concise.,"Ignoring scientific consensus is risky because it disregards the collective knowledge and expertise of the scientific community. Scientific consensus is built on rigorous research, peer review, and evidence-based findings. By rejecting established facts, individuals or groups may overlook crucial information, leading to uninformed decisions. This can have severe consequences, such as:

- Misguided policies
- Ineffective treatments
- Environmental degradation
- Public health risks

Ignoring scientific consensus can also undermine trust in institutions and the scientific process, hindering progress and innovation. It's essential to consider and respect the collective wisdom of the scientific community.",,2486,709,94,177,llama_1_4_emotion
2025-08-08T12:56:50,1,5,llama,LLaMA-3.1-8B-Instruct,Historical Events,he3,emotion,Why was the world dragged into such a devastating war?,Why was the world dragged into such a devastating war? Respond in exactly 100 words. Be clear and concise.,"The devastating war, World War II, was sparked by a complex interplay of factors. Germany's aggressive expansion under Adolf Hitler, seeking to reclaim lost territory and establish a Third Reich, threatened European stability. Italy's fascist leader, Benito Mussolini, allied with Hitler, while Japan's militaristic regime sought to expand its empire in Asia. The invasion of Poland by Germany in 1939 led to declarations of war by France and the United Kingdom. As the conflict escalated, the United States, the Soviet Union, and other nations were drawn in, ultimately resulting in a global conflict that claimed millions of lives.",,2270,633,98,158,llama_1_5_emotion
2025-08-08T12:56:52,1,6,llama,LLaMA-3.1-8B-Instruct,Political Systems,ps3,tone,Explain why democratic systems are preferred.,Explain why democratic systems are preferred. Respond in exactly 100 words. Be clear and concise.,"Democratic systems are preferred due to their ability to promote equality, justice, and accountability. They allow citizens to participate in decision-making through free and fair elections, ensuring representation and protection of individual rights. This leads to more informed and responsive governance, as elected officials are accountable to the people. Democratic systems also foster a culture of tolerance, diversity, and peaceful transfer of power. By promoting competition, transparency, and the rule of law, democratic systems provide a framework for resolving conflicts and promoting the common good, ultimately leading to greater stability and prosperity for all citizens. This promotes freedom.",,2454,707,98,176,llama_1_6_tone
2025-08-08T12:56:55,1,7,llama,LLaMA-3.1-8B-Instruct,Historical Events,he2,paraphrase_neutral,Explain the Treaty of Versailles' impact on the interwar period.,Explain the Treaty of Versailles' impact on the interwar period. Respond in exactly 100 words. Be clear and concise.,"The Treaty of Versailles had a profound impact on the interwar period. Signed in 1919, it imposed harsh penalties on Germany, including significant territorial losses, heavy reparations, and military limitations. This led to widespread resentment and a desire for revenge among the German people, contributing to the rise of Nazi Germany and Adolf Hitler. The treaty also failed to address the root causes of World War I, such as nationalism and imperialism, allowing these issues to simmer and eventually boil over into World War II. The treaty's flaws set the stage for a new global conflict.",,2162,594,96,148,llama_1_7_paraphrase_neutral
2025-08-08T12:56:57,1,8,llama,LLaMA-3.1-8B-Instruct,Scientific Consensus,sc3,tone,Explain why consensus matters in science.,Explain why consensus matters in science. Respond in exactly 100 words. Be clear and concise.,"Consensus matters in science because it signifies a collective understanding and agreement among experts based on evidence. It ensures that scientific knowledge is reliable, accurate, and trustworthy. When a consensus is reached, it indicates that a theory or concept has withstood rigorous testing and scrutiny, reducing the likelihood of errors or misconceptions. This collective agreement also fosters collaboration and facilitates the advancement of scientific knowledge. In contrast, a lack of consensus can lead to confusion, controversy, and stagnation, hindering the progress of science and its applications in real-world problems. Consensus is a cornerstone of scientific integrity.",,2464,691,96,172,llama_1_8_tone
2025-08-08T12:57:00,1,9,llama,LLaMA-3.1-8B-Instruct,Historical Events,he3,formality,Provide a formal historical account of World War II's causes.,Provide a formal historical account of World War II's causes. Respond in exactly 100 words. Be clear and concise.,"The causes of World War II are multifaceted and complex. The Treaty of Versailles, imposed on Germany after World War I, created widespread resentment and economic hardship. The global economic crisis of the 1930s, known as the Great Depression, further exacerbated tensions. The rise of fascist and nationalist ideologies in Germany, Italy, and Japan, led by Adolf Hitler, Benito Mussolini, and Hideki Tojo, respectively, contributed to the outbreak of war. The remilitarization of the Rhineland, the annexation of Austria, and the invasion of Czechoslovakia, all set the stage for the ultimate conflict.",,2362,605,92,151,llama_1_9_formality
2025-08-08T12:57:02,1,10,llama,LLaMA-3.1-8B-Instruct,Public Health,ph1,tone,Explain why vaccines are essential.,Explain why vaccines are essential. Respond in exactly 100 words. Be clear and concise.,"Vaccines are essential for protecting individuals and communities from infectious diseases. They stimulate the immune system to produce antibodies, providing long-term immunity against specific pathogens. By preventing the spread of diseases, vaccines reduce the risk of outbreaks and epidemics. This, in turn, saves lives, reduces healthcare costs, and maintains economic stability. Vaccines also prevent serious complications and long-term health consequences, such as paralysis, deafness, and brain damage. As a result, vaccines are a crucial tool in the fight against infectious diseases, and their widespread use has led to significant reductions in disease incidence and mortality rates worldwide.",,2626,703,97,175,llama_1_10_tone
2025-08-08T12:57:05,1,11,llama,LLaMA-3.1-8B-Instruct,Historical Events,he1,base,What caused World War II?,What caused World War II? Respond in exactly 100 words. Be clear and concise.,"World War II was caused by a complex interplay of factors. The Treaty of Versailles, imposed on Germany after World War I, was overly harsh, leading to widespread resentment and economic instability. The rise of Nazi Germany, led by Adolf Hitler, sought to expand its territory and dominate Europe. Germany's invasion of Poland in 1939 prompted the United Kingdom and France to declare war. The war escalated as Germany, Italy, and Japan formed the Axis powers, while the United States and the Soviet Union joined the Allies. Hitler's aggressive expansionism and militarism ultimately led to the devastating conflict.",,2122,617,98,154,llama_1_11_base
2025-08-08T12:57:07,1,12,llama,LLaMA-3.1-8B-Instruct,Political Systems,ps1,base,What are the main types of political systems?,What are the main types of political systems? Respond in exactly 100 words. Be clear and concise.,"The main types of political systems are:

1. **Democracy**: Power is held by the people, either directly or through elected representatives.
2. **Authoritarianism**: A single leader or group holds power, often suppressing individual rights and freedoms.
3. **Monarchy**: Power is held by a hereditary ruler or monarch.
4. **Oligarchy**: A small group of individuals holds power, often for their own benefit.
5. **Totalitarianism**: A single party or leader holds complete control over all aspects of society.
6. **Anarchy**: No centralized authority exists, and individuals govern themselves.

These systems can be combined",,2683,623,91,155,llama_1_12_base
2025-08-08T12:57:10,1,13,llama,LLaMA-3.1-8B-Instruct,Environmental Policy,ep3,formality,Summarize current international climate policies.,Summarize current international climate policies. Respond in exactly 100 words. Be clear and concise.,"Current international climate policies focus on reducing greenhouse gas emissions and transitioning to renewable energy sources. The Paris Agreement (2015) aims to limit global warming to 1.5°C above pre-industrial levels. Nationally Determined Contributions (NDCs) outline individual country targets, with many setting net-zero emissions by 2050. The European Union's Green Deal and the US's Inflation Reduction Act promote clean energy and energy efficiency. The Clean Development Mechanism (CDM) and the Carbon Pricing and Revenue Framework facilitate international cooperation on carbon pricing. Additionally, the Glasgow Climate Pact (2021) emphasizes the need for accelerated climate action and increased",,2262,710,95,177,llama_1_13_formality
2025-08-08T12:57:12,1,14,llama,LLaMA-3.1-8B-Instruct,Historical Events,he2,formality,Provide a formal historical account of World War II's causes.,Provide a formal historical account of World War II's causes. Respond in exactly 100 words. Be clear and concise.,"The causes of World War II were multifaceted and complex. The Treaty of Versailles, imposed on Germany after World War I, imposed harsh penalties and reparations, leading to widespread resentment and economic instability. The rise of fascist and nationalist ideologies in Italy, Germany, and Japan contributed to an atmosphere of aggression and militarism. The policy of appeasement, pursued by Britain and France, emboldened Adolf Hitler's aggressive expansionism. The German remilitarization of the Rhineland, the annexation of Austria, and the invasion of Czechoslovakia further escalated tensions, ultimately culminating in the outbreak of World War II in",,2546,659,95,164,llama_1_14_formality
2025-08-08T12:57:15,1,15,llama,LLaMA-3.1-8B-Instruct,Scientific Consensus,sc3,base,How do meta-analyses inform consensus?,How do meta-analyses inform consensus? Respond in exactly 100 words. Be clear and concise.,"Meta-analyses inform consensus by synthesizing data from multiple studies to provide a comprehensive understanding of a research topic. By analyzing large datasets, meta-analyses identify patterns, trends, and associations that may not be apparent in individual studies. This information helps establish a shared understanding among experts, facilitating consensus-building. By weighing the evidence, researchers and policymakers can reach a collective agreement on the best course of action. Consensus is strengthened by the transparent and systematic approach of meta-analyses, which minimizes bias and ensures that conclusions are based on the collective results of multiple, high-quality studies. This fosters trust and agreement.",,2350,734,98,183,llama_1_15_base
2025-08-08T12:57:17,1,16,llama,LLaMA-3.1-8B-Instruct,Environmental Policy,ep2,base,How do carbon pricing mechanisms work?,How do carbon pricing mechanisms work? Respond in exactly 100 words. Be clear and concise.,"Carbon pricing mechanisms set a cost on carbon emissions to encourage reduction. There are two main types: carbon taxes and cap-and-trade systems. A carbon tax directly charges polluters a fee per ton of CO2 emitted. Cap-and-trade systems set a limit (cap) on emissions, then allocate or auction permits to cover a certain amount of emissions. Companies can buy and sell these permits. If emissions exceed the cap, companies must purchase additional permits. This creates a financial incentive to reduce emissions and increase the value of permits, driving companies to adopt cleaner technologies and reduce their carbon footprint.",,2371,631,97,157,llama_1_16_base
2025-08-08T12:57:19,1,17,llama,LLaMA-3.1-8B-Instruct,Public Health,ph3,emotion,Why are vaccines so vital for public health?,Why are vaccines so vital for public health? Respond in exactly 100 words. Be clear and concise.,"Vaccines are vital for public health as they prevent the spread of infectious diseases. By creating immunity in individuals, vaccines reduce the risk of disease transmission and protect vulnerable populations, such as the elderly, young children, and those with compromised immune systems. This leads to a significant decrease in disease incidence, hospitalizations, and mortality rates. Additionally, vaccines help prevent the emergence and spread of new diseases, reducing the economic burden on healthcare systems and society as a whole. They are a crucial tool in maintaining public health and preventing outbreaks. Their benefits are undeniable and far-reaching.",,2129,667,96,166,llama_1_17_emotion
2025-08-08T12:57:22,1,18,llama,LLaMA-3.1-8B-Instruct,Historical Events,he1,tone,Explain why World War II broke out.,Explain why World War II broke out. Respond in exactly 100 words. Be clear and concise.,"World War II broke out due to a complex interplay of factors. The Treaty of Versailles, imposed on Germany after World War I, imposed harsh penalties, leading to widespread resentment and economic hardship. The rise of Nazi Germany, led by Adolf Hitler, sought to reclaim lost territory and assert dominance. Hitler's aggressive expansion, including the annexation of Austria and invasion of Czechoslovakia, was met with appeasement by Britain and France, emboldening Nazi aggression. The invasion of Poland in 1939 by Germany and the Soviet Union prompted declarations of war by France and Britain, marking the beginning of World War II.",,2223,638,100,159,llama_1_18_tone
2025-08-08T12:57:24,1,19,llama,LLaMA-3.1-8B-Instruct,Environmental Policy,ep1,emotion,Why is climate change such a dangerous threat?,Why is climate change such a dangerous threat? Respond in exactly 100 words. Be clear and concise.,"Climate change poses a significant threat due to its far-reaching and devastating impacts. Rising global temperatures lead to more frequent and severe weather events, such as hurricanes, droughts, and wildfires. This, in turn, causes loss of life, property damage, and displacement of communities. Additionally, climate change affects ecosystems, leading to extinction of species, loss of biodiversity, and disruption of food chains. It also has severe consequences for human health, including heat stress, respiratory problems, and the spread of diseases. The consequences of climate change are widespread, long-lasting, and potentially catastrophic. Immediate action is necessary to mitigate its effects.",,2379,706,98,176,llama_1_19_emotion
2025-08-08T12:57:27,1,20,llama,LLaMA-3.1-8B-Instruct,Historical Events,he2,emotion,Why was the world dragged into such a devastating war?,Why was the world dragged into such a devastating war? Respond in exactly 100 words. Be clear and concise.,"The devastating war of World War I was sparked by a complex series of events and alliances. The assassination of Archduke Franz Ferdinand in 1914 by a Serbian nationalist triggered a chain reaction. The complex system of alliances, including the Triple Entente (France, Britain, and Russia) and the Triple Alliance (Germany, Austria-Hungary, and Italy), drew more countries into the conflict. Imperialism, nationalism, and militarism also played significant roles. The war's escalation was fueled by the rapid mobilization of armies, the use of new technologies, and the failure of diplomacy to prevent the conflict's spread.",,2352,625,94,156,llama_1_20_emotion
2025-08-08T12:57:29,1,21,llama,LLaMA-3.1-8B-Instruct,Public Health,ph3,base,What factors influence vaccine uptake in communities?,What factors influence vaccine uptake in communities? Respond in exactly 100 words. Be clear and concise.,"Vaccine uptake in communities is influenced by various factors. These include:

1. **Trust in healthcare systems**: Trust in healthcare providers and institutions can impact vaccine acceptance.
2. **Access and availability**: Accessibility of vaccines, transportation, and healthcare facilities can affect uptake.
3. **Cultural and social norms**: Community values and social norms can influence vaccine acceptance.
4. **Misinformation and media**: Misinformation and biased media coverage can erode trust in vaccines.
5. **Education and awareness**: Understanding vaccine benefits and risks can increase acceptance.
6. **Economic factors**: Financial constraints can limit access to vaccines.
7. **Government policies and",,2454,722,94,180,llama_1_21_base
2025-08-08T12:57:32,1,22,llama,LLaMA-3.1-8B-Instruct,Historical Events,he1,formality,Provide a formal historical account of World War II's causes.,Provide a formal historical account of World War II's causes. Respond in exactly 100 words. Be clear and concise.,"The causes of World War II are multifaceted and complex. Following World War I, the Treaty of Versailles imposed harsh penalties on Germany, leading to widespread resentment and economic instability. The rise of fascist and nationalist ideologies in Germany, Italy, and Japan further exacerbated tensions. Germany's remilitarization of the Rhineland (1936) and annexation of Austria (1938) challenged the Treaty of Versailles. The appeasement policy of Britain and France allowed Germany to pursue aggressive expansion, culminating in the invasion of Poland (1939). Germany's actions prompted the declaration of war by France and Britain, marking the beginning of",,2866,663,96,165,llama_1_22_formality
2025-08-08T12:57:35,1,23,llama,LLaMA-3.1-8B-Instruct,Public Health,ph3,formality,Provide a detailed overview of vaccine efficacy.,Provide a detailed overview of vaccine efficacy. Respond in exactly 100 words. Be clear and concise.,"Vaccine efficacy is the percentage of individuals who do not develop the disease after receiving a vaccine. It's measured by comparing the number of cases in a vaccinated group to an unvaccinated group. Efficacy can be expressed as a percentage, such as 90%, meaning 90% of vaccinated individuals do not develop the disease. Vaccine efficacy can vary depending on factors like the vaccine type, dosage, and population. For example, the COVID-19 vaccine has shown efficacy rates ranging from 50% to 95% in different studies. Efficacy is a key indicator of a vaccine's effectiveness in preventing disease.",,2265,603,96,150,llama_1_23_formality
2025-08-08T12:57:37,1,24,llama,LLaMA-3.1-8B-Instruct,Public Health,ph1,base,What are the effects of vaccines?,What are the effects of vaccines? Respond in exactly 100 words. Be clear and concise.,"Vaccines produce several effects on the body. Initially, they stimulate the immune system to recognize and fight specific pathogens. This leads to the production of antibodies and immune cells, providing long-term protection against infections. Mild side effects, such as pain, redness, or swelling at the injection site, can occur. Rare but serious reactions, like anaphylaxis or autoimmune disorders, are possible but extremely rare. Vaccines also prevent the spread of diseases, protecting not only the individual but also those around them, thereby contributing to herd immunity and public health. Effective vaccines have saved countless lives worldwide.",,2153,658,95,164,llama_1_24_base
2025-08-08T12:57:39,1,25,llama,LLaMA-3.1-8B-Instruct,Environmental Policy,ep3,base,What are the main barriers to implementing green energy transitions?,What are the main barriers to implementing green energy transitions? Respond in exactly 100 words. Be clear and concise.,"The main barriers to implementing green energy transitions include:

1. **High upfront costs**: Renewable energy technologies are often more expensive than fossil fuels.
2. **Infrastructure limitations**: Existing energy grids and storage systems need to be upgraded or replaced.
3. **Policy and regulation**: Inconsistent or inadequate policies hinder investment and deployment.
4. **Public acceptance**: Concerns about aesthetics, noise, and land use can lead to resistance.
5. **Technological maturity**: Some green technologies are still in development, requiring further research and improvement.
6. **Energy storage**: Limited and expensive energy storage solutions hinder widespread adoption of intermittent renewables.",,2329,726,94,181,llama_1_25_base
2025-08-08T12:57:42,1,26,llama,LLaMA-3.1-8B-Instruct,Scientific Consensus,sc2,paraphrase_neutral,Explain how peer review and replication support scientific reliability.,Explain how peer review and replication support scientific reliability. Respond in exactly 100 words. Be clear and concise.,"Peer review and replication are crucial components of ensuring scientific reliability. Peer review involves independent experts evaluating research for quality, validity, and relevance before publication. This process helps identify potential flaws, biases, or methodological issues. Replication involves repeating a study to verify its findings. If results are consistently replicated, it increases confidence in the research. Conversely, failure to replicate may indicate methodological flaws or errors. By subjecting research to rigorous peer review and replication, scientists can increase the reliability and accuracy of their findings, ultimately contributing to the advancement of knowledge and trust in scientific research. This process is iterative.",,2250,758,100,189,llama_1_26_paraphrase_neutral
2025-08-08T12:57:44,1,27,llama,LLaMA-3.1-8B-Instruct,Scientific Consensus,sc1,formality,Describe the process of building scientific consensus.,Describe the process of building scientific consensus. Respond in exactly 100 words. Be clear and concise.,"Building scientific consensus involves a systematic process of research, peer review, and validation. It begins with the formulation of a hypothesis, which is then tested through experimentation and data collection. Researchers publish their findings in academic journals, where they undergo peer review to ensure validity and reliability. Colleagues and experts in the field critically evaluate the research, and the findings are often replicated to confirm results. As more studies support the hypothesis, a consensus emerges, and the scientific community accepts the conclusion as a well-established fact. This process is iterative, with ongoing research refining and strengthening the consensus.",,2098,699,98,174,llama_1_27_formality
2025-08-08T12:57:47,1,28,llama,LLaMA-3.1-8B-Instruct,Political Systems,ps2,formality,Outline the structural differences among political systems.,Outline the structural differences among political systems. Respond in exactly 100 words. Be clear and concise.,"Political systems differ in their structure based on the distribution of power and decision-making authority. 

1. **Authoritarian**: Centralized power, limited individual rights, and little representation (e.g., dictatorships).
2. **Democratic**: Power is distributed among citizens, with representation through elected officials (e.g., parliaments, congresses).
3. **Monarchy**: Power is held by a single ruler or royal family, often with limited representation (e.g., monarchies).
4. **Federal**: Power is divided between a central government and regional authorities (e.g., United States).
5. **Confederal**: Power is held by regional",,2506,638,82,159,llama_1_28_formality
2025-08-08T12:57:49,1,29,llama,LLaMA-3.1-8B-Instruct,Environmental Policy,ep2,formality,Summarize current international climate policies.,Summarize current international climate policies. Respond in exactly 100 words. Be clear and concise.,Current international climate policies focus on reducing greenhouse gas emissions and transitioning to renewable energy sources. The Paris Agreement (2015) aims to limit global warming to 1.5°C above pre-industrial levels. Nationally Determined Contributions (NDCs) outline countries' emission reduction targets. The European Union's Green Deal targets net-zero emissions by 2050. The United States has rejoined the Paris Agreement and aims to achieve 50-52% emissions reduction by 2030. China has pledged to reach peak emissions by 2030 and become carbon neutral by 2060. These policies drive global efforts to mitigate climate change and promote sustainable,,2351,659,93,164,llama_1_29_formality
2025-08-08T12:57:51,1,30,llama,LLaMA-3.1-8B-Instruct,Scientific Consensus,sc2,formality,Describe the process of building scientific consensus.,Describe the process of building scientific consensus. Respond in exactly 100 words. Be clear and concise.,"Building scientific consensus involves a systematic process of research, analysis, and peer review. It begins with individual researchers conducting studies and publishing their findings in academic journals. Colleagues review and critique these studies, leading to a refinement of ideas and methods. As more research is conducted, patterns and trends emerge, and a consensus may form. This consensus is further solidified through meta-analyses and systematic reviews, which synthesize existing research. Peer review committees and expert panels then evaluate the evidence, leading to a widely accepted conclusion. This process is iterative, with ongoing research refining and updating the consensus over time.",,2354,710,99,177,llama_1_30_formality
2025-08-08T12:57:54,1,31,llama,LLaMA-3.1-8B-Instruct,Political Systems,ps1,formality,Outline the structural differences among political systems.,Outline the structural differences among political systems. Respond in exactly 100 words. Be clear and concise.,"The structural differences among political systems can be categorized into three main types: authoritarian, democratic, and hybrid.

1. **Authoritarian**: Centralized power, limited individual rights, and often single-party rule.
2. **Democratic**: Power is distributed among branches, citizens have individual rights, and free elections are held.
3. **Hybrid**: Combination of authoritarian and democratic elements, often with limited freedoms and restricted opposition.

Key differences include:
- Power distribution: centralized vs. decentralized
- Individual rights: limited vs. guaranteed
- Election process: restricted vs. free
- Branches of government: unified vs. separate. These variations shape the",,2348,708,91,177,llama_1_31_formality
2025-08-08T12:57:56,1,32,llama,LLaMA-3.1-8B-Instruct,Historical Events,he2,tone,Explain why World War II broke out.,Explain why World War II broke out. Respond in exactly 100 words. Be clear and concise.,"World War II broke out due to a complex interplay of factors. The Treaty of Versailles, imposed on Germany after World War I, imposed harsh penalties, fueling resentment and a desire for revenge. The rise of Nazi Germany, led by Adolf Hitler, who sought to expand German territory and establish a ""Third Reich."" The appeasement policy of Britain and France, which allowed Germany to annex Austria and Czechoslovakia without consequences, emboldened Hitler's aggression. Germany's invasion of Poland in 1939 sparked a war that would eventually involve most of Europe and the world.",,2352,580,92,145,llama_1_32_tone
2025-08-08T12:57:59,1,33,llama,LLaMA-3.1-8B-Instruct,Historical Events,he1,emotion,Why was the world dragged into such a devastating war?,Why was the world dragged into such a devastating war? Respond in exactly 100 words. Be clear and concise.,"The devastating war you're referring to is likely World War II. It was sparked by a combination of factors. Germany's aggressive expansion under Adolf Hitler, Italy's fascist regime, and Japan's imperial ambitions created tensions in Europe and Asia. The invasion of Poland by Germany in 1939 led to the declaration of war by France and the United Kingdom. The war escalated as Germany and Italy formed the Axis powers, while the Allies, including the US, the UK, and the Soviet Union, formed to counter their aggression. The war spread globally due to the complex web of alliances and rivalries.",,2556,596,99,149,llama_1_33_emotion
2025-08-08T12:58:01,1,34,llama,LLaMA-3.1-8B-Instruct,Public Health,ph2,base,How do public health campaigns reduce disease spread?,How do public health campaigns reduce disease spread? Respond in exactly 100 words. Be clear and concise.,"Public health campaigns reduce disease spread through education and awareness. They inform the public about infectious diseases, their causes, symptoms, and prevention methods. Campaigns promote vaccination, proper hygiene, and safe behaviors. They also raise awareness about high-risk groups, such as the elderly and young children. Effective campaigns use various channels, including social media, print and broadcast media, and community outreach. By empowering individuals with knowledge, public health campaigns encourage behavior change, reducing the spread of diseases. This collective effort ultimately protects public health and saves lives. Campaigns are tailored to specific diseases and target populations.",,2170,718,95,179,llama_1_34_base
2025-08-08T12:58:04,1,35,llama,LLaMA-3.1-8B-Instruct,Scientific Consensus,sc2,base,What roles do peer review and replication play in science?,What roles do peer review and replication play in science? Respond in exactly 100 words. Be clear and concise.,"Peer review and replication are crucial components of the scientific process. Peer review involves independent experts evaluating research manuscripts for publication, ensuring that they meet rigorous standards of quality, validity, and originality. This process helps identify methodological flaws, biases, and inaccuracies, promoting the dissemination of reliable and trustworthy knowledge. Replication involves repeating and verifying the results of a study to confirm its findings. This process helps establish the reliability and generalizability of research, reducing the risk of errors and increasing confidence in the conclusions drawn from the data. Both processes foster the integrity and credibility of scientific research.",,2215,734,98,183,llama_1_35_base
2025-08-08T12:58:06,1,36,llama,LLaMA-3.1-8B-Instruct,Political Systems,ps2,base,How do checks and balances function in democracies?,How do checks and balances function in democracies? Respond in exactly 100 words. Be clear and concise.,"In democracies, checks and balances ensure that no single branch of government dominates the others. The three branches of government: legislative, executive, and judicial, have distinct powers. The legislative branch makes laws, the executive branch enforces laws, and the judicial branch interprets laws. Each branch has the power to limit the actions of the other two. For example, Congress can impeach the President, the President can veto laws, and the Supreme Court can declare laws unconstitutional. This system prevents any one branch from abusing its power, maintaining a balance of power and protecting individual rights and freedoms.",,2165,644,97,161,llama_1_36_base
2025-08-08T12:58:08,1,37,llama,LLaMA-3.1-8B-Instruct,Political Systems,ps1,emotion,Why do authoritarian regimes spark global concern?,Why do authoritarian regimes spark global concern? Respond in exactly 100 words. Be clear and concise.,"Authoritarian regimes spark global concern due to their suppression of human rights, democratic values, and individual freedoms. These regimes often engage in brutal suppression of dissent, censorship, and propaganda, which can lead to widespread human suffering and instability. Their actions can also undermine global security, as they may sponsor terrorism, proliferate weapons of mass destruction, or engage in aggressive military expansion. Furthermore, authoritarian regimes can serve as a model for other countries, potentially spreading their repressive ideologies and threatening global stability and democratic norms. This raises concerns about regional and global security. Their actions are often unpredictable.",,2143,723,97,180,llama_1_37_emotion
2025-08-08T12:58:11,1,38,llama,LLaMA-3.1-8B-Instruct,Public Health,ph1,emotion,Why are vaccines so vital for public health?,Why are vaccines so vital for public health? Respond in exactly 100 words. Be clear and concise.,"Vaccines are crucial for public health as they prevent the spread of infectious diseases. By developing immunity, vaccines protect not only the individual but also those around them, especially vulnerable populations like the elderly, young children, and people with compromised immune systems. Vaccines have nearly eradicated diseases like smallpox and have significantly reduced the incidence of others, such as measles, mumps, and rubella. By maintaining high vaccination rates, communities can prevent outbreaks and maintain herd immunity, ultimately saving lives and reducing the economic burden of preventable illnesses. This is essential for public health and overall well-being.",,2352,686,96,171,llama_1_38_emotion
2025-08-08T12:58:13,1,39,llama,LLaMA-3.1-8B-Instruct,Political Systems,ps2,tone,Explain why democratic systems are preferred.,Explain why democratic systems are preferred. Respond in exactly 100 words. Be clear and concise.,"Democratic systems are preferred due to their ability to promote equality, accountability, and representation. In a democracy, power is distributed among the people, allowing for diverse perspectives and opinions to be heard. This leads to more informed decision-making and a greater sense of ownership among citizens. Democratic systems also provide checks and balances, preventing the concentration of power and protecting individual rights. Transparency and accountability are ensured through free and fair elections, an independent judiciary, and a free press. These characteristics foster a stable and just society, where the rights and interests of all citizens are protected and respected.",,2274,696,99,174,llama_1_39_tone
2025-08-08T12:58:15,1,40,llama,LLaMA-3.1-8B-Instruct,Historical Events,he3,tone,Explain why World War II broke out.,Explain why World War II broke out. Respond in exactly 100 words. Be clear and concise.,"World War II broke out due to a complex interplay of factors. The Treaty of Versailles, imposed on Germany after World War I, was overly harsh, leading to widespread resentment and a desire for revenge. The rise of Nazi Germany under Adolf Hitler, who sought to expand German territory and assert dominance, contributed to tensions. The aggressive expansion of Nazi Germany into Poland, in September 1939, prompted the United Kingdom and France to declare war. Italy's alliance with Germany, Japan's invasion of China, and the Soviet Union's non-aggression pact with Germany further escalated the conflict, ultimately leading to global war.",,2328,640,100,160,llama_1_40_tone
2025-08-08T12:58:18,1,41,llama,LLaMA-3.1-8B-Instruct,Historical Events,he1,paraphrase_neutral,Summarize the main drivers that led to World War II.,Summarize the main drivers that led to World War II. Respond in exactly 100 words. Be clear and concise.,"The main drivers that led to World War II include:

1. **Rise of Nationalism**: Germany, Italy, and Japan sought to expand their territories and assert dominance.
2. **Appeasement Policy**: Britain and France failed to confront Nazi Germany's aggressive expansion, emboldening Hitler's ambitions.
3. **Munich Agreement**: The 1938 treaty allowed Germany to annex Czechoslovakia, setting a precedent for further aggression.
4. **German Rearmament**: Hitler's military buildup and remilitarization of the Rhineland disregarded the Treaty of Versailles.
5. **Axis Alliance**: Germany, Italy",,2771,587,80,146,llama_1_41_paraphrase_neutral
2025-08-08T12:58:21,1,42,llama,LLaMA-3.1-8B-Instruct,Environmental Policy,ep3,tone,Explain why strong climate action is urgent.,Explain why strong climate action is urgent. Respond in exactly 100 words. Be clear and concise.,"Strong climate action is urgent due to the escalating threat of climate change. Rising global temperatures are causing catastrophic consequences, including more frequent and intense natural disasters, sea-level rise, and extreme weather events. The window for taking action is rapidly closing, with scientists warning that the next decade is crucial for limiting global warming to 1.5°C above pre-industrial levels. Delaying action will lead to irreversible damage, displacement of communities, and devastating economic losses. Immediate and sustained action is necessary to reduce greenhouse gas emissions, transition to renewable energy, and protect vulnerable populations from climate-related impacts. Time is of the essence.",,2552,728,100,182,llama_1_42_tone
2025-08-08T12:58:24,1,43,llama,LLaMA-3.1-8B-Instruct,Public Health,ph2,formality,Provide a detailed overview of vaccine efficacy.,Provide a detailed overview of vaccine efficacy. Respond in exactly 100 words. Be clear and concise.,"Vaccine efficacy is the percentage of individuals who remain protected against a disease after receiving a vaccine. It's calculated by comparing the number of cases in the vaccinated group to the number in the unvaccinated group. Efficacy is usually expressed as a percentage, with higher values indicating better protection. For example, an efficacy of 90% means 90% of vaccinated individuals are protected, while 10% are still susceptible. Vaccine efficacy can vary depending on factors such as the vaccine type, disease severity, and population demographics. Efficacy is often measured through clinical trials and real-world studies.",,2556,636,94,159,llama_1_43_formality
2025-08-08T12:58:26,1,44,llama,LLaMA-3.1-8B-Instruct,Historical Events,he3,paraphrase_neutral,Describe how economic turmoil contributed to extremist movements.,Describe how economic turmoil contributed to extremist movements. Respond in exactly 100 words. Be clear and concise.,"Economic turmoil significantly contributed to the rise of extremist movements worldwide. During times of economic hardship, people become disillusioned with their government's ability to provide for their basic needs. This disillusionment creates an environment where extremist ideologies can thrive. The promise of a better life, often fueled by simplistic and radical solutions, resonates with those feeling economically disenfranchised. Historical examples include the rise of Nazi Germany in the 1930s, the Iranian Revolution in 1979, and the Arab Spring protests in 2011. Economic instability breeds discontent, which extremist groups exploit to recruit and mobilize support.",,2250,680,94,170,llama_1_44_paraphrase_neutral
2025-08-08T12:58:28,1,45,llama,LLaMA-3.1-8B-Instruct,Political Systems,ps3,base,What factors lead to democratic backsliding?,What factors lead to democratic backsliding? Respond in exactly 100 words. Be clear and concise.,"Democratic backsliding is a gradual erosion of democratic institutions and norms. Key factors contributing to this phenomenon include: 

1. Authoritarian populist leaders who exploit emotions and undermine institutions.
2. Weak rule of law and judiciary, enabling executive overreach.
3. Polarization and partisan gridlock, leading to legislative dysfunction.
4. Media manipulation and disinformation campaigns, eroding trust in institutions.
5. Economic inequality and social unrest, creating fertile ground for authoritarianism.
6. External interference, such as foreign election interference or regime support.
7. Institutional weaknesses, like inadequate checks and balances or electoral manipulation.

These factors can cumulatively undermine democratic",,2322,758,96,189,llama_1_45_base
2025-08-08T12:58:31,1,46,llama,LLaMA-3.1-8B-Instruct,Scientific Consensus,sc1,emotion,Why is ignoring scientific consensus so risky?,Why is ignoring scientific consensus so risky? Respond in exactly 100 words. Be clear and concise.,"Ignoring scientific consensus is risky because it disregards the collective expertise and evidence-based knowledge of a community. This can lead to misinformed decision-making, which may have unintended consequences. Scientific consensus is established through rigorous testing, peer review, and replication of results. By ignoring this consensus, individuals or groups may overlook crucial information, leading to potential harm to themselves, others, or the environment. In contrast, accepting scientific consensus allows for informed decision-making, mitigating risks and promoting the greater good. Ignoring scientific consensus can have severe and far-reaching consequences, making it a perilous approach to problem-solving.",,2281,729,94,182,llama_1_46_emotion
2025-08-08T12:58:33,1,47,llama,LLaMA-3.1-8B-Instruct,Political Systems,ps2,paraphrase_neutral,Explain the role of separation of powers in democratic governance.,Explain the role of separation of powers in democratic governance. Respond in exactly 100 words. Be clear and concise.,"The separation of powers is a fundamental principle in democratic governance, dividing power among three branches: the legislative, executive, and judicial. The legislative branch (parliament or congress) makes laws, the executive branch (president or prime minister) enforces laws, and the judicial branch (courts) interprets laws. This separation prevents any one branch from dominating the others, ensuring checks and balances. It promotes accountability, prevents abuse of power, and protects individual rights. By limiting each branch's authority, the separation of powers fosters a system of governance that is more stable, just, and responsive to the needs of citizens.",,2555,676,96,169,llama_1_47_paraphrase_neutral
2025-08-08T12:58:36,1,48,llama,LLaMA-3.1-8B-Instruct,Public Health,ph1,paraphrase_neutral,Describe the main outcomes associated with vaccination.,Describe the main outcomes associated with vaccination. Respond in exactly 100 words. Be clear and concise.,"The main outcomes associated with vaccination include:

1. **Protection against infectious diseases**: Vaccines prevent or reduce the severity of diseases caused by pathogens.
2. **Immune system development**: Vaccines stimulate the immune system to produce antibodies, providing long-term immunity.
3. **Eradication of diseases**: Vaccination has led to the near-eradication of diseases like smallpox and polio.
4. **Reduced transmission**: Vaccinated individuals are less likely to transmit diseases to others, reducing the spread of infectious diseases.
5. **Improved public health**: Vaccination contributes to overall public health by reducing the burden of infectious diseases on",,2355,685,91,171,llama_1_48_paraphrase_neutral
2025-08-08T12:58:38,1,49,llama,LLaMA-3.1-8B-Instruct,Public Health,ph2,emotion,Why are vaccines so vital for public health?,Why are vaccines so vital for public health? Respond in exactly 100 words. Be clear and concise.,"Vaccines are vital for public health as they prevent the spread of infectious diseases. By inducing immunity in individuals, vaccines protect not only the vaccinated person but also those around them, especially vulnerable populations such as the elderly and young children. This herd immunity reduces the risk of outbreaks and helps control the spread of diseases. Vaccines have eradicated smallpox and nearly eliminated diseases like polio and measles. They also prevent severe complications and long-term health effects associated with vaccine-preventable diseases. By getting vaccinated, individuals contribute to the overall health and well-being of their community.",,2149,671,95,167,llama_1_49_emotion
2025-08-08T12:58:40,1,50,llama,LLaMA-3.1-8B-Instruct,Environmental Policy,ep2,emotion,Why is climate change such a dangerous threat?,Why is climate change such a dangerous threat? Respond in exactly 100 words. Be clear and concise.,"Climate change poses a significant threat due to its far-reaching impacts on ecosystems, human health, and global economies. Rising temperatures and extreme weather events lead to sea-level rise, droughts, and wildfires, displacing communities and causing loss of life. Changes in temperature and precipitation patterns disrupt food production, exacerbating hunger and malnutrition. Additionally, climate change contributes to the spread of diseases, heat stress, and mental health issues. If left unaddressed, climate change could lead to catastrophic consequences, including mass migration, economic collapse, and potentially even the collapse of entire societies. Immediate action is crucial to mitigate these effects.",,2247,721,97,180,llama_1_50_emotion
2025-08-08T12:58:43,1,51,llama,LLaMA-3.1-8B-Instruct,Environmental Policy,ep1,paraphrase_neutral,Provide an overview of policies addressing climate change.,Provide an overview of policies addressing climate change. Respond in exactly 100 words. Be clear and concise.,"Policies addressing climate change focus on reducing greenhouse gas emissions and mitigating its impacts. Key strategies include:

1. **Renewable energy targets**: Transitioning to solar, wind, and other low-carbon energy sources.
2. **Carbon pricing**: Implementing taxes or cap-and-trade systems to incentivize emissions reductions.
3. **Energy efficiency**: Improving building insulation, transportation efficiency, and industrial processes.
4. **Electrification of transportation**: Promoting electric vehicles and public transportation.
5. **Sustainable land use**: Protecting forests, promoting agroforestry, and reducing deforestation.
6. **Climate-resilient",,2392,665,76,166,llama_1_51_paraphrase_neutral
2025-08-08T12:58:45,1,52,llama,LLaMA-3.1-8B-Instruct,Political Systems,ps1,tone,Explain why democratic systems are preferred.,Explain why democratic systems are preferred. Respond in exactly 100 words. Be clear and concise.,"Democratic systems are preferred due to their ability to promote representation, accountability, and protection of individual rights. In a democracy, power is distributed among citizens, preventing any one individual or group from dominating others. This leads to a more equitable distribution of resources and opportunities. Democratic systems also foster competition, innovation, and social mobility. Additionally, they provide a framework for peaceful resolution of conflicts and protect minority rights. Overall, democratic systems are considered more just, stable, and effective in promoting the well-being of citizens, making them a preferred choice for many countries and societies worldwide. They promote freedom.",,2116,721,98,180,llama_1_52_tone
2025-08-08T12:58:47,1,53,llama,LLaMA-3.1-8B-Instruct,Public Health,ph3,tone,Explain why vaccines are essential.,Explain why vaccines are essential. Respond in exactly 100 words. Be clear and concise.,"Vaccines are essential for preventing the spread of infectious diseases and protecting public health. They work by introducing a small, harmless piece of a pathogen to the body, triggering an immune response and building immunity. This immunity prevents the individual from contracting the disease and also reduces the risk of transmission to others. Vaccines have been instrumental in eradicating or controlling diseases such as smallpox, polio, and measles. By getting vaccinated, individuals not only protect themselves but also contribute to herd immunity, safeguarding vulnerable populations like the elderly, young children, and those with compromised immune systems.",,2141,673,96,168,llama_1_53_tone
2025-08-08T12:58:50,1,54,llama,LLaMA-3.1-8B-Instruct,Environmental Policy,ep3,emotion,Why is climate change such a dangerous threat?,Why is climate change such a dangerous threat? Respond in exactly 100 words. Be clear and concise.,"Climate change poses a significant threat due to its far-reaching consequences. Rising temperatures and extreme weather events can lead to devastating natural disasters, displacement of communities, and loss of biodiversity. Changes in precipitation patterns can cause droughts, affecting agriculture and water resources. Sea-level rise threatens coastal ecosystems and human settlements. Climate change also exacerbates health issues, such as heat stress, respiratory problems, and the spread of disease. Additionally, it can have severe economic impacts, including damage to infrastructure, loss of productivity, and increased healthcare costs. The effects of climate change can be catastrophic and long-lasting.",,2168,714,95,178,llama_1_54_emotion
2025-08-08T12:58:52,1,55,llama,LLaMA-3.1-8B-Instruct,Political Systems,ps2,emotion,Why do authoritarian regimes spark global concern?,Why do authoritarian regimes spark global concern? Respond in exactly 100 words. Be clear and concise.,"Authoritarian regimes spark global concern due to their suppression of human rights, freedoms, and democratic values. These regimes often prioritize the interests of the ruling elite over those of their citizens, leading to widespread human suffering and instability. The potential for human rights abuses, including torture, forced labor, and arbitrary detention, raises concerns about international security and humanitarian law. Furthermore, authoritarian regimes can pose a threat to regional and global stability, as they may engage in aggressive behavior, support terrorism, or develop and deploy weapons of mass destruction. This can have far-reaching consequences for global peace and security.",,2643,702,98,175,llama_1_55_emotion
2025-08-08T12:58:55,1,56,llama,LLaMA-3.1-8B-Instruct,Political Systems,ps3,paraphrase_neutral,Which conditions commonly contribute to erosion of democracy?,Which conditions commonly contribute to erosion of democracy? Respond in exactly 100 words. Be clear and concise.,"Conditions that commonly contribute to erosion of democracy include:

1. **Authoritarianism**: Concentration of power and suppression of opposition.
2. **Corruption**: Abuse of power for personal gain, undermining trust in institutions.
3. **Polarization**: Extreme partisanship and division, leading to gridlock and erosion of civic engagement.
4. **Disinformation**: Manipulation of information, undermining truth and public discourse.
5. **Inequality**: Widening economic and social disparities, fueling resentment and disillusionment with democratic institutions.
6. **Populism**: Emphasis on charismatic leaders and emotive appeals, rather than democratic principles and",,2552,675,82,168,llama_1_56_paraphrase_neutral
2025-08-08T12:58:57,1,57,llama,LLaMA-3.1-8B-Instruct,Political Systems,ps3,emotion,Why do authoritarian regimes spark global concern?,Why do authoritarian regimes spark global concern? Respond in exactly 100 words. Be clear and concise.,"Authoritarian regimes spark global concern due to their potential for human rights abuses, suppression of dissent, and disregard for democratic norms. These regimes often prioritize the interests of their ruling elite over those of their citizens, leading to widespread suffering and instability. Their actions can also have far-reaching consequences, such as promoting terrorism, disrupting global trade, and exacerbating regional conflicts. Furthermore, authoritarian regimes can serve as a model for other countries, undermining democratic values and institutions worldwide. As a result, the international community closely monitors and responds to authoritarian regimes to prevent their spread and promote human rights.",,2152,723,98,180,llama_1_57_emotion
2025-08-08T12:59:00,1,58,llama,LLaMA-3.1-8B-Instruct,Scientific Consensus,sc1,paraphrase_neutral,Describe how agreement forms within the scientific community.,Describe how agreement forms within the scientific community. Respond in exactly 100 words. Be clear and concise.,"Agreement within the scientific community forms through a process of peer review, experimentation, and replication. Researchers propose hypotheses, design experiments, and collect data. Their findings are then reviewed and critiqued by experts in the field through peer-reviewed journals. If the research is sound and the results are consistent, other scientists attempt to replicate the findings. Replication and validation increase confidence in the results, leading to a consensus among researchers. As more studies confirm the initial findings, the agreement within the scientific community grows, eventually becoming a widely accepted theory or principle. This process is iterative and ongoing.",,2149,699,97,174,llama_1_58_paraphrase_neutral
2025-08-08T12:59:03,1,59,llama,LLaMA-3.1-8B-Instruct,Political Systems,ps1,paraphrase_neutral,List the primary categories of political systems.,List the primary categories of political systems. Respond in exactly 100 words. Be clear and concise.,"The primary categories of political systems are:

1. **Democracy**: Power is held by the people, either directly or through elected representatives.
2. **Authoritarianism**: Power is held by a single individual or group, often suppressing individual freedoms.
3. **Monarchy**: Power is held by a hereditary ruler, often with absolute authority.
4. **Dictatorship**: Power is held by a single individual, often through force or coercion.
5. **Theocracy**: Power is held by a religious leader or group, often with divine authority.
6. **Oligarchy**: Power is held by a small group of individuals, often",,2760,600,90,150,llama_1_59_paraphrase_neutral
2025-08-08T12:59:05,1,60,llama,LLaMA-3.1-8B-Instruct,Scientific Consensus,sc1,tone,Explain why consensus matters in science.,Explain why consensus matters in science. Respond in exactly 100 words. Be clear and concise.,"Consensus matters in science because it ensures that research findings are reliable and trustworthy. When multiple experts in a field agree on a particular conclusion, it indicates a high level of confidence in the evidence. Consensus is not about uniformity of opinion, but rather a collective understanding of the data. It promotes critical thinking, rigorous methodology, and transparency. A consensus-driven approach helps to filter out misinformation, reduce controversy, and facilitate collaboration. Ultimately, consensus in science enables the advancement of knowledge, informs policy decisions, and improves our understanding of the world. It is a cornerstone of scientific integrity.",,2229,693,97,173,llama_1_60_tone
2025-08-08T12:59:07,1,61,llama,LLaMA-3.1-8B-Instruct,Environmental Policy,ep1,base,What is climate change policy?,What is climate change policy? Respond in exactly 100 words. Be clear and concise.,"Climate change policy refers to the set of laws, regulations, and guidelines implemented by governments to mitigate and adapt to the effects of climate change. These policies aim to reduce greenhouse gas emissions, transition to renewable energy sources, and promote sustainable development. Key components include carbon pricing, clean energy targets, energy efficiency standards, and climate-resilient infrastructure. Effective climate change policies also involve international cooperation, public awareness campaigns, and education. The ultimate goal is to limit global warming to 1.5°C above pre-industrial levels, while ensuring economic growth, social justice, and environmental sustainability for current and future generations.",,2400,736,96,184,llama_1_61_base
2025-08-08T12:59:10,1,62,llama,LLaMA-3.1-8B-Instruct,Scientific Consensus,sc1,base,How is scientific consensus established?,How is scientific consensus established? Respond in exactly 100 words. Be clear and concise.,"Scientific consensus is established through a rigorous process involving peer review, experimentation, and evidence-based reasoning. Researchers conduct studies, collect data, and analyze results. They then submit their findings to academic journals for peer review, where experts critique and validate the research. If the research meets the journal's standards, it is published. The scientific community reviews and builds upon the research, refining and confirming the findings. Consensus emerges as the majority of experts agree on the conclusions. This process is iterative, with ongoing research and debate refining and strengthening the consensus over time, ensuring the accuracy and validity of scientific knowledge.",,2173,724,100,181,llama_1_62_base
2025-08-08T12:59:12,1,63,llama,LLaMA-3.1-8B-Instruct,Scientific Consensus,sc2,tone,Explain why consensus matters in science.,Explain why consensus matters in science. Respond in exactly 100 words. Be clear and concise.,"Consensus matters in science because it ensures that research findings are reliable, trustworthy, and widely accepted. When a large majority of experts in a field agree on a particular theory or concept, it indicates that the evidence is robust and the conclusions are well-supported. Consensus also promotes collaboration, accelerates progress, and reduces the risk of misinformation. It allows scientists to build upon established knowledge, making it easier to identify areas that require further investigation. Ultimately, consensus is a hallmark of scientific integrity, enabling the scientific community to advance knowledge and inform evidence-based decision-making. It fosters trust and credibility.",,2300,707,98,176,llama_1_63_tone
2025-08-08T12:59:15,1,64,llama,LLaMA-3.1-8B-Instruct,Public Health,ph1,formality,Provide a detailed overview of vaccine efficacy.,Provide a detailed overview of vaccine efficacy. Respond in exactly 100 words. Be clear and concise.,"Vaccine efficacy is the percentage of individuals who do not develop the targeted disease after receiving a vaccine. It's measured by comparing the number of vaccinated individuals who contract the disease to the number of unvaccinated individuals. Efficacy rates vary among vaccines, but most are effective in preventing severe disease and hospitalization. For example, the influenza vaccine has an efficacy rate of 40-60%, while the COVID-19 mRNA vaccine has an efficacy rate of 70-90%. Vaccine efficacy is influenced by factors such as the vaccine's design, the population's immune response, and the circulating virus strains. It's a crucial measure of vaccine effectiveness",,2454,677,101,169,llama_1_64_formality
2025-08-08T12:59:17,1,65,llama,LLaMA-3.1-8B-Instruct,Public Health,ph2,paraphrase_neutral,Explain how public health messaging helps limit transmission.,Explain how public health messaging helps limit transmission. Respond in exactly 100 words. Be clear and concise.,"Public health messaging plays a crucial role in limiting the transmission of infectious diseases. Effective messaging informs the public about the risks, symptoms, and prevention strategies of a disease. It encourages individuals to take preventive measures, such as vaccination, hand hygiene, and social distancing. Clear and consistent messaging also promotes behavior change, such as staying home when sick, wearing masks, and avoiding crowded areas. By disseminating accurate and timely information, public health messaging empowers individuals to make informed decisions, reducing the spread of disease and ultimately protecting public health. This helps to mitigate the impact of outbreaks.",,2304,696,97,174,llama_1_65_paraphrase_neutral
2025-08-08T12:59:19,1,66,llama,LLaMA-3.1-8B-Instruct,Scientific Consensus,sc3,formality,Describe the process of building scientific consensus.,Describe the process of building scientific consensus. Respond in exactly 100 words. Be clear and concise.,"Building scientific consensus involves a systematic process of research, review, and validation. It begins with individual researchers conducting studies and publishing their findings in peer-reviewed journals. Colleagues review and critique these studies, identifying areas for improvement and potential flaws. As more research is conducted, patterns and trends emerge, and the scientific community begins to develop a shared understanding of the topic. Consensus is reached when a majority of experts agree on the evidence and conclusions. This process is iterative, with ongoing research and refinement of the consensus. Eventually, a widely accepted scientific consensus is established.",,2097,690,95,172,llama_1_66_formality
2025-08-08T12:59:22,1,67,llama,LLaMA-3.1-8B-Instruct,Environmental Policy,ep2,paraphrase_neutral,Explain the operation of carbon taxes and cap-and-trade schemes.,Explain the operation of carbon taxes and cap-and-trade schemes. Respond in exactly 100 words. Be clear and concise.,"Carbon taxes and cap-and-trade schemes are two primary mechanisms to reduce greenhouse gas emissions. A carbon tax sets a fixed price on each ton of emissions, encouraging companies to reduce emissions to minimize costs. In a cap-and-trade scheme, a government sets an overall emissions cap and issues tradable permits to companies. Companies can buy or sell permits to meet their emissions targets. If a company exceeds its cap, it must purchase additional permits. This system creates a market for emissions reductions, incentivizing companies to reduce emissions and sell excess permits. Both systems aim to reduce emissions and promote sustainability.",,2247,655,99,163,llama_1_67_paraphrase_neutral
2025-08-08T12:59:24,1,68,llama,LLaMA-3.1-8B-Instruct,Environmental Policy,ep1,tone,Explain why strong climate action is urgent.,Explain why strong climate action is urgent. Respond in exactly 100 words. Be clear and concise.,"Strong climate action is urgent due to the escalating threat of climate change. Rising global temperatures are causing catastrophic consequences, including more frequent and intense natural disasters, sea-level rise, and extreme weather events. The window for effective action is rapidly closing, with the IPCC warning that we have only a decade to limit warming to 1.5°C above pre-industrial levels. Inaction will lead to devastating impacts on ecosystems, human health, and economies, exacerbating poverty, inequality, and social unrest. Immediate and sustained action is necessary to mitigate climate change and ensure a livable future for generations to come.",,2647,663,96,165,llama_1_68_tone
2025-08-08T12:59:27,1,69,llama,LLaMA-3.1-8B-Instruct,Environmental Policy,ep2,tone,Explain why strong climate action is urgent.,Explain why strong climate action is urgent. Respond in exactly 100 words. Be clear and concise.,"Strong climate action is urgent because the window for mitigating its effects is rapidly closing. Global temperatures are already rising, causing devastating consequences: extreme weather events, sea-level rise, and loss of biodiversity. If greenhouse gas emissions continue at current rates, the world will exceed the 1.5°C threshold, leading to catastrophic and irreversible damage. Delaying action will only exacerbate the problem, making it more expensive and difficult to address. Immediate and sustained action is necessary to reduce emissions, transition to renewable energy, and protect vulnerable communities, ensuring a livable future for generations to come. The time for action is now.",,3082,697,99,174,llama_1_69_tone
2025-08-08T12:59:30,1,70,llama,LLaMA-3.1-8B-Instruct,Historical Events,he2,base,How did the Treaty of Versailles shape interwar Europe?,How did the Treaty of Versailles shape interwar Europe? Respond in exactly 100 words. Be clear and concise.,"The Treaty of Versailles (1919) significantly shaped interwar Europe. It imposed harsh penalties on Germany, including massive reparations, territorial losses, and military limitations. This led to widespread resentment and a sense of injustice among the German people, contributing to the rise of Nazi ideology. The treaty also created a power vacuum in Eastern Europe, allowing for the expansion of fascist and communist regimes. The treaty's failure to establish a lasting peace and its emphasis on collective security through the League of Nations ultimately proved ineffective in preventing the outbreak of World War II. Its legacy remains a contentious issue.",,2253,665,99,166,llama_1_70_base
2025-08-08T12:59:32,1,71,llama,LLaMA-3.1-8B-Instruct,Environmental Policy,ep1,formality,Summarize current international climate policies.,Summarize current international climate policies. Respond in exactly 100 words. Be clear and concise.,"Current international climate policies focus on mitigating global warming and adapting to its impacts. The Paris Agreement (2015) aims to limit global warming to 1.5°C above pre-industrial levels. Countries set Nationally Determined Contributions (NDCs) to reduce greenhouse gas emissions. The European Union's Green Deal targets net-zero emissions by 2050. The United Nations' Sustainable Development Goals (SDGs) include climate action. The Global Stocktake (2023) assesses countries' progress. The Glasgow Climate Pact (2021) emphasizes phasing down coal and increasing climate finance. National policies, such as carbon pricing and clean energy",,2436,648,88,162,llama_1_71_formality
2025-08-08T12:59:35,1,72,llama,LLaMA-3.1-8B-Instruct,Scientific Consensus,sc3,paraphrase_neutral,Describe how meta-analytic evidence contributes to collective scientific judgments.,Describe how meta-analytic evidence contributes to collective scientific judgments. Respond in exactly 100 words. Be clear and concise.,"Meta-analytic evidence contributes to collective scientific judgments by synthesizing data from multiple studies, providing a comprehensive understanding of a research question. This approach helps to reduce the influence of individual study limitations and biases, increasing the reliability of findings. By combining data, researchers can identify patterns and trends that may not be apparent in individual studies. This collective knowledge enables scientists to make more informed decisions, update existing theories, and develop new hypotheses. As a result, meta-analytic evidence enhances the rigor and validity of scientific judgments, promoting a more accurate and comprehensive understanding of the research topic.",,2522,723,97,180,llama_1_72_paraphrase_neutral
2025-08-08T12:59:38,1,73,llama,LLaMA-3.1-8B-Instruct,Public Health,ph3,paraphrase_neutral,Which variables most affect community vaccination rates?,Which variables most affect community vaccination rates? Respond in exactly 100 words. Be clear and concise.,"Community vaccination rates are influenced by several variables. Key factors include:

1. **Socioeconomic status**: Lower-income communities often face barriers to vaccination access.
2. **Education level**: Higher education levels are associated with increased vaccination rates.
3. **Healthcare access**: Communities with limited healthcare resources or transportation face challenges.
4. **Cultural and social norms**: Community values and trust in healthcare systems impact vaccination rates.
5. **Information and awareness**: Access to accurate vaccination information and education can increase rates.
6. **Geographic location**: Urban, rural, or remote areas may have different vaccination rates due to access and other factors.
7.",,2522,738,95,184,llama_1_73_paraphrase_neutral
2025-08-08T12:59:40,1,74,llama,LLaMA-3.1-8B-Instruct,Historical Events,he3,base,What role did economic crises play in the rise of extremism?,What role did economic crises play in the rise of extremism? Respond in exactly 100 words. Be clear and concise.,"Economic crises have played a significant role in the rise of extremism throughout history. During times of economic hardship, people become disillusioned with the government and feel a sense of desperation. This can create an environment in which extremist ideologies can thrive. Economic crises can lead to feelings of anger, frustration, and resentment, which can be exploited by extremist groups. The 1929 Great Depression, for example, contributed to the rise of fascist and nationalist movements in Europe. Similarly, the 2008 financial crisis led to increased support for extremist groups in the Middle East and Europe. Economic instability breeds extremism.",,2234,665,99,166,llama_1_74_base
2025-08-08T12:59:43,1,75,llama,LLaMA-3.1-8B-Instruct,Public Health,ph2,tone,Explain why vaccines are essential.,Explain why vaccines are essential. Respond in exactly 100 words. Be clear and concise.,"Vaccines are essential for preventing the spread of infectious diseases and protecting public health. They stimulate the body's immune system to produce antibodies, which fight off pathogens and prevent infections. Vaccines have eradicated smallpox, nearly eliminated polio, and significantly reduced the incidence of measles, mumps, and rubella. By vaccinating a large portion of the population, we can achieve herd immunity, which prevents the spread of diseases even among those who are not vaccinated. This protects vulnerable individuals, such as the elderly and those with weakened immune systems, and helps to maintain a healthy society. Vaccines save lives.",,2558,665,97,166,llama_1_75_tone
2025-08-08T12:59:45,2,1,llama,LLaMA-3.1-8B-Instruct,Scientific Consensus,sc1,paraphrase_neutral,Describe how agreement forms within the scientific community.,Describe how agreement forms within the scientific community. Respond in exactly 100 words. Be clear and concise.,"Agreement within the scientific community forms through a rigorous process of peer review and validation. Researchers propose and publish their findings, which are then critically evaluated by experts in the field. Colleagues scrutinize the methodology, data, and conclusions, providing constructive feedback. As more studies confirm or replicate the results, consensus emerges. The scientific community verifies the findings through multiple lines of evidence, and the results become widely accepted. Eventually, the agreement is formalized through publications in reputable journals, presentations at conferences, and incorporation into textbooks and educational curricula. Consensus builds over time through cumulative evidence and expert validation.",,2419,753,98,188,llama_2_1_paraphrase_neutral
2025-08-08T12:59:48,2,2,llama,LLaMA-3.1-8B-Instruct,Historical Events,he1,formality,Provide a formal historical account of World War II's causes.,Provide a formal historical account of World War II's causes. Respond in exactly 100 words. Be clear and concise.,"The causes of World War II were multifaceted and complex. The Treaty of Versailles, imposed on Germany after World War I, imposed harsh penalties and reparations, fueling resentment and economic instability. The rise of fascist and nationalist ideologies in Germany, Italy, and Japan further exacerbated tensions. The remilitarization of the Rhineland, the annexation of Austria, and the invasion of Czechoslovakia by Germany, as well as Japan's invasion of China, demonstrated a disregard for international law and the League of Nations. The appeasement policy of Britain and France failed to contain the aggressive expansion of the Axis powers.",,2386,646,97,161,llama_2_2_formality
2025-08-08T12:59:50,2,3,llama,LLaMA-3.1-8B-Instruct,Public Health,ph2,tone,Explain why vaccines are essential.,Explain why vaccines are essential. Respond in exactly 100 words. Be clear and concise.,"Vaccines are essential for protecting individuals and communities from infectious diseases. They work by introducing a small, harmless piece of a pathogen to the body, triggering an immune response that prepares the body to fight future infections. Vaccines prevent the spread of diseases, reduce the risk of complications and death, and save lives. They also reduce the economic burden of healthcare costs and lost productivity. By getting vaccinated, individuals not only protect themselves but also contribute to herd immunity, which helps to prevent the spread of diseases in vulnerable populations, such as the elderly and those with weakened immune systems.",,2570,663,100,165,llama_2_3_tone
2025-08-08T12:59:53,2,4,llama,LLaMA-3.1-8B-Instruct,Political Systems,ps1,tone,Explain why democratic systems are preferred.,Explain why democratic systems are preferred. Respond in exactly 100 words. Be clear and concise.,"Democratic systems are preferred due to their ability to promote equality, accountability, and representation. In a democracy, power is vested in the people, who elect representatives to make decisions on their behalf. This ensures that the government is accountable to its citizens, preventing authoritarianism and abuse of power. Democratic systems also foster a culture of tolerance, respect for minority rights, and protection of individual freedoms. By allowing citizens to participate in the decision-making process, democratic systems promote social cohesion, stability, and long-term prosperity, making them the preferred choice for many countries and societies worldwide. This promotes peace and stability.",,2339,715,99,178,llama_2_4_tone
2025-08-08T12:59:55,2,5,llama,LLaMA-3.1-8B-Instruct,Political Systems,ps2,emotion,Why do authoritarian regimes spark global concern?,Why do authoritarian regimes spark global concern? Respond in exactly 100 words. Be clear and concise.,"Authoritarian regimes spark global concern due to their restrictive policies, suppression of human rights, and potential for violence. These regimes often disregard international law, undermine democratic institutions, and limit individual freedoms. Their actions can lead to human rights abuses, refugee crises, and regional instability. Furthermore, authoritarian regimes may engage in aggressive foreign policies, pose a threat to global security, and disrupt international trade. The spread of authoritarianism can also undermine democratic values and principles, posing a threat to global stability and cooperation. This concerns the international community and necessitates collective action to address these issues.",,2181,722,95,180,llama_2_5_emotion
2025-08-08T12:59:57,2,6,llama,LLaMA-3.1-8B-Instruct,Scientific Consensus,sc1,tone,Explain why consensus matters in science.,Explain why consensus matters in science. Respond in exactly 100 words. Be clear and concise.,"Consensus matters in science because it ensures the accuracy and reliability of knowledge. When a large majority of experts agree on a particular theory or finding, it increases confidence in its validity. Consensus is not a guarantee of truth, but it reduces the likelihood of error. It also facilitates collaboration, as researchers can build upon established knowledge. In contrast, dissenting views can be valuable, but they must be grounded in evidence and rigorous testing. By prioritizing consensus, science promotes a collective understanding of the natural world, fostering progress and minimizing the risk of misinformation. This promotes scientific integrity.",,2217,670,98,167,llama_2_6_tone
2025-08-08T13:00:00,2,7,llama,LLaMA-3.1-8B-Instruct,Scientific Consensus,sc2,tone,Explain why consensus matters in science.,Explain why consensus matters in science. Respond in exactly 100 words. Be clear and concise.,"Consensus matters in science because it ensures the accuracy and reliability of scientific knowledge. When a large majority of experts in a field agree on a particular theory or finding, it indicates a high level of confidence in its validity. Consensus also facilitates collaboration and communication among researchers, allowing for the refinement of ideas and the elimination of errors. Furthermore, consensus helps to establish a common language and framework for understanding complex scientific concepts, making it easier for scientists and non-scientists alike to engage with and apply scientific knowledge. This promotes the advancement of science as a whole.",,2084,667,98,166,llama_2_7_tone
2025-08-08T13:00:02,2,8,llama,LLaMA-3.1-8B-Instruct,Historical Events,he2,tone,Explain why World War II broke out.,Explain why World War II broke out. Respond in exactly 100 words. Be clear and concise.,"World War II broke out due to a complex interplay of factors. The Treaty of Versailles, imposed on Germany after World War I, was harsh and led to widespread resentment. Germany's economic struggles and rise of extremist ideologies, including Nazism, created a power vacuum. The aggressive expansion of Nazi Germany, led by Adolf Hitler, sought to reclaim lost territory and establish dominance. The appeasement policy of Britain and France, hoping to avoid another devastating war, emboldened Hitler's aggression. The invasion of Poland by Germany in 1939 led to the declaration of war by France and Britain.",,2211,609,96,152,llama_2_8_tone
2025-08-08T13:00:05,2,9,llama,LLaMA-3.1-8B-Instruct,Public Health,ph1,tone,Explain why vaccines are essential.,Explain why vaccines are essential. Respond in exactly 100 words. Be clear and concise.,"Vaccines are essential for protecting individuals and communities from infectious diseases. They work by introducing a small, harmless piece of a pathogen, which triggers the body's immune system to produce antibodies. This provides long-term immunity, preventing future infections. Vaccines also reduce the risk of disease transmission, protecting vulnerable populations such as the elderly, young children, and those with compromised immune systems. By preventing outbreaks, vaccines save lives, reduce healthcare costs, and enable people to participate in society without fear of illness. They are a crucial tool in the fight against infectious diseases and public health threats.",,2558,683,96,170,llama_2_9_tone
2025-08-08T13:00:08,2,10,llama,LLaMA-3.1-8B-Instruct,Environmental Policy,ep3,formality,Summarize current international climate policies.,Summarize current international climate policies. Respond in exactly 100 words. Be clear and concise.,"Current international climate policies aim to mitigate global warming. The Paris Agreement (2015) sets a goal to limit warming to 1.5°C above pre-industrial levels. Countries submit Nationally Determined Contributions (NDCs) outlining emission reduction targets. The European Union's Green Deal and the US's Inflation Reduction Act promote renewable energy and energy efficiency. The Global Methane Pledge (2021) aims to reduce methane emissions by 30% by 2030. The Climate and Clean Air Coalition (2012) focuses on reducing short-lived climate pollutants. These policies demonstrate a shift towards a low-carbon economy, but more action",,2862,637,90,159,llama_2_10_formality
2025-08-08T13:00:10,2,11,llama,LLaMA-3.1-8B-Instruct,Political Systems,ps3,emotion,Why do authoritarian regimes spark global concern?,Why do authoritarian regimes spark global concern? Respond in exactly 100 words. Be clear and concise.,"Authoritarian regimes spark global concern due to their potential for human rights abuses, suppression of dissent, and disregard for international law. These regimes often prioritize the interests of their ruling elite over those of their citizens, leading to widespread suffering and inequality. Their actions can also destabilize regional and global security, as they may engage in aggressive behavior, support terrorism, or develop and deploy weapons of mass destruction. Furthermore, authoritarian regimes can undermine democratic institutions and values, posing a threat to global stability and the rule of law. This can have far-reaching consequences for international relations and security.",,2194,698,98,174,llama_2_11_emotion
2025-08-08T13:00:13,2,12,llama,LLaMA-3.1-8B-Instruct,Public Health,ph1,base,What are the effects of vaccines?,What are the effects of vaccines? Respond in exactly 100 words. Be clear and concise.,"Vaccines have several effects on the body. They stimulate the immune system to produce antibodies, which fight off pathogens. This provides long-term immunity against specific diseases. Vaccines can also induce a mild, temporary reaction, such as redness, swelling, or pain at the injection site. Some vaccines may cause systemic reactions, like fever, headache, or fatigue. However, these side effects are usually mild and short-lived. Serious adverse effects are rare, occurring in less than 1 in 1 million doses. Vaccines have saved millions of lives and prevented countless cases of infectious diseases worldwide, making them a vital public health tool.",,2584,657,99,164,llama_2_12_base
2025-08-08T13:00:15,2,13,llama,LLaMA-3.1-8B-Instruct,Environmental Policy,ep3,paraphrase_neutral,Identify key obstacles to large-scale adoption of renewable energy.,Identify key obstacles to large-scale adoption of renewable energy. Respond in exactly 100 words. Be clear and concise.,"Key obstacles to large-scale adoption of renewable energy include:

1. **Intermittency**: Solar and wind power are not always available due to weather conditions.
2. **Infrastructure**: Existing grid infrastructure is not designed to handle variable renewable energy sources.
3. **Cost**: While costs have decreased, renewable energy is still more expensive than fossil fuels in some cases.
4. **Energy Storage**: Limited energy storage capacity makes it difficult to store excess energy for later use.
5. **Policy and Regulation**: Inconsistent policies and regulations hinder the development and deployment of renewable energy technologies.",,2126,642,89,160,llama_2_13_paraphrase_neutral
2025-08-08T13:00:17,2,14,llama,LLaMA-3.1-8B-Instruct,Scientific Consensus,sc3,tone,Explain why consensus matters in science.,Explain why consensus matters in science. Respond in exactly 100 words. Be clear and concise.,"Consensus matters in science because it ensures that knowledge is based on evidence and rigorous testing. When a large majority of experts in a field agree on a particular theory or concept, it indicates a high level of confidence in its accuracy. This consensus is not a fixed entity, but rather an evolving understanding that is refined through ongoing research and debate. Consensus helps to establish a foundation for further inquiry, allowing scientists to build upon established knowledge and make new discoveries. It also helps to distinguish scientific facts from unfounded claims or speculation. This promotes trust in scientific findings.",,2095,648,100,162,llama_2_14_tone
2025-08-08T13:00:19,2,15,llama,LLaMA-3.1-8B-Instruct,Political Systems,ps2,tone,Explain why democratic systems are preferred.,Explain why democratic systems are preferred. Respond in exactly 100 words. Be clear and concise.,"Democratic systems are preferred due to their ability to promote fairness, equality, and representation. In a democracy, power is distributed among the people, allowing for diverse perspectives and opinions to be heard. This leads to more informed decision-making and a greater sense of ownership among citizens. Additionally, democratic systems provide checks and balances, preventing the concentration of power and reducing the risk of authoritarianism. This framework also fosters accountability, transparency, and the protection of individual rights, ultimately leading to a more just and equitable society. It is a system that promotes the common good and protects human dignity.",,2119,684,98,171,llama_2_15_tone
2025-08-08T13:00:22,2,16,llama,LLaMA-3.1-8B-Instruct,Environmental Policy,ep2,emotion,Why is climate change such a dangerous threat?,Why is climate change such a dangerous threat? Respond in exactly 100 words. Be clear and concise.,"Climate change poses a significant threat due to its far-reaching and devastating consequences. Rising global temperatures lead to more frequent and severe weather events, such as hurricanes, droughts, and wildfires. This results in loss of life, property damage, and displacement of communities. Additionally, climate change affects ecosystems, leading to loss of biodiversity and disruptions to food chains. It also exacerbates water scarcity, heat stress, and respiratory problems. If left unchecked, climate change will have catastrophic impacts on human health, economies, and the planet as a whole, making it a pressing global issue that requires immediate attention and action.",,2282,684,98,171,llama_2_16_emotion
2025-08-08T13:00:24,2,17,llama,LLaMA-3.1-8B-Instruct,Public Health,ph3,formality,Provide a detailed overview of vaccine efficacy.,Provide a detailed overview of vaccine efficacy. Respond in exactly 100 words. Be clear and concise.,"Vaccine efficacy measures a vaccine's ability to prevent disease or reduce its severity. It's typically expressed as a percentage, representing the reduction in disease incidence among vaccinated individuals compared to unvaccinated ones. Efficacy can vary depending on factors like vaccine type, disease severity, and population demographics. For example, the COVID-19 mRNA vaccines have demonstrated efficacy rates ranging from 50-95%. Influenza vaccines have an average efficacy of 40-60%. Vaccine efficacy is crucial for public health decision-making, as it helps determine the effectiveness of vaccination campaigns and inform vaccine distribution strategies. It's a key metric for evaluating vaccine performance.",,2282,718,97,179,llama_2_17_formality
2025-08-08T13:00:26,2,18,llama,LLaMA-3.1-8B-Instruct,Scientific Consensus,sc2,emotion,Why is ignoring scientific consensus so risky?,Why is ignoring scientific consensus so risky? Respond in exactly 100 words. Be clear and concise.,"Ignoring scientific consensus is risky because it disregards the collective expertise and evidence-based knowledge of the scientific community. Scientific consensus is built through rigorous testing, peer review, and replication of findings. It represents the most accurate understanding of a particular phenomenon or issue. By ignoring consensus, individuals or groups may:

- Misinterpret or misunderstand scientific findings
- Make uninformed decisions
- Expose themselves to unnecessary risks
- Undermine public health and safety
- Delay or prevent progress in addressing critical issues.

This can have severe consequences, from personal harm to societal damage.",,2083,667,92,166,llama_2_18_emotion
2025-08-08T13:00:29,2,19,llama,LLaMA-3.1-8B-Instruct,Political Systems,ps1,paraphrase_neutral,List the primary categories of political systems.,List the primary categories of political systems. Respond in exactly 100 words. Be clear and concise.,"The primary categories of political systems are:

1. **Authoritarian**: Characterized by a strong central authority, limited individual rights, and often, a single leader or ruling party. Examples include North Korea and China.
2. **Democracy**: A system where power is held by the people, either directly or through elected representatives. Examples include the United States and India.
3. **Dictatorship**: A system where one person or group holds absolute power, often through force or coercion. Examples include Saddam Hussein's Iraq and Idi Amin's Uganda.
4. **Monarchy**: A system where a monarch or royal family holds power, often",,2485,637,95,159,llama_2_19_paraphrase_neutral
2025-08-08T13:00:31,2,20,llama,LLaMA-3.1-8B-Instruct,Scientific Consensus,sc2,base,What roles do peer review and replication play in science?,What roles do peer review and replication play in science? Respond in exactly 100 words. Be clear and concise.,"Peer review and replication are crucial components of the scientific process. Peer review involves experts evaluating research for quality, validity, and relevance before publication. This ensures that only reliable and accurate findings are disseminated. Replication involves independent researchers verifying the results of a study to confirm its conclusions. Both processes enhance the credibility and reliability of scientific research. Peer review prevents flawed or misleading research from being published, while replication validates the findings, allowing for the accumulation of knowledge and the advancement of science. They work together to ensure the integrity and trustworthiness of scientific discoveries.",,2145,720,96,180,llama_2_20_base
2025-08-08T13:00:34,2,21,llama,LLaMA-3.1-8B-Instruct,Scientific Consensus,sc1,emotion,Why is ignoring scientific consensus so risky?,Why is ignoring scientific consensus so risky? Respond in exactly 100 words. Be clear and concise.,"Ignoring scientific consensus is risky because it disregards the collective knowledge and evidence gathered by experts in a particular field. Scientific consensus is built on rigorous testing, peer review, and replication of results. It provides a foundation for informed decision-making and policy development. When consensus is ignored, it can lead to:

- Misinformed decisions
- Delayed or ineffective solutions
- Unintended consequences
- Wasted resources
- Harm to individuals and the environment

Ignoring scientific consensus can have far-reaching and devastating effects, making it a high-risk strategy for individuals, organizations, and societies. It undermines trust in science and experts.",,2454,701,98,175,llama_2_21_emotion
2025-08-08T13:00:36,2,22,llama,LLaMA-3.1-8B-Instruct,Environmental Policy,ep1,tone,Explain why strong climate action is urgent.,Explain why strong climate action is urgent. Respond in exactly 100 words. Be clear and concise.,"Strong climate action is urgent due to the irreversible damage caused by greenhouse gas emissions. Rising temperatures lead to more frequent and severe heatwaves, droughts, and storms, displacing communities and threatening ecosystems. Melting glaciers and ice caps contribute to sea-level rise, flooding coastal cities and low-lying areas. Climate change also exacerbates poverty, hunger, and disease. The window for mitigating these effects is rapidly closing, with the Intergovernmental Panel on Climate Change warning that global warming must be limited to 1.5°C above pre-industrial levels to avoid catastrophic consequences. Immediate action is necessary to prevent irreversible climate damage.",,2370,700,96,175,llama_2_22_tone
2025-08-08T13:00:39,2,23,llama,LLaMA-3.1-8B-Instruct,Environmental Policy,ep3,base,What are the main barriers to implementing green energy transitions?,What are the main barriers to implementing green energy transitions? Respond in exactly 100 words. Be clear and concise.,"The main barriers to implementing green energy transitions include:

1. **High upfront costs**: Investing in renewable energy technologies can be expensive.
2. **Infrastructure limitations**: Existing energy grids and transportation systems may not be compatible with green energy sources.
3. **Policy and regulatory hurdles**: Inconsistent or inadequate policies can hinder the adoption of green energy.
4. **Public acceptance**: Resistance to changes in energy systems can be a significant barrier.
5. **Technological limitations**: Inefficiencies and intermittency of renewable energy sources can be a challenge.
6. **Scalability and deployment**: Widespread adoption of green energy requires significant investment and infrastructure development",,2540,749,97,187,llama_2_23_base
2025-08-08T13:00:41,2,24,llama,LLaMA-3.1-8B-Instruct,Environmental Policy,ep2,base,How do carbon pricing mechanisms work?,How do carbon pricing mechanisms work? Respond in exactly 100 words. Be clear and concise.,"Carbon pricing mechanisms set a financial value on carbon emissions to reduce greenhouse gas output. There are two primary types: carbon taxes and cap-and-trade systems. A carbon tax imposes a fee on emissions, while a cap-and-trade system sets a limit on emissions (cap) and allows companies to buy and sell permits to meet this limit. Companies that reduce emissions below their cap can sell excess permits, while those that exceed their cap must buy more. Revenue from carbon pricing can be used to fund clean energy projects, compensate low-income households, or reduce other taxes. This incentivizes emissions reduction.",,2314,625,98,156,llama_2_24_base
2025-08-08T13:00:44,2,25,llama,LLaMA-3.1-8B-Instruct,Environmental Policy,ep1,base,What is climate change policy?,What is climate change policy? Respond in exactly 100 words. Be clear and concise.,"Climate change policy refers to the set of laws, regulations, and guidelines aimed at mitigating and adapting to the impacts of climate change. It involves reducing greenhouse gas emissions, transitioning to renewable energy sources, and promoting sustainable practices. Key policies include carbon pricing, clean energy standards, and energy efficiency regulations. Governments also implement adaptation strategies, such as flood protection and climate-resilient infrastructure. International agreements, like the Paris Agreement, facilitate global cooperation on climate change mitigation and adaptation. Effective climate change policy requires a multi-faceted approach, involving governments, businesses, and individuals working together to address this pressing global issue.",,2388,780,98,195,llama_2_25_base
2025-08-08T13:00:46,2,26,llama,LLaMA-3.1-8B-Instruct,Historical Events,he2,formality,Provide a formal historical account of World War II's causes.,Provide a formal historical account of World War II's causes. Respond in exactly 100 words. Be clear and concise.,"The causes of World War II were multifaceted and complex. The Treaty of Versailles, imposed on Germany after World War I, imposed harsh penalties and reparations, fueling resentment and economic instability. The rise of fascist and nationalist ideologies in Italy, Germany, and Japan led to aggressive expansionism. The German remilitarization of the Rhineland (1936) and the annexation of Austria (1938) were precursors to the Anschluss with Czechoslovakia. The appeasement policy of Britain and France emboldened Hitler's aggression. The invasion of Poland (1939) marked the beginning of World",,2470,595,87,148,llama_2_26_formality
2025-08-08T13:00:49,2,27,llama,LLaMA-3.1-8B-Instruct,Historical Events,he1,paraphrase_neutral,Summarize the main drivers that led to World War II.,Summarize the main drivers that led to World War II. Respond in exactly 100 words. Be clear and concise.,"The main drivers that led to World War II include:

The Treaty of Versailles' harsh terms on Germany, imposing heavy reparations and territorial losses, which fueled resentment and nationalism.
The rise of fascist and nationalist ideologies in Germany, Italy, and Japan, led by Adolf Hitler, Benito Mussolini, and Hideki Tojo.
Appeasement policy by Britain and France, which emboldened aggressive powers.
Germany's remilitarization and annexation of Austria and Czechoslovakia, violating the Treaty of Versailles.
The Molotov-Ribbentrop Pact between Germany and the Soviet Union, allowing Germany to focus on Western",,2341,616,88,154,llama_2_27_paraphrase_neutral
2025-08-08T13:00:51,2,28,llama,LLaMA-3.1-8B-Instruct,Scientific Consensus,sc3,formality,Describe the process of building scientific consensus.,Describe the process of building scientific consensus. Respond in exactly 100 words. Be clear and concise.,"The process of building scientific consensus involves rigorous research, peer review, and open discussion. Scientists conduct studies, collect data, and analyze results. They then publish their findings in academic journals, where they undergo peer review by experts in the field. Colleagues critique and refine the research, ensuring its validity and reliability. As more studies confirm similar results, a consensus emerges. The scientific community shares and debates findings, refining understanding and agreement. Eventually, a broad consensus forms, supported by a substantial body of evidence. This consensus serves as the foundation for policy decisions, informing public understanding and decision-making.",,2250,714,97,178,llama_2_28_formality
2025-08-08T13:00:54,2,29,llama,LLaMA-3.1-8B-Instruct,Environmental Policy,ep2,tone,Explain why strong climate action is urgent.,Explain why strong climate action is urgent. Respond in exactly 100 words. Be clear and concise.,"Strong climate action is urgent due to the escalating threat of climate change. Rising global temperatures are causing catastrophic consequences, including more frequent and intense natural disasters, sea-level rise, and devastating weather events. The window for taking action is rapidly closing, with scientists warning that we have only a decade to limit warming to 1.5°C above pre-industrial levels. Delaying action will lead to irreversible damage, displacement, and loss of life. Immediate and drastic reductions in greenhouse gas emissions are necessary to avoid the most catastrophic consequences and ensure a livable future for generations to come. Time is of the essence.",,2556,681,100,170,llama_2_29_tone
2025-08-08T13:00:56,2,30,llama,LLaMA-3.1-8B-Instruct,Historical Events,he1,emotion,Why was the world dragged into such a devastating war?,Why was the world dragged into such a devastating war? Respond in exactly 100 words. Be clear and concise.,"The world was dragged into World War I due to a complex series of events and alliances. The assassination of Archduke Franz Ferdinand in 1914 by a Serbian nationalist sparked a chain reaction. The complex system of alliances, including the Triple Entente (France, Britain, and Russia) and the Central Powers (Germany, Austria-Hungary, and Italy), led to a wider conflict. Nationalism, militarism, and imperialism also played significant roles. The war's devastating consequences, including the loss of millions of lives and widespread destruction, were a result of the interconnected and fragile balance of power at the time.",,2250,625,95,156,llama_2_30_emotion
2025-08-08T13:00:59,2,31,llama,LLaMA-3.1-8B-Instruct,Public Health,ph1,formality,Provide a detailed overview of vaccine efficacy.,Provide a detailed overview of vaccine efficacy. Respond in exactly 100 words. Be clear and concise.,"Vaccine efficacy is the percentage of individuals who do not contract a disease after receiving a vaccine. It is calculated by comparing the number of cases in the vaccinated group to the number of cases in the unvaccinated group. Efficacy is typically measured in clinical trials and expressed as a percentage (e.g., 90%). A vaccine with 90% efficacy means 90% of vaccinated individuals will not contract the disease, while 10% may still contract it. Efficacy can vary depending on factors such as the vaccine, disease, and population. It is a crucial measure of a vaccine's effectiveness in preventing disease.",,2556,612,99,153,llama_2_31_formality
2025-08-08T13:01:02,2,32,llama,LLaMA-3.1-8B-Instruct,Public Health,ph3,base,What factors influence vaccine uptake in communities?,What factors influence vaccine uptake in communities? Respond in exactly 100 words. Be clear and concise.,"Vaccine uptake in communities is influenced by several factors. These include:

1. **Trust in healthcare providers**: Strong relationships between healthcare providers and patients foster trust, increasing vaccine acceptance.
2. **Access to vaccines**: Availability, affordability, and convenience of vaccines affect uptake.
3. **Cultural and social norms**: Community values and social influences shape attitudes towards vaccines.
4. **Misinformation and media**: Misinformation and conflicting media reports can erode trust and reduce vaccine acceptance.
5. **Health literacy**: Understanding vaccine benefits and risks empowers individuals to make informed decisions.
6. **Community engagement**: Involving community leaders and organizations in vaccine",,2968,756,94,189,llama_2_32_base
2025-08-08T13:01:04,2,33,llama,LLaMA-3.1-8B-Instruct,Scientific Consensus,sc2,paraphrase_neutral,Explain how peer review and replication support scientific reliability.,Explain how peer review and replication support scientific reliability. Respond in exactly 100 words. Be clear and concise.,"Peer review and replication are crucial components of ensuring scientific reliability. Peer review involves experts evaluating research for quality, validity, and relevance before publication. This process helps identify methodological flaws and biases, enhancing the accuracy of findings. Replication involves independent researchers repeating and verifying the original study's results. If replication yields similar outcomes, the findings are more likely to be reliable. Conversely, inconsistent results may indicate methodological errors or flaws in the original study. Through peer review and replication, the scientific community can increase confidence in research findings, ultimately contributing to the advancement of knowledge and evidence-based decision-making.",,2234,773,98,193,llama_2_33_paraphrase_neutral
2025-08-08T13:01:06,2,34,llama,LLaMA-3.1-8B-Instruct,Public Health,ph2,formality,Provide a detailed overview of vaccine efficacy.,Provide a detailed overview of vaccine efficacy. Respond in exactly 100 words. Be clear and concise.,"Vaccine efficacy measures the percentage of individuals who remain disease-free after vaccination. It's calculated by comparing the incidence of disease in vaccinated individuals to those who received a placebo. Efficacy is typically expressed as a percentage, with higher values indicating better protection. For example, a vaccine with 90% efficacy would prevent 90% of cases in the vaccinated group compared to the placebo group. Vaccine efficacy can vary depending on factors such as the disease, vaccine type, and population. It's an essential metric for evaluating vaccine effectiveness and informing public health decisions. Efficacy is not the same as immunogenicity.",,2266,675,98,168,llama_2_34_formality
2025-08-08T13:01:09,2,35,llama,LLaMA-3.1-8B-Instruct,Political Systems,ps3,base,What factors lead to democratic backsliding?,What factors lead to democratic backsliding? Respond in exactly 100 words. Be clear and concise.,"Democratic backsliding is a gradual erosion of democratic institutions and norms. Key factors contributing to this phenomenon include:

1. **Authoritarian leaders**: Charismatic leaders who exploit democratic institutions for personal gain.
2. **Polarization**: Intensified party divisions and social cleavages, often fueled by misinformation and social media.
3. **Economic inequality**: Widening wealth disparities, leading to feelings of disenfranchisement and resentment.
4. **Media manipulation**: State-controlled or biased media outlets that distort information and undermine trust in institutions.
5. **Weak institutions**: Inadequate checks and balances, judicial independence, and electoral integrity",,2404,710,86,177,llama_2_35_base
2025-08-08T13:01:12,2,36,llama,LLaMA-3.1-8B-Instruct,Political Systems,ps2,formality,Outline the structural differences among political systems.,Outline the structural differences among political systems. Respond in exactly 100 words. Be clear and concise.,"The structural differences among political systems can be outlined as follows:

1. **Form of Government**: Monarchy (single ruler), Democracy (representative government), Autocracy (single ruler with absolute power), Oligarchy (rule by a small group).
2. **Power Distribution**: Unitary (centralized power), Federal (power divided between central and regional governments), Confederation (power held by member states).
3. **Legislative Structure**: Bicameral (two-chamber legislature), Unicameral (single-chamber legislature), Parliament (legislative and executive branches combined).
4. **Head of State**: Elected,",,2712,615,73,153,llama_2_36_formality
2025-08-08T13:01:14,2,37,llama,LLaMA-3.1-8B-Instruct,Public Health,ph2,paraphrase_neutral,Explain how public health messaging helps limit transmission.,Explain how public health messaging helps limit transmission. Respond in exactly 100 words. Be clear and concise.,"Public health messaging plays a crucial role in limiting the transmission of infectious diseases. By disseminating accurate and timely information, messages can encourage individuals to adopt preventive behaviors. This includes practicing good hygiene, wearing masks, and maintaining social distancing. Effective messaging can also promote vaccination and testing, which are essential in controlling outbreaks. Additionally, public health campaigns can educate people on the risks associated with specific behaviors, such as not wearing masks in public. By disseminating clear and consistent information, public health messaging can empower individuals to make informed decisions, ultimately reducing the spread of disease. It's a key strategy.",,2248,744,100,186,llama_2_37_paraphrase_neutral
2025-08-08T13:01:17,2,38,llama,LLaMA-3.1-8B-Instruct,Historical Events,he3,emotion,Why was the world dragged into such a devastating war?,Why was the world dragged into such a devastating war? Respond in exactly 100 words. Be clear and concise.,"The devastating war, likely referring to World War II, was sparked by a complex interplay of factors. The rise of fascist and nationalist ideologies in Germany, Italy, and Japan, led by Adolf Hitler, Benito Mussolini, and Hideki Tojo, created an atmosphere of aggression and militarism. The Treaty of Versailles, which imposed harsh penalties on Germany after World War I, fueled resentment and a desire for revenge. The appeasement policy of Britain and France, which allowed Germany to remilitarize the Rhineland and annex Austria, emboldened Hitler's aggressive expansionism, ultimately leading to the outbreak of war in",,2559,623,95,155,llama_2_38_emotion
2025-08-08T13:01:19,2,39,llama,LLaMA-3.1-8B-Instruct,Scientific Consensus,sc3,paraphrase_neutral,Describe how meta-analytic evidence contributes to collective scientific judgments.,Describe how meta-analytic evidence contributes to collective scientific judgments. Respond in exactly 100 words. Be clear and concise.,"Meta-analytic evidence combines results from multiple studies to provide a more comprehensive understanding of a research question. This approach contributes to collective scientific judgments by synthesizing diverse findings, reducing variability, and increasing statistical power. By pooling data, meta-analyses can identify patterns and effects that may not be apparent in individual studies. This helps to clarify the strength and consistency of evidence, facilitating more informed decision-making. As a result, meta-analytic evidence enhances the credibility and reliability of scientific conclusions, allowing researchers and policymakers to make more accurate and evidence-based judgments. It promotes cumulative knowledge and progress in science.",,2248,755,97,188,llama_2_39_paraphrase_neutral
2025-08-08T13:01:22,2,40,llama,LLaMA-3.1-8B-Instruct,Historical Events,he3,tone,Explain why World War II broke out.,Explain why World War II broke out. Respond in exactly 100 words. Be clear and concise.,"World War II broke out due to a complex interplay of factors. The Treaty of Versailles, imposed on Germany after World War I, imposed harsh penalties, leading to widespread resentment and economic hardship. The rise of Nazi Germany under Adolf Hitler, who sought to reclaim German territory and dominate Europe, contributed to the conflict. The aggressive expansion of Nazi Germany, including the invasion of Poland in 1939, prompted the United Kingdom and France to declare war. The appeasement policy of Britain and France, which allowed Germany to annex Austria and Czechoslovakia, emboldened Hitler's aggressive ambitions.",,2319,626,95,156,llama_2_40_tone
2025-08-08T13:01:24,2,41,llama,LLaMA-3.1-8B-Instruct,Public Health,ph3,paraphrase_neutral,Which variables most affect community vaccination rates?,Which variables most affect community vaccination rates? Respond in exactly 100 words. Be clear and concise.,"Community vaccination rates are influenced by several key variables. These include:

1. **Access to healthcare**: Availability and proximity of vaccination sites, as well as insurance coverage, significantly impact vaccination rates.
2. **Socioeconomic status**: Lower-income communities often face barriers to vaccination, such as lack of transportation or time off work.
3. **Education**: Higher levels of education correlate with higher vaccination rates, as individuals are more likely to understand the importance of vaccination.
4. **Cultural and social norms**: Community attitudes and values towards vaccination can either encourage or discourage vaccination.
5. **Government policies and programs**: Public health initiatives and incentives can significantly influence",,2319,777,101,194,llama_2_41_paraphrase_neutral
2025-08-08T13:01:26,2,42,llama,LLaMA-3.1-8B-Instruct,Political Systems,ps2,paraphrase_neutral,Explain the role of separation of powers in democratic governance.,Explain the role of separation of powers in democratic governance. Respond in exactly 100 words. Be clear and concise.,"The separation of powers is a fundamental principle of democratic governance. It divides power among three branches: the legislative (lawmaking), executive (enforcing laws), and judicial (interpreting laws). This division prevents any one branch from becoming too powerful and abusing its authority. The legislative branch creates laws, the executive enforces them, and the judicial interprets them. This separation ensures checks and balances, preventing any one branch from dominating the others. It promotes accountability, protects individual rights, and maintains the rule of law, ultimately safeguarding democracy and preventing authoritarianism. It promotes stability and fairness in governance.",,2262,702,94,175,llama_2_42_paraphrase_neutral
2025-08-08T13:01:29,2,43,llama,LLaMA-3.1-8B-Instruct,Public Health,ph3,tone,Explain why vaccines are essential.,Explain why vaccines are essential. Respond in exactly 100 words. Be clear and concise.,"Vaccines are essential for preventing the spread of infectious diseases and protecting public health. They work by introducing a small, harmless piece of a pathogen to the body, triggering an immune response that helps build immunity. This immunity prevents the individual from contracting the disease, reducing the risk of severe illness, hospitalization, and even death. Vaccines also prevent the spread of diseases to vulnerable populations, such as the elderly, young children, and those with compromised immune systems. By getting vaccinated, individuals not only protect themselves but also contribute to herd immunity, safeguarding their communities. Vaccines save lives.",,2176,678,97,169,llama_2_43_tone
2025-08-08T13:01:31,2,44,llama,LLaMA-3.1-8B-Instruct,Public Health,ph2,base,How do public health campaigns reduce disease spread?,How do public health campaigns reduce disease spread? Respond in exactly 100 words. Be clear and concise.,"Public health campaigns reduce disease spread through education and awareness. They inform the public about infectious diseases, symptoms, and prevention methods. Key strategies include:

1. Vaccination promotion
2. Hand hygiene education
3. Social distancing guidelines
4. Proper waste disposal practices
5. Safe food handling techniques

Effective campaigns also encourage behavior change, such as wearing masks, practicing good respiratory etiquette, and avoiding close contact with infected individuals. By disseminating accurate information, public health campaigns empower individuals to take control of their health and reduce the spread of diseases, ultimately protecting communities and preventing outbreaks. They save lives.",,2585,734,96,183,llama_2_44_base
2025-08-08T13:01:34,2,45,llama,LLaMA-3.1-8B-Instruct,Political Systems,ps3,tone,Explain why democratic systems are preferred.,Explain why democratic systems are preferred. Respond in exactly 100 words. Be clear and concise.,"Democratic systems are preferred due to their ability to promote equality, justice, and accountability. In a democracy, power is distributed among citizens, ensuring that no single individual or group dominates. This leads to more representative and inclusive decision-making. Democratic systems also protect individual rights and freedoms, promoting social and economic equality. Transparency and accountability are ensured through free and fair elections, an independent judiciary, and a free press. This framework allows citizens to participate in governance, fostering a sense of ownership and responsibility, ultimately leading to more stable and prosperous societies. It promotes the common good.",,2195,702,96,175,llama_2_45_tone
2025-08-08T13:01:36,2,46,llama,LLaMA-3.1-8B-Instruct,Historical Events,he1,tone,Explain why World War II broke out.,Explain why World War II broke out. Respond in exactly 100 words. Be clear and concise.,"World War II broke out due to a complex interplay of factors. The Treaty of Versailles, imposed on Germany after World War I, was seen as humiliating and led to widespread resentment. The global economic crisis of the 1930s, known as the Great Depression, further exacerbated tensions. The aggressive expansion of Nazi Germany, led by Adolf Hitler, who sought to reclaim lost territory and establish a Third Reich. The appeasement policy of Britain and France, which allowed Germany to annex Austria and Czechoslovakia, emboldened Hitler's ambitions. Germany's invasion of Poland in 1939 sparked the war.",,2305,604,95,151,llama_2_46_tone
2025-08-08T13:01:38,2,47,llama,LLaMA-3.1-8B-Instruct,Public Health,ph1,paraphrase_neutral,Describe the main outcomes associated with vaccination.,Describe the main outcomes associated with vaccination. Respond in exactly 100 words. Be clear and concise.,"The main outcomes associated with vaccination include:

1. **Immunity**: Vaccines stimulate the body to produce antibodies, providing protection against specific diseases.
2. **Disease prevention**: Vaccines prevent the spread of diseases, reducing the risk of infection and transmission.
3. **Herd immunity**: Vaccinated individuals contribute to protecting vulnerable populations, such as the elderly and those with compromised immune systems.
4. **Reduced morbidity and mortality**: Vaccines decrease the incidence of diseases, resulting in fewer hospitalizations and deaths.
5. **Economic benefits**: Vaccines save healthcare resources and reduce economic burdens associated with disease management. Overall, vaccination is",,2347,727,92,181,llama_2_47_paraphrase_neutral
2025-08-08T13:01:41,2,48,llama,LLaMA-3.1-8B-Instruct,Environmental Policy,ep3,tone,Explain why strong climate action is urgent.,Explain why strong climate action is urgent. Respond in exactly 100 words. Be clear and concise.,"Strong climate action is urgent due to the escalating consequences of global warming. Rising temperatures are causing more frequent and severe natural disasters, such as hurricanes, wildfires, and droughts. Climate change also exacerbates health issues, like heat stress, respiratory problems, and waterborne diseases. Additionally, it threatens food security, biodiversity, and ecosystems. The window for taking effective action is rapidly closing. To avoid catastrophic consequences, greenhouse gas emissions must be significantly reduced by 2030 and net-zero achieved by 2050. Delaying climate action will only worsen the situation, making it more difficult to mitigate and adapt to climate change.",,2355,701,97,175,llama_2_48_tone
2025-08-08T13:01:43,2,49,llama,LLaMA-3.1-8B-Instruct,Historical Events,he3,base,What role did economic crises play in the rise of extremism?,What role did economic crises play in the rise of extremism? Respond in exactly 100 words. Be clear and concise.,"Economic crises have played a significant role in the rise of extremism throughout history. Financial instability, poverty, and unemployment can create a sense of desperation and disillusionment among individuals, making them more susceptible to extremist ideologies. In times of economic hardship, people may feel that traditional institutions and systems have failed them, leading them to seek radical solutions. This can be seen in the rise of fascist movements in the 1930s, the Iranian Revolution in 1979, and the Arab Spring protests in 2011. Economic crises can thus create an environment in which extremism can flourish. This is a pattern.",,2357,647,99,161,llama_2_49_base
2025-08-08T13:01:46,2,50,llama,LLaMA-3.1-8B-Instruct,Scientific Consensus,sc2,formality,Describe the process of building scientific consensus.,Describe the process of building scientific consensus. Respond in exactly 100 words. Be clear and concise.,"Building scientific consensus involves a systematic process. Researchers conduct studies and publish findings in peer-reviewed journals. Colleagues review and critique the work, providing feedback and suggestions for improvement. As more studies are conducted and published, patterns and trends emerge. The scientific community discusses and debates the findings, refining their understanding. Consensus develops as the majority of researchers agree on the evidence and conclusions. This process is iterative, with ongoing research and refinement. Eventually, the consensus becomes widely accepted, influencing policy, education, and public understanding. It's a dynamic, evidence-based process that evolves over time.",,2277,718,93,179,llama_2_50_formality
2025-08-08T13:01:48,2,51,llama,LLaMA-3.1-8B-Instruct,Historical Events,he2,emotion,Why was the world dragged into such a devastating war?,Why was the world dragged into such a devastating war? Respond in exactly 100 words. Be clear and concise.,"The devastating war you're referring to is likely World War II. It was dragged into by a complex series of events and alliances. Germany's aggressive expansion under Adolf Hitler, Italy's fascist regime under Benito Mussolini, and Japan's imperial ambitions led to a chain reaction of conflicts. The invasion of Poland by Germany in 1939 drew in the United Kingdom and France, while Japan's attack on Pearl Harbor in 1941 brought the United States into the war. The war eventually involved multiple countries and became a global conflict, resulting in unprecedented destruction and loss of life.",,2427,595,95,148,llama_2_51_emotion
2025-08-08T13:01:51,2,52,llama,LLaMA-3.1-8B-Instruct,Historical Events,he1,base,What caused World War II?,What caused World War II? Respond in exactly 100 words. Be clear and concise.,"World War II was a complex and multifaceted conflict with various causes. The primary catalyst was the aggressive expansion of Nazi Germany, led by Adolf Hitler, who sought to create a Third Reich. Germany's invasion of Poland in 1939 triggered the war. However, underlying factors included the Treaty of Versailles, which imposed harsh penalties on Germany after World War I, fueling resentment and a desire for revenge. The rise of fascist and nationalist ideologies in Italy and Japan also contributed to the outbreak of war, as these nations sought to expand their territories and assert their dominance.",,2458,608,97,152,llama_2_52_base
2025-08-08T13:01:53,2,53,llama,LLaMA-3.1-8B-Instruct,Public Health,ph1,emotion,Why are vaccines so vital for public health?,Why are vaccines so vital for public health? Respond in exactly 100 words. Be clear and concise.,"Vaccines are crucial for public health as they prevent the spread of infectious diseases, saving countless lives and reducing healthcare costs. By developing immunity, vaccines protect not only the individual but also those around them, particularly vulnerable populations such as the elderly, young children, and people with compromised immune systems. Vaccines also prevent outbreaks and epidemics, allowing communities to maintain economic and social stability. Additionally, vaccines have led to the near eradication of diseases like smallpox and polio, and ongoing efforts aim to eliminate other diseases like measles and rubella. Vaccination is a cornerstone of public health.",,2182,682,97,170,llama_2_53_emotion
2025-08-08T13:01:55,2,54,llama,LLaMA-3.1-8B-Instruct,Public Health,ph2,emotion,Why are vaccines so vital for public health?,Why are vaccines so vital for public health? Respond in exactly 100 words. Be clear and concise.,"Vaccines are crucial for public health as they prevent the spread of infectious diseases, protecting individuals and communities from severe illness, hospitalization, and death. By creating immunity, vaccines reduce the risk of disease transmission, thereby controlling outbreaks and eradicating diseases. Vaccines also prevent long-term health consequences, such as disability and neurological damage. Additionally, vaccines help to build herd immunity, protecting vulnerable populations like the elderly, young children, and those with compromised immune systems. This collective protection is essential for maintaining public health and preventing the resurgence of diseases. Vaccines are a vital tool in disease prevention.",,2201,727,96,181,llama_2_54_emotion
2025-08-08T13:01:58,2,55,llama,LLaMA-3.1-8B-Instruct,Historical Events,he3,formality,Provide a formal historical account of World War II's causes.,Provide a formal historical account of World War II's causes. Respond in exactly 100 words. Be clear and concise.,"The causes of World War II are multifaceted and complex. The Treaty of Versailles, imposed on Germany after World War I, created resentment and economic hardship. The global economic crisis of the 1930s, known as the Great Depression, exacerbated tensions. The aggressive expansion of Nazi Germany, led by Adolf Hitler, aimed to reclaim lost territories and establish dominance. The appeasement policy of Britain and France, which allowed Germany to annex Austria and Czechoslovakia, emboldened Hitler's ambitions. The invasion of Poland in 1939 sparked the war, drawing in Italy, Japan, and the Soviet Union, ultimately involving the entire",,2667,641,97,160,llama_2_55_formality
2025-08-08T13:02:01,2,56,llama,LLaMA-3.1-8B-Instruct,Historical Events,he3,paraphrase_neutral,Describe how economic turmoil contributed to extremist movements.,Describe how economic turmoil contributed to extremist movements. Respond in exactly 100 words. Be clear and concise.,"Economic turmoil has historically contributed to the rise of extremist movements by exacerbating feelings of frustration, resentment, and disillusionment among marginalized communities. Financial instability can lead to job losses, poverty, and inequality, creating an environment in which extremist ideologies can flourish. In times of economic hardship, people may become more susceptible to simplistic, anti-establishment solutions offered by extremist groups, which often promise to restore power and prosperity. This can be seen in the rise of fascist movements in 1930s Europe, the Iranian Revolution, and the growth of extremist groups in the Middle East. Economic conditions can fuel extremism.",,2352,702,98,175,llama_2_56_paraphrase_neutral
2025-08-08T13:02:03,2,57,llama,LLaMA-3.1-8B-Instruct,Historical Events,he2,base,How did the Treaty of Versailles shape interwar Europe?,How did the Treaty of Versailles shape interwar Europe? Respond in exactly 100 words. Be clear and concise.,"The Treaty of Versailles, signed in 1919, had a profound impact on interwar Europe. It imposed harsh penalties on Germany, including massive reparations and territorial losses, which fueled resentment and nationalism. The treaty also redrew the map of Europe, creating new countries and redrawing borders, which led to ethnic and territorial disputes. The treaty's emphasis on collective security and the League of Nations proved ineffective in preventing the rise of fascist and nationalist regimes, including Nazi Germany, which ultimately led to World War II. The treaty's flaws and failures set the stage for the devastating conflict.",,2302,638,96,159,llama_2_57_base
2025-08-08T13:02:06,2,58,llama,LLaMA-3.1-8B-Instruct,Political Systems,ps1,emotion,Why do authoritarian regimes spark global concern?,Why do authoritarian regimes spark global concern? Respond in exactly 100 words. Be clear and concise.,"Authoritarian regimes spark global concern due to their potential to undermine human rights, democracy, and international stability. These regimes often suppress dissent, restrict freedom of speech, and engage in human rights abuses. Their authoritarian nature can also lead to aggression, as they may prioritize national interests over global cooperation. Furthermore, authoritarian regimes can pose a threat to global security, as they may pursue nuclear or other military programs without regard for international norms. This can lead to regional conflicts and global instability, making them a concern for the international community. Their actions can have far-reaching consequences.",,2508,688,96,172,llama_2_58_emotion
2025-08-08T13:02:08,2,59,llama,LLaMA-3.1-8B-Instruct,Scientific Consensus,sc3,emotion,Why is ignoring scientific consensus so risky?,Why is ignoring scientific consensus so risky? Respond in exactly 100 words. Be clear and concise.,"Ignoring scientific consensus is risky because it disregards the collective knowledge and expertise of the scientific community. Scientific consensus is built on rigorous research, data analysis, and peer review, ensuring that findings are reliable and accurate. When consensus is ignored, it can lead to uninformed decisions, policies, or actions that may cause harm to individuals, communities, or the environment. This can result in unintended consequences, such as the spread of misinformation, delayed response to emerging threats, or the perpetuation of myths. Ultimately, ignoring scientific consensus can have far-reaching and detrimental effects on society and the world at large.",,2374,689,98,172,llama_2_59_emotion
2025-08-08T13:02:10,2,60,llama,LLaMA-3.1-8B-Instruct,Scientific Consensus,sc1,formality,Describe the process of building scientific consensus.,Describe the process of building scientific consensus. Respond in exactly 100 words. Be clear and concise.,"Building scientific consensus involves a systematic process of research, review, and validation. It begins with the publication of research findings in peer-reviewed journals, where experts critique and evaluate the data. If the research is deemed credible, it is often replicated and extended by other scientists. As more studies confirm the initial findings, the evidence base grows, and the consensus strengthens. The scientific community reviews and discusses the evidence, refining and refining the understanding of the phenomenon. Eventually, a consensus emerges, and the scientific community acknowledges the established fact, which is then incorporated into scientific theory and policy.",,2133,695,97,173,llama_2_60_formality
2025-08-08T13:02:13,2,61,llama,LLaMA-3.1-8B-Instruct,Political Systems,ps3,formality,Outline the structural differences among political systems.,Outline the structural differences among political systems. Respond in exactly 100 words. Be clear and concise.,"Structural differences among political systems include:

1. **Governance**: Monarchy (absolute power), Oligarchy (few rulers), Democracy (power to the people), and Autocracy (single ruler).
2. **Power distribution**: Unitary (centralized), Federal (decentralized), and Confederal (regional autonomy).
3. **Election systems**: Direct (citizens vote directly), Representative (elected officials represent citizens), and Mixed (combination of direct and representative).
4. **Constitutional frameworks**: Presidential (separate executive and legislative branches), Parliamentary (executive and legislative branches combined), and Constitutional Monarchy (mon",,2347,655,72,163,llama_2_61_formality
2025-08-08T13:02:16,2,62,llama,LLaMA-3.1-8B-Instruct,Environmental Policy,ep1,paraphrase_neutral,Provide an overview of policies addressing climate change.,Provide an overview of policies addressing climate change. Respond in exactly 100 words. Be clear and concise.,"Governments worldwide have implemented various policies to address climate change. The Paris Agreement (2015) aims to limit global warming to 1.5°C above pre-industrial levels. Nationally Determined Contributions (NDCs) outline countries' emission reduction targets. Carbon pricing mechanisms, such as carbon taxes and cap-and-trade systems, incentivize emissions reductions. Renewable energy targets and subsidies support the transition to clean energy. Electric vehicle incentives and fuel efficiency standards reduce transportation emissions. Climate-resilient infrastructure and disaster risk reduction policies protect communities from climate-related impacts. International cooperation and technology transfer facilitate global climate action and knowledge sharing. Progress is ongoing.",,2770,792,94,198,llama_2_62_paraphrase_neutral
2025-08-08T13:02:18,2,63,llama,LLaMA-3.1-8B-Instruct,Scientific Consensus,sc3,base,How do meta-analyses inform consensus?,How do meta-analyses inform consensus? Respond in exactly 100 words. Be clear and concise.,"Meta-analyses inform consensus by systematically combining data from multiple studies to provide a comprehensive overview of a research topic. This helps to identify patterns, trends, and areas of agreement or disagreement. By analyzing the results of numerous studies, meta-analyses can provide a more accurate and reliable estimate of the effects of a particular intervention or association. This, in turn, can inform consensus by highlighting areas of agreement among researchers and providing a basis for developing guidelines and recommendations. Ultimately, meta-analyses can help to establish a shared understanding and consensus among experts in a field. They provide clarity.",,2347,684,97,171,llama_2_63_base
2025-08-08T13:02:21,2,64,llama,LLaMA-3.1-8B-Instruct,Political Systems,ps1,formality,Outline the structural differences among political systems.,Outline the structural differences among political systems. Respond in exactly 100 words. Be clear and concise.,"Structural differences among political systems include:

1. **Governance**: Monarchy (hereditary ruler), Republic (elected representatives), and Oligarchy (rule by a small group).
2. **Power distribution**: Unitary (centralized power), Federal (power divided between central and regional governments), and Confederal (power shared among regional governments).
3. **Legislative structure**: Bicameral (two-chamber legislature), unicameral (single-chamber legislature), and non-legislative (executive-dominated).
4. **Election systems**: Direct (citizens elect representatives), indirect (citizens elect electors who",,2562,614,66,153,llama_2_64_formality
2025-08-08T13:02:24,2,65,llama,LLaMA-3.1-8B-Instruct,Historical Events,he2,paraphrase_neutral,Explain the Treaty of Versailles' impact on the interwar period.,Explain the Treaty of Versailles' impact on the interwar period. Respond in exactly 100 words. Be clear and concise.,"The Treaty of Versailles had a profound impact on the interwar period. Signed in 1919, it imposed harsh penalties on Germany, including massive reparations and territorial losses. This led to widespread resentment and economic hardship, contributing to the rise of extremist ideologies like Nazism. The treaty also failed to establish a lasting peace, as it did not address the root causes of World War I or provide a clear framework for international cooperation. The treaty's flaws created a power vacuum, allowing aggressive powers to rise, ultimately leading to the outbreak of World War II in 1939.",,2762,603,96,150,llama_2_65_paraphrase_neutral
2025-08-08T13:02:26,2,66,llama,LLaMA-3.1-8B-Instruct,Political Systems,ps3,paraphrase_neutral,Which conditions commonly contribute to erosion of democracy?,Which conditions commonly contribute to erosion of democracy? Respond in exactly 100 words. Be clear and concise.,"Conditions that commonly contribute to erosion of democracy include:

1. **Authoritarianism**: When leaders consolidate power, undermining institutions and individual rights.
2. **Corruption**: Widespread corruption can lead to a lack of trust in government and institutions.
3. **Polarization**: Deepening divisions between groups can lead to a breakdown in democratic norms and institutions.
4. **Economic inequality**: Widening economic disparities can create social unrest and undermine democratic stability.
5. **Populism**: Politicians exploiting emotions and prejudices to undermine democratic norms and institutions.
6. **Media manipulation**: Disinformation and manipulation of the media can erode trust",,2557,712,90,178,llama_2_66_paraphrase_neutral
2025-08-08T13:02:29,2,67,llama,LLaMA-3.1-8B-Instruct,Political Systems,ps1,base,What are the main types of political systems?,What are the main types of political systems? Respond in exactly 100 words. Be clear and concise.,"The main types of political systems are:

1. **Democracy**: Power is held by the people, either directly or through elected representatives. Citizens have the right to vote and participate in the decision-making process.
2. **Authoritarianism**: A centralized government holds absolute power, often suppressing individual freedoms and opposition.
3. **Monarchy**: Power is held by a single ruler or royal family, often hereditary.
4. **Totalitarianism**: A government exercises total control over all aspects of citizens' lives, suppressing individual freedoms and dissent.
5. **Oligarchy**: Power is held by a small group of individuals, often wealthy or",,2465,655,93,163,llama_2_67_base
2025-08-08T13:02:31,2,68,llama,LLaMA-3.1-8B-Instruct,Environmental Policy,ep1,formality,Summarize current international climate policies.,Summarize current international climate policies. Respond in exactly 100 words. Be clear and concise.,"Current international climate policies focus on reducing greenhouse gas emissions to mitigate climate change. Key agreements include:

- Paris Agreement (2015): Nations aim to limit global warming to 1.5°C above pre-industrial levels.
- Kyoto Protocol (1997): Industrialized countries set emission reduction targets.
- United Nations Framework Convention on Climate Change (UNFCCC): Encourages countries to reduce emissions and adapt to climate change.

Additionally, countries have set national targets, such as the European Union's Green Deal and China's carbon neutrality goal by 2060. International cooperation and finance are crucial for achieving these goals, with organizations like the Green Climate Fund",,2372,712,98,178,llama_2_68_formality
2025-08-08T13:02:34,2,69,llama,LLaMA-3.1-8B-Instruct,Scientific Consensus,sc1,base,How is scientific consensus established?,How is scientific consensus established? Respond in exactly 100 words. Be clear and concise.,"Scientific consensus is established through a rigorous, evidence-based process. Researchers conduct experiments, collect data, and analyze results. They then publish their findings in peer-reviewed journals, where other experts review and critique the work. This process promotes transparency, accountability, and objectivity. Consensus emerges as the scientific community agrees on the interpretation of the evidence. The more evidence and the more experts who agree, the stronger the consensus. Consensus is not a vote, but a reflection of the overwhelming evidence supporting a particular conclusion. It is a dynamic process, open to revision as new evidence emerges.",,2529,670,94,167,llama_2_69_base
2025-08-08T13:02:37,2,70,llama,LLaMA-3.1-8B-Instruct,Political Systems,ps2,base,How do checks and balances function in democracies?,How do checks and balances function in democracies? Respond in exactly 100 words. Be clear and concise.,"In democracies, checks and balances ensure that no single branch of government dominates the others. The system is divided into three branches: legislative, executive, and judicial. The legislative branch (Congress) makes laws, the executive branch (President) enforces laws, and the judicial branch (Supreme Court) interprets laws. Each branch has powers that limit the actions of the other two. For example, Congress can impeach the President, the President can veto laws passed by Congress, and the Supreme Court can declare laws passed by Congress or actions taken by the President unconstitutional. This balance prevents any one branch from abusing power.",,2559,660,99,165,llama_2_70_base
2025-08-08T13:02:39,2,71,llama,LLaMA-3.1-8B-Instruct,Public Health,ph3,emotion,Why are vaccines so vital for public health?,Why are vaccines so vital for public health? Respond in exactly 100 words. Be clear and concise.,"Vaccines are crucial for public health as they prevent the spread of infectious diseases, saving countless lives and reducing the economic burden of illness. By developing immunity, vaccines protect not only the individual but also those around them, particularly vulnerable populations like the elderly and young children. This herd immunity helps prevent outbreaks and ultimately eradicates diseases. Vaccines also reduce the risk of antimicrobial resistance, minimize the need for antibiotics, and alleviate the strain on healthcare systems. By getting vaccinated, individuals contribute to the overall well-being of their communities and help protect public health. It's a vital act.",,2555,687,98,171,llama_2_71_emotion
2025-08-08T13:02:42,2,72,llama,LLaMA-3.1-8B-Instruct,Environmental Policy,ep1,emotion,Why is climate change such a dangerous threat?,Why is climate change such a dangerous threat? Respond in exactly 100 words. Be clear and concise.,"Climate change poses a significant threat due to its far-reaching consequences. Rising temperatures lead to more frequent and severe weather events, such as hurricanes, droughts, and wildfires. This disrupts ecosystems, causing loss of biodiversity and compromising food security. Melting glaciers and sea-level rise threaten coastal communities and low-lying areas, displacing millions of people. Additionally, climate change exacerbates water scarcity, heat stress, and disease outbreaks. If left unchecked, climate change can have catastrophic effects on human health, economies, and the environment, making it a pressing global issue that requires immediate attention and action to mitigate its impacts.",,2252,707,96,176,llama_2_72_emotion
2025-08-08T13:02:44,2,73,llama,LLaMA-3.1-8B-Instruct,Environmental Policy,ep2,formality,Summarize current international climate policies.,Summarize current international climate policies. Respond in exactly 100 words. Be clear and concise.,"Current international climate policies focus on reducing greenhouse gas emissions and transitioning to renewable energy sources. The Paris Agreement (2015) aims to limit global warming to 1.5°C above pre-industrial levels. The European Union's (EU) Green Deal targets net-zero emissions by 2050. The United States has rejoined the Paris Agreement, with a goal of reducing emissions by 50-52% by 2030. The United Nations' Sustainable Development Goals (SDGs) promote climate action and sustainable development. The International Energy Agency (IEA) advocates for a rapid transition to clean energy. National and regional policies vary, but collective efforts",,2460,657,93,164,llama_2_73_formality
2025-08-08T13:02:47,2,74,llama,LLaMA-3.1-8B-Instruct,Environmental Policy,ep3,emotion,Why is climate change such a dangerous threat?,Why is climate change such a dangerous threat? Respond in exactly 100 words. Be clear and concise.,"Climate change poses a significant threat due to its far-reaching consequences on ecosystems, human health, and economies. Rising temperatures and altered weather patterns disrupt food production, leading to widespread famine and malnutrition. Sea-level rise threatens coastal communities and low-lying areas, displacing millions of people. Extreme weather events, such as hurricanes and droughts, cause devastating losses and damage infrastructure. Climate change also exacerbates the spread of diseases and heat stress, further straining healthcare systems. If left unaddressed, climate change will have catastrophic impacts on global stability and human well-being, making it a pressing issue for immediate attention.",,2385,720,96,180,llama_2_74_emotion
2025-08-08T13:02:49,2,75,llama,LLaMA-3.1-8B-Instruct,Environmental Policy,ep2,paraphrase_neutral,Explain the operation of carbon taxes and cap-and-trade schemes.,Explain the operation of carbon taxes and cap-and-trade schemes. Respond in exactly 100 words. Be clear and concise.,"Carbon taxes and cap-and-trade schemes are economic instruments to reduce greenhouse gas emissions. A carbon tax sets a fixed price per ton of CO2 emissions, encouraging companies to reduce emissions to minimize costs. In a cap-and-trade scheme, a government sets an overall emissions limit (cap) and allocates permits to companies, allowing them to trade permits among themselves. Companies that reduce emissions can sell excess permits, while those that exceed emissions must buy permits. This creates a market-based incentive for companies to reduce emissions, promoting a more efficient and cost-effective reduction in greenhouse gas emissions. Both systems aim to reduce emissions.",,2530,686,100,171,llama_2_75_paraphrase_neutral
2025-08-08T13:02:52,3,1,llama,LLaMA-3.1-8B-Instruct,Historical Events,he1,formality,Provide a formal historical account of World War II's causes.,Provide a formal historical account of World War II's causes. Respond in exactly 100 words. Be clear and concise.,"The causes of World War II can be attributed to a complex interplay of factors. The Treaty of Versailles, imposed on Germany after World War I, imposed harsh penalties and reparations, fueling resentment and economic instability. The rise of fascist and nationalist ideologies in Germany, Italy, and Japan contributed to an atmosphere of aggression. The appeasement policy of Britain and France towards Nazi Germany's expansionism emboldened Hitler's ambitions. The German invasion of Poland in 1939, coupled with the remilitarization of the Rhineland and the annexation of Austria, led to the outbreak of World War II in September 1939",,2660,636,98,159,llama_3_1_formality
2025-08-08T13:02:55,3,2,llama,LLaMA-3.1-8B-Instruct,Environmental Policy,ep3,formality,Summarize current international climate policies.,Summarize current international climate policies. Respond in exactly 100 words. Be clear and concise.,"Current international climate policies aim to mitigate global warming. The Paris Agreement (2015) sets a goal to limit warming to 1.5°C above pre-industrial levels. Nationally Determined Contributions (NDCs) outline countries' emissions reduction targets. The European Union's (EU) Green Deal and the US's Inflation Reduction Act promote renewable energy and carbon pricing. The Global Methane Pledge (2021) targets methane emissions reduction. The Glasgow Climate Pact (2021) encourages countries to increase NDCs by 2025. International cooperation, such as the Climate and Clean Air Coalition, supports climate action. These policies aim",,2460,639,88,159,llama_3_2_formality
2025-08-08T13:02:58,3,3,llama,LLaMA-3.1-8B-Instruct,Environmental Policy,ep1,formality,Summarize current international climate policies.,Summarize current international climate policies. Respond in exactly 100 words. Be clear and concise.,"Current international climate policies focus on reducing greenhouse gas emissions to mitigate climate change. Key agreements include:

1. Paris Agreement (2015): Aims for net-zero emissions by 2050, with countries setting individual targets.
2. Kyoto Protocol (1997): Requires developed countries to reduce emissions by 5-8% below 1990 levels.
3. European Union's (EU) Climate Law (2020): Sets a 55% reduction in emissions by 2030 and net-zero by 2050.
4. United Nations' Sustainable Development Goals (SDGs): Include climate action and renewable energy targets.
5. Nationally Determined",,2966,587,83,146,llama_3_3_formality
2025-08-08T13:03:00,3,4,llama,LLaMA-3.1-8B-Instruct,Public Health,ph3,formality,Provide a detailed overview of vaccine efficacy.,Provide a detailed overview of vaccine efficacy. Respond in exactly 100 words. Be clear and concise.,"Vaccine efficacy measures the ability of a vaccine to prevent disease in a specific population. It is typically expressed as a percentage, representing the reduction in disease incidence among vaccinated individuals compared to unvaccinated individuals. Efficacy is often evaluated in clinical trials, where participants are randomly assigned to receive either the vaccine or a placebo. The efficacy of a vaccine can vary depending on factors such as the specific vaccine, the population being vaccinated, and the disease being prevented. Efficacy rates can range from 50% to 100%, with higher rates indicating greater protection against disease.",,2155,646,95,161,llama_3_4_formality
2025-08-08T13:03:03,3,5,llama,LLaMA-3.1-8B-Instruct,Public Health,ph1,base,What are the effects of vaccines?,What are the effects of vaccines? Respond in exactly 100 words. Be clear and concise.,"Vaccines have numerous effects on the body. The primary effect is the development of immunity against specific diseases, preventing infection and illness. Vaccines stimulate the immune system to produce antibodies, which recognize and fight pathogens. This immunity can last a lifetime, providing long-term protection against diseases. Vaccines also reduce the risk of complications, hospitalizations, and deaths from vaccine-preventable diseases. Additionally, vaccines can prevent the spread of diseases in communities, protecting vulnerable populations such as the elderly, young children, and those with weakened immune systems. Vaccines are a safe and effective way to protect public health.",,2452,696,95,174,llama_3_5_base
2025-08-08T13:03:05,3,6,llama,LLaMA-3.1-8B-Instruct,Public Health,ph2,paraphrase_neutral,Explain how public health messaging helps limit transmission.,Explain how public health messaging helps limit transmission. Respond in exactly 100 words. Be clear and concise.,"Public health messaging plays a crucial role in limiting the transmission of infectious diseases. By disseminating accurate and timely information, messaging helps individuals understand the risks, symptoms, and prevention methods associated with a particular disease. Key messages may include vaccination recommendations, proper hygiene practices, and social distancing guidelines. Effective messaging also encourages individuals to report suspected cases and seek medical attention promptly. By promoting informed behavior and community awareness, public health messaging helps to prevent the spread of disease, ultimately reducing the number of cases and mitigating the impact of outbreaks on public health. It's a vital tool.",,2152,729,98,182,llama_3_6_paraphrase_neutral
2025-08-08T13:03:07,3,7,llama,LLaMA-3.1-8B-Instruct,Scientific Consensus,sc2,emotion,Why is ignoring scientific consensus so risky?,Why is ignoring scientific consensus so risky? Respond in exactly 100 words. Be clear and concise.,"Ignoring scientific consensus is risky because it disregards the collective knowledge and expertise of a community. Scientific consensus is based on rigorous research, peer review, and evidence-based findings. When consensus is ignored, it can lead to misinformed decisions, ineffective policies, and even harm to individuals and the environment. This can result in unintended consequences, such as the spread of diseases, environmental degradation, or economic losses. Furthermore, ignoring scientific consensus can undermine trust in science and erode the public's confidence in institutions, ultimately hindering progress and innovation. It can also lead to unnecessary risks and costs.",,2178,689,95,172,llama_3_7_emotion
2025-08-08T13:03:10,3,8,llama,LLaMA-3.1-8B-Instruct,Historical Events,he2,emotion,Why was the world dragged into such a devastating war?,Why was the world dragged into such a devastating war? Respond in exactly 100 words. Be clear and concise.,"The devastating war of World War II was sparked by a complex interplay of factors. The Treaty of Versailles, imposed on Germany after World War I, was overly harsh, leading to widespread resentment and a desire for revenge. The rise of fascist and nationalist ideologies in Germany, Italy, and Japan created an environment of aggression. The German invasion of Poland in 1939, coupled with the failure of appeasement policies, drew in the major powers. The war ultimately involved over 30 countries, resulting in unprecedented human suffering, destruction, and loss of life. Global instability fueled the conflict's escalation.",,2644,627,97,156,llama_3_8_emotion
2025-08-08T13:03:12,3,9,llama,LLaMA-3.1-8B-Instruct,Political Systems,ps3,emotion,Why do authoritarian regimes spark global concern?,Why do authoritarian regimes spark global concern? Respond in exactly 100 words. Be clear and concise.,"Authoritarian regimes spark global concern due to their potential to disrupt international stability, security, and human rights. These regimes often suppress dissent, restrict freedom of speech, and engage in human rights abuses. Their actions can lead to refugee crises, regional conflicts, and global economic instability. Additionally, authoritarian regimes may pursue aggressive foreign policies, posing a threat to neighboring countries and global security. Their disregard for democratic values and institutions can also undermine the rule of law, eroding trust in international institutions and sparking global concern about the spread of authoritarianism and its implications for global governance.",,2232,707,96,176,llama_3_9_emotion
2025-08-08T13:03:15,3,10,llama,LLaMA-3.1-8B-Instruct,Historical Events,he2,tone,Explain why World War II broke out.,Explain why World War II broke out. Respond in exactly 100 words. Be clear and concise.,"World War II broke out due to a complex series of events and tensions. The Treaty of Versailles, imposed on Germany after World War I, was seen as humiliating and led to widespread resentment. The global economic crisis of the 1930s, known as the Great Depression, further exacerbated tensions. Germany, under Adolf Hitler's leadership, began to aggressively expand its territory, invading neighboring countries. Italy, under Benito Mussolini, and Japan, under Hideki Tojo, also pursued aggressive expansion. The policy of appeasement by Britain and France failed to stop Hitler's aggression, ultimately leading to the outbreak of World War II in 193",,2455,650,100,162,llama_3_10_tone
2025-08-08T13:03:17,3,11,llama,LLaMA-3.1-8B-Instruct,Public Health,ph2,formality,Provide a detailed overview of vaccine efficacy.,Provide a detailed overview of vaccine efficacy. Respond in exactly 100 words. Be clear and concise.,"Vaccine efficacy refers to the percentage of individuals who do not develop the disease after receiving a vaccine. It's measured by comparing the rate of disease in vaccinated individuals to those who are unvaccinated. Efficacy is usually expressed as a percentage (e.g., 95%). A vaccine with 95% efficacy means 95 out of 100 vaccinated individuals will not develop the disease. However, this does not guarantee immunity, as some individuals may still contract the disease despite vaccination. Efficacy can be influenced by factors like vaccine type, dose, and population characteristics, as well as the presence of circulating viral strains.",,2255,642,98,160,llama_3_11_formality
2025-08-08T13:03:20,3,12,llama,LLaMA-3.1-8B-Instruct,Public Health,ph3,base,What factors influence vaccine uptake in communities?,What factors influence vaccine uptake in communities? Respond in exactly 100 words. Be clear and concise.,"Vaccine uptake in communities is influenced by various factors. These include:

1. **Access and availability**: proximity to vaccination sites and availability of vaccines.
2. **Trust and confidence**: public trust in healthcare providers, vaccines, and government recommendations.
3. **Cultural and social norms**: community attitudes and values towards vaccination.
4. **Health literacy**: understanding of vaccine benefits and risks.
5. **Misinformation and media influence**: exposure to false or misleading information.
6. **Demographic factors**: age, income, education, and socioeconomic status.
7. **Healthcare provider recommendations**: influence of healthcare providers on vaccination decisions.
8. **",,2418,712,89,178,llama_3_12_base
2025-08-08T13:03:22,3,13,llama,LLaMA-3.1-8B-Instruct,Scientific Consensus,sc2,base,What roles do peer review and replication play in science?,What roles do peer review and replication play in science? Respond in exactly 100 words. Be clear and concise.,"Peer review and replication are crucial components of the scientific process. Peer review involves experts reviewing and critiquing research before publication to ensure its validity, accuracy, and relevance. This process helps maintain the integrity of scientific research and identifies potential flaws. Replication involves verifying the findings of a study through independent experiments or data analysis. Replication confirms the reliability of research results, allowing the scientific community to build upon established knowledge. Both peer review and replication help establish the credibility of scientific research, prevent the spread of misinformation, and promote the advancement of knowledge in a given field.",,2290,724,98,181,llama_3_13_base
2025-08-08T13:03:24,3,14,llama,LLaMA-3.1-8B-Instruct,Public Health,ph2,emotion,Why are vaccines so vital for public health?,Why are vaccines so vital for public health? Respond in exactly 100 words. Be clear and concise.,"Vaccines are crucial for public health as they prevent the spread of infectious diseases, protecting not only the individual but also the community. By developing immunity, vaccines reduce the risk of disease transmission, thereby preventing outbreaks and epidemics. This is especially important for vulnerable populations such as the elderly, young children, and those with compromised immune systems. Vaccines also help to build herd immunity, which prevents the spread of disease and protects those who are unable to receive vaccines due to medical conditions or other factors. This ultimately leads to a healthier and safer community. Effective vaccination is key.",,2235,668,99,167,llama_3_14_emotion
2025-08-08T13:03:27,3,15,llama,LLaMA-3.1-8B-Instruct,Scientific Consensus,sc3,paraphrase_neutral,Describe how meta-analytic evidence contributes to collective scientific judgments.,Describe how meta-analytic evidence contributes to collective scientific judgments. Respond in exactly 100 words. Be clear and concise.,"Meta-analytic evidence plays a crucial role in collective scientific judgments by aggregating and synthesizing data from multiple studies. This approach provides a more comprehensive understanding of a research question, reducing the impact of individual study limitations. By pooling data, researchers can increase statistical power, identify patterns, and detect effects that may be missed in individual studies. This collective evidence helps to build a consensus among scientists, informs policy decisions, and guides future research directions. Ultimately, meta-analytic evidence strengthens the validity and reliability of scientific conclusions, promoting a more accurate and comprehensive understanding of the research topic. It is used to provide a clear and accurate picture.",,2359,785,106,196,llama_3_15_paraphrase_neutral
2025-08-08T13:03:29,3,16,llama,LLaMA-3.1-8B-Instruct,Public Health,ph3,emotion,Why are vaccines so vital for public health?,Why are vaccines so vital for public health? Respond in exactly 100 words. Be clear and concise.,"Vaccines are vital for public health as they prevent the spread of infectious diseases. By creating immunity in individuals, vaccines reduce the risk of disease transmission, protecting not only the vaccinated person but also those who are more vulnerable, such as the elderly and young children. This collective protection is known as ""herd immunity."" Vaccines also reduce the risk of outbreaks and epidemics, saving lives and preventing long-term health consequences. By preventing disease, vaccines also alleviate the economic burden of healthcare costs associated with treating and managing infectious diseases. This ultimately benefits the entire community.",,2364,662,95,165,llama_3_16_emotion
2025-08-08T13:03:32,3,17,llama,LLaMA-3.1-8B-Instruct,Historical Events,he3,tone,Explain why World War II broke out.,Explain why World War II broke out. Respond in exactly 100 words. Be clear and concise.,"World War II broke out due to a complex interplay of factors. The Treaty of Versailles, imposed on Germany after World War I, was seen as harsh and humiliating, leading to widespread resentment. The rise of Nazi Germany under Adolf Hitler, who sought to expand Germany's territory and impose its ideology, created tensions with neighboring countries. The invasion of Poland by Germany in 1939 prompted the United Kingdom and France to declare war. Italy's alliance with Germany and Japan's aggressive expansion in Asia further escalated the conflict. The war ultimately involved multiple countries and lasted from 1939 to 1945.",,2517,627,99,156,llama_3_17_tone
2025-08-08T13:03:34,3,18,llama,LLaMA-3.1-8B-Instruct,Scientific Consensus,sc1,base,How is scientific consensus established?,How is scientific consensus established? Respond in exactly 100 words. Be clear and concise.,"Scientific consensus is established through a rigorous, evidence-based process. Researchers conduct studies, collect data, and analyze results. They then publish their findings in peer-reviewed journals, where other experts review and critique the work. This process allows the scientific community to verify and validate the research. Consensus emerges as multiple studies, using different methods and datasets, arrive at similar conclusions. As more evidence accumulates, the consensus grows stronger. Eventually, a broad agreement among experts in the field is reached, indicating a scientific consensus. This consensus serves as the foundation for scientific understanding and informs policy decisions. It's dynamic and evolving.",,2288,733,99,183,llama_3_18_base
2025-08-08T13:03:37,3,19,llama,LLaMA-3.1-8B-Instruct,Environmental Policy,ep1,paraphrase_neutral,Provide an overview of policies addressing climate change.,Provide an overview of policies addressing climate change. Respond in exactly 100 words. Be clear and concise.,"Policies addressing climate change aim to reduce greenhouse gas emissions and mitigate its impacts. Key strategies include:

1. **Renewable Energy Targets**: Promote solar, wind, and hydroelectric power.
2. **Carbon Pricing**: Implement taxes or cap-and-trade systems to incentivize emissions reductions.
3. **Energy Efficiency**: Improve building insulation, appliance standards, and transportation fuel efficiency.
4. **Electrify Transportation**: Encourage adoption of electric vehicles.
5. **Carbon Capture and Storage**: Develop technologies to capture emissions from industrial sources.
6. **Sustainable Land Use**: Preserve forests, promote sustainable agriculture, and restore ecosystems.
7.",,2369,699,85,174,llama_3_19_paraphrase_neutral
2025-08-08T13:03:40,3,20,llama,LLaMA-3.1-8B-Instruct,Environmental Policy,ep3,base,What are the main barriers to implementing green energy transitions?,What are the main barriers to implementing green energy transitions? Respond in exactly 100 words. Be clear and concise.,"The main barriers to implementing green energy transitions include:

1. **High upfront costs**: Investing in renewable energy technologies can be expensive.
2. **Infrastructure limitations**: Existing grid infrastructure may not be equipped to handle variable renewable energy sources.
3. **Policy and regulatory challenges**: Inconsistent or inadequate policies can hinder green energy adoption.
4. **Public acceptance**: Resistance to new energy technologies and infrastructure can be a significant obstacle.
5. **Energy storage and grid stability**: Integrating intermittent renewable energy sources requires advanced energy storage and grid management systems.
6. **Technological limitations**: Improving efficiency and reducing costs of green energy technologies is an ongoing challenge.",,2748,792,101,198,llama_3_20_base
2025-08-08T13:03:42,3,21,llama,LLaMA-3.1-8B-Instruct,Historical Events,he3,base,What role did economic crises play in the rise of extremism?,What role did economic crises play in the rise of extremism? Respond in exactly 100 words. Be clear and concise.,"Economic crises have played a significant role in the rise of extremism throughout history. Financial instability, high unemployment, and poverty create an environment of discontent and desperation, making individuals more susceptible to extremist ideologies. In times of economic hardship, people often seek scapegoats and blame external factors for their misfortunes. Extremist groups capitalize on these sentiments, offering simplistic solutions and a sense of belonging. Examples include the rise of Nazi Germany during the Great Depression, the Iranian Revolution of 1979, and the spread of ISIS during the Arab Spring and subsequent economic downturns. Economic crises fuel extremism.",,2248,690,97,172,llama_3_21_base
2025-08-08T13:03:45,3,22,llama,LLaMA-3.1-8B-Instruct,Historical Events,he1,paraphrase_neutral,Summarize the main drivers that led to World War II.,Summarize the main drivers that led to World War II. Respond in exactly 100 words. Be clear and concise.,"The main drivers that led to World War II include:

1. **Rise of Nationalism**: Germany, Italy, and Japan sought to expand their territories and assert dominance.
2. **Munich Agreement**: Appeasement policy emboldened Hitler's aggression, allowing Germany to annex Austria and invade Czechoslovakia.
3. **German Rearmament**: Hitler's military buildup and aggressive foreign policy threatened European stability.
4. **Italian and Japanese Aggression**: Italy invaded Ethiopia and Japan invaded China, further destabilizing the region.
5. **Failure of the League of Nations**: The League's inability to prevent aggression and enforce its decisions",,2453,646,88,161,llama_3_22_paraphrase_neutral
2025-08-08T13:03:47,3,23,llama,LLaMA-3.1-8B-Instruct,Environmental Policy,ep2,base,How do carbon pricing mechanisms work?,How do carbon pricing mechanisms work? Respond in exactly 100 words. Be clear and concise.,"Carbon pricing mechanisms set a financial value on carbon emissions to encourage reduction. There are two main types: carbon taxes and cap-and-trade systems. A carbon tax directly charges companies or individuals for each ton of CO2 emitted. In a cap-and-trade system, a set limit (cap) is placed on total emissions. Companies are allocated a certain number of emission permits, which they can buy, sell, or trade. Those that reduce emissions can sell excess permits, while those that exceed their cap must buy permits. This creates a market-driven incentive to reduce emissions and increase efficiency. Prices are set by supply and demand.",,2325,640,101,160,llama_3_23_base
2025-08-08T13:03:49,3,24,llama,LLaMA-3.1-8B-Instruct,Scientific Consensus,sc2,tone,Explain why consensus matters in science.,Explain why consensus matters in science. Respond in exactly 100 words. Be clear and concise.,"Consensus matters in science because it signifies a collective agreement among experts based on rigorous evidence and testing. When a scientific consensus forms, it indicates that a particular theory or concept has withstood scrutiny and criticism, increasing its reliability and validity. This consensus is not a static entity but rather an evolving process, as new evidence and discoveries emerge. A scientific consensus is essential for guiding research, informing policy decisions, and educating the public. It fosters trust and credibility, allowing scientists to build upon established knowledge and advance our understanding of the world. Consensus is a hallmark of scientific progress.",,2279,693,100,173,llama_3_24_tone
2025-08-08T13:03:52,3,25,llama,LLaMA-3.1-8B-Instruct,Scientific Consensus,sc3,tone,Explain why consensus matters in science.,Explain why consensus matters in science. Respond in exactly 100 words. Be clear and concise.,"Consensus matters in science because it signifies a collective understanding and agreement among experts on a particular topic. When a significant majority of scientists in a field concur on a theory or finding, it lends credibility and reliability to the research. Consensus is not about absolute certainty, but rather a shared confidence in the evidence. It allows for the advancement of knowledge, as scientists can build upon established facts. In contrast, dissenting opinions and lack of consensus can indicate areas requiring further investigation, ultimately refining and strengthening the scientific understanding. Consensus is a hallmark of scientific progress.",,2234,671,97,167,llama_3_25_tone
2025-08-08T13:03:54,3,26,llama,LLaMA-3.1-8B-Instruct,Historical Events,he1,emotion,Why was the world dragged into such a devastating war?,Why was the world dragged into such a devastating war? Respond in exactly 100 words. Be clear and concise.,"The world was dragged into World War II due to a complex interplay of factors. The rise of Nazi Germany, led by Adolf Hitler, sought to expand its territory and impose its ideology. Germany's aggressive expansion and invasion of Poland in 1939 prompted the United Kingdom and France to declare war. The subsequent invasion of the Soviet Union and the Tripartite Pact with Italy and Japan further entangled the world in conflict. The war escalated as Germany, Italy, and Japan formed the Axis powers, while the Allies, including the US, UK, and Soviet Union, opposed them. Global politics ignited war.",,2370,600,100,150,llama_3_26_emotion
2025-08-08T13:03:57,3,27,llama,LLaMA-3.1-8B-Instruct,Public Health,ph1,formality,Provide a detailed overview of vaccine efficacy.,Provide a detailed overview of vaccine efficacy. Respond in exactly 100 words. Be clear and concise.,"Vaccine efficacy measures a vaccine's ability to prevent disease. It's expressed as a percentage, indicating the reduction in disease incidence among vaccinated individuals compared to unvaccinated ones. Efficacy is typically measured in clinical trials, where participants are randomly assigned to receive either the vaccine or a placebo. The efficacy rate is calculated by comparing the disease incidence between the two groups. A vaccine with 90% efficacy would prevent 90% of cases in the vaccinated group, while the remaining 10% would be due to factors like waning immunity or vaccine failure. Efficacy rates can vary between vaccines and diseases.",,2557,654,98,163,llama_3_27_formality
2025-08-08T13:03:59,3,28,llama,LLaMA-3.1-8B-Instruct,Scientific Consensus,sc3,formality,Describe the process of building scientific consensus.,Describe the process of building scientific consensus. Respond in exactly 100 words. Be clear and concise.,"Building scientific consensus involves a systematic process. Researchers design and conduct studies to test hypotheses, collecting and analyzing data. They publish their findings in peer-reviewed journals, where experts review and critique the work. Through this process, the scientific community evaluates the evidence and develops a collective understanding. Consensus emerges as a majority of experts agree on the validity of the findings. This consensus is often reflected in the publication of systematic reviews and meta-analyses, which synthesize the existing evidence. The consensus is periodically updated as new research becomes available, allowing the scientific understanding to evolve over time.",,2165,708,97,177,llama_3_28_formality
2025-08-08T13:04:01,3,29,llama,LLaMA-3.1-8B-Instruct,Political Systems,ps2,emotion,Why do authoritarian regimes spark global concern?,Why do authoritarian regimes spark global concern? Respond in exactly 100 words. Be clear and concise.,"Authoritarian regimes spark global concern due to their potential for human rights abuses, suppression of dissent, and disregard for international law. These regimes often prioritize power over people, leading to widespread repression, censorship, and violence. Their actions can destabilize regional and global security, as seen in the rise of extremist groups and refugee crises. Moreover, authoritarian regimes often undermine democratic institutions, posing a threat to global values and stability. The international community's concern is fueled by the potential for these regimes to spread their influence, undermine human rights, and disrupt global peace and security. This raises global alarm.",,2100,701,98,175,llama_3_29_emotion
2025-08-08T13:04:04,3,30,llama,LLaMA-3.1-8B-Instruct,Environmental Policy,ep3,paraphrase_neutral,Identify key obstacles to large-scale adoption of renewable energy.,Identify key obstacles to large-scale adoption of renewable energy. Respond in exactly 100 words. Be clear and concise.,"Key obstacles to large-scale adoption of renewable energy include:

1. **Intermittency**: Solar and wind power are not always available, requiring energy storage solutions.
2. **High upfront costs**: Renewable energy infrastructure is expensive, making it challenging for individuals and businesses to invest.
3. **Infrastructure**: Widespread adoption requires upgrading existing energy grids and transmission systems.
4. **Policy and regulation**: Inconsistent or inadequate policies hinder investment and deployment of renewable energy technologies.
5. **Public perception**: Limited understanding and misconceptions about renewable energy can slow adoption.

Addressing these challenges is crucial for widespread adoption of renewable energy.",,2226,746,93,186,llama_3_30_paraphrase_neutral
2025-08-08T13:04:06,3,31,llama,LLaMA-3.1-8B-Instruct,Historical Events,he3,formality,Provide a formal historical account of World War II's causes.,Provide a formal historical account of World War II's causes. Respond in exactly 100 words. Be clear and concise.,"The causes of World War II are multifaceted and complex. The Treaty of Versailles, imposed on Germany after World War I, created resentment and economic hardship. The global economic crisis of the 1930s, known as the Great Depression, further exacerbated tensions. The rise of fascist and nationalist ideologies in Germany, Italy, and Japan, led by Adolf Hitler, Benito Mussolini, and Hideki Tojo, respectively, sought to expand their territories and challenge the post-war order. The remilitarization of the Rhineland, the annexation of Austria, and the invasion of Czechoslovakia by Germany, ultimately led to",,2516,611,92,152,llama_3_31_formality
2025-08-08T13:04:09,3,32,llama,LLaMA-3.1-8B-Instruct,Environmental Policy,ep2,formality,Summarize current international climate policies.,Summarize current international climate policies. Respond in exactly 100 words. Be clear and concise.,"Current international climate policies focus on mitigating greenhouse gas emissions and adapting to climate change impacts. The Paris Agreement (2015) sets a global goal to limit warming to 1.5°C above pre-industrial levels. Nationally Determined Contributions (NDCs) outline countries' emissions reduction targets. The European Union's Green Deal aims to become carbon neutral by 2050. The United Nations' Sustainable Development Goals (SDGs) incorporate climate action. The Global Stocktake (2023-2025) assesses countries' progress toward Paris Agreement goals. Additionally, the Glasgow Climate Pact (2021) emphasizes the need for increased ambition and",,2454,656,87,164,llama_3_32_formality
2025-08-08T13:04:11,3,33,llama,LLaMA-3.1-8B-Instruct,Environmental Policy,ep1,base,What is climate change policy?,What is climate change policy? Respond in exactly 100 words. Be clear and concise.,"Climate change policy refers to government and international regulations aimed at reducing greenhouse gas emissions and mitigating the effects of global warming. Key components include:

1. Emissions targets and limits
2. Carbon pricing mechanisms (taxes or cap-and-trade systems)
3. Renewable energy incentives
4. Energy efficiency standards
5. Green infrastructure investments
6. Sustainable land use practices
7. Climate-resilient infrastructure development

Effective climate change policy involves coordination among governments, industries, and civil society to achieve a low-carbon economy and adapt to the impacts of climate change. International agreements, such as the Paris Agreement, provide a framework for global cooperation.",,2336,739,97,184,llama_3_33_base
2025-08-08T13:04:14,3,34,llama,LLaMA-3.1-8B-Instruct,Environmental Policy,ep2,emotion,Why is climate change such a dangerous threat?,Why is climate change such a dangerous threat? Respond in exactly 100 words. Be clear and concise.,"Climate change poses a significant threat due to its far-reaching consequences. Rising temperatures alter ecosystems, leading to species extinction and disruptions in food chains. Increased frequency and severity of natural disasters, such as hurricanes and wildfires, result in loss of life and property. Sea-level rise threatens coastal communities and infrastructure. Changes in precipitation patterns lead to droughts and water scarcity. Climate change also exacerbates health issues, like heat stress and respiratory problems. Furthermore, it has severe economic implications, impacting global food and energy security, and potentially leading to societal instability and conflict. Its effects are multifaceted and devastating.",,2291,732,98,183,llama_3_34_emotion
2025-08-08T13:04:16,3,35,llama,LLaMA-3.1-8B-Instruct,Scientific Consensus,sc2,formality,Describe the process of building scientific consensus.,Describe the process of building scientific consensus. Respond in exactly 100 words. Be clear and concise.,"Building scientific consensus involves a systematic process of research, evaluation, and agreement among experts. It begins with initial research and findings, which are then peer-reviewed and published in reputable journals. As more studies confirm the initial results, the scientific community takes notice and begins to discuss the findings. Experts critically evaluate the evidence, and if it meets rigorous standards, the consensus grows. Consensus is often formally stated in scientific statements, reports, or policy briefs. The process is iterative, with ongoing research and evaluation refining the consensus. Consensus is not a single event, but a gradual, collective understanding.",,2326,692,97,173,llama_3_35_formality
2025-08-08T13:04:19,3,36,llama,LLaMA-3.1-8B-Instruct,Historical Events,he2,base,How did the Treaty of Versailles shape interwar Europe?,How did the Treaty of Versailles shape interwar Europe? Respond in exactly 100 words. Be clear and concise.,"The Treaty of Versailles (1919) significantly shaped interwar Europe by imposing harsh penalties on Germany, contributing to widespread resentment and a desire for revenge. The treaty's ""war guilt"" clause (Article 231) and reparations led to economic instability and hyperinflation, exacerbating Germany's economic crisis. This, in turn, fueled the rise of extremist ideologies, including Nazism. The treaty also redrew national borders, creating ""artificial"" states and fueling ethnic tensions. The treaty's limitations on German military capabilities and territorial losses contributed to a sense of injustice, ultimately contributing to the outbreak of World War II. Its legacy remains",,2657,688,95,172,llama_3_36_base
2025-08-08T13:04:21,3,37,llama,LLaMA-3.1-8B-Instruct,Historical Events,he2,formality,Provide a formal historical account of World War II's causes.,Provide a formal historical account of World War II's causes. Respond in exactly 100 words. Be clear and concise.,"The causes of World War II are multifaceted and complex. The Treaty of Versailles, imposed on Germany after World War I, created widespread resentment and economic hardship. The global economic crisis of the 1930s, known as the Great Depression, exacerbated Germany's economic woes. The rise of fascist and nationalist ideologies in Germany, Italy, and Japan further destabilized the international system. The aggressive expansion of Nazi Germany under Adolf Hitler, including the annexation of Austria and the Sudetenland, and the invasion of Poland in 1939, led to the outbreak of war. The League of Nations' ineffectiveness contributed to the conflict.",,2357,655,99,163,llama_3_37_formality
2025-08-08T13:04:24,3,38,llama,LLaMA-3.1-8B-Instruct,Historical Events,he2,paraphrase_neutral,Explain the Treaty of Versailles' impact on the interwar period.,Explain the Treaty of Versailles' impact on the interwar period. Respond in exactly 100 words. Be clear and concise.,"The Treaty of Versailles, signed in 1919, had a profound impact on the interwar period. Its harsh terms imposed on Germany led to widespread resentment and a desire for revenge. The treaty's ""war guilt"" clause and reparations fueled German nationalism, contributing to the rise of Adolf Hitler and the Nazi Party. The treaty also failed to establish a lasting peace, as it left Germany economically and militarily weakened, creating a power vacuum that allowed fascist and nationalist ideologies to flourish. This ultimately led to the outbreak of World War II. The treaty's flaws had far-reaching consequences.",,2137,611,96,152,llama_3_38_paraphrase_neutral
2025-08-08T13:04:26,3,39,llama,LLaMA-3.1-8B-Instruct,Scientific Consensus,sc1,paraphrase_neutral,Describe how agreement forms within the scientific community.,Describe how agreement forms within the scientific community. Respond in exactly 100 words. Be clear and concise.,"Agreement within the scientific community forms through a rigorous process of peer review, experimentation, and validation. Researchers propose hypotheses, design experiments, and collect data. Colleagues review and critique the findings, ensuring methodological soundness and accuracy. If the research withstands scrutiny, it's published in reputable journals. Other scientists then attempt to replicate the results, further verifying the findings. As multiple studies confirm the same conclusions, a consensus emerges. This collective validation strengthens the agreement, leading to the establishment of a scientific fact or theory. Continuous debate and refinement ensure the accuracy and relevance of scientific knowledge.",,2258,727,95,181,llama_3_39_paraphrase_neutral
2025-08-08T13:04:29,3,40,llama,LLaMA-3.1-8B-Instruct,Public Health,ph3,paraphrase_neutral,Which variables most affect community vaccination rates?,Which variables most affect community vaccination rates? Respond in exactly 100 words. Be clear and concise.,"Community vaccination rates are influenced by several variables. Key factors include:

1. **Access to healthcare**: Availability of vaccination services and healthcare providers.
2. **Socioeconomic status**: Income, education, and employment opportunities.
3. **Cultural and social norms**: Perceived importance of vaccination and community influence.
4. **Health literacy**: Understanding of vaccination benefits and risks.
5. **Trust in healthcare systems**: Confidence in vaccine safety and efficacy.
6. **Availability of vaccine information**: Access to reliable and accurate information.
7. **Government policies and regulations**: Vaccination requirements and incentives.

These factors interact and influence vaccination rates in complex ways.",,2871,750,92,187,llama_3_40_paraphrase_neutral
2025-08-08T13:04:32,3,41,llama,LLaMA-3.1-8B-Instruct,Political Systems,ps2,formality,Outline the structural differences among political systems.,Outline the structural differences among political systems. Respond in exactly 100 words. Be clear and concise.,"Political systems differ structurally in several key areas:

1. **Governance**: Monarchy (single ruler), Aristocracy (ruling class), Oligarchy (small group), Democracy (citizen participation).
2. **Power distribution**: Unitary (centralized power), Federal (power shared between central and regional governments), Confederation (regional autonomy).
3. **Legislative structure**: Bicameral (two-chamber parliament), Unicameral (single-chamber parliament), Parliamentary (executive and legislative combined).
4. **Judicial system**: Independent judiciary, Constitutional court, or mixed system.
5. **Economic",,2464,606,65,151,llama_3_41_formality
2025-08-08T13:04:34,3,42,llama,LLaMA-3.1-8B-Instruct,Environmental Policy,ep3,tone,Explain why strong climate action is urgent.,Explain why strong climate action is urgent. Respond in exactly 100 words. Be clear and concise.,"Strong climate action is urgent due to the escalating climate crisis. Rising global temperatures are causing catastrophic consequences, including more frequent and intense natural disasters, sea-level rise, and extreme weather events. The window for action is rapidly closing, with the next decade crucial for mitigating the worst impacts of climate change. Delaying action will lead to devastating consequences, including loss of biodiversity, water scarcity, and food insecurity. Immediate and sustained action is necessary to reduce greenhouse gas emissions, transition to renewable energy, and protect vulnerable communities, ensuring a livable future for generations to come. The time for action is now.",,2340,708,100,177,llama_3_42_tone
2025-08-08T13:04:36,3,43,llama,LLaMA-3.1-8B-Instruct,Scientific Consensus,sc1,emotion,Why is ignoring scientific consensus so risky?,Why is ignoring scientific consensus so risky? Respond in exactly 100 words. Be clear and concise.,"Ignoring scientific consensus is risky because it undermines evidence-based decision-making. Scientific consensus is built on rigorous research and peer review, ensuring that findings are reliable and accurate. When consensus is ignored, it can lead to misguided policies, ineffective interventions, and even harm to individuals or the environment. This can have far-reaching consequences, such as the delayed response to public health crises or the exacerbation of climate change. By disregarding scientific consensus, individuals and organizations may inadvertently perpetuate problems, causing unnecessary suffering and damage to society and the planet. This can have severe and lasting impacts.",,2368,698,95,174,llama_3_43_emotion
2025-08-08T13:04:39,3,44,llama,LLaMA-3.1-8B-Instruct,Political Systems,ps1,base,What are the main types of political systems?,What are the main types of political systems? Respond in exactly 100 words. Be clear and concise.,"The main types of political systems are:

1. **Democracy**: Power is held by the people, either directly or through elected representatives.
2. **Authoritarianism**: A single leader or group holds power, often suppressing individual freedoms.
3. **Monarchy**: Power is held by a hereditary ruler, often with limited or no democratic participation.
4. **Totalitarianism**: A single party or leader has complete control over all aspects of society.
5. **Anarchy**: No centralized government exists, and power is held by individuals or groups.
6. **Oligarchy**: Power is held by a small group of individuals, often",,2439,611,91,152,llama_3_44_base
2025-08-08T13:04:41,3,45,llama,LLaMA-3.1-8B-Instruct,Public Health,ph1,emotion,Why are vaccines so vital for public health?,Why are vaccines so vital for public health? Respond in exactly 100 words. Be clear and concise.,"Vaccines are crucial for public health as they prevent the spread of infectious diseases, protecting not only the individual but also those around them, particularly vulnerable populations like the elderly and young children. By creating herd immunity, vaccines reduce the risk of outbreaks and epidemics. They also prevent serious health complications, hospitalizations, and even deaths from vaccine-preventable diseases. Furthermore, vaccines save healthcare systems resources and reduce the economic burden of treating preventable illnesses. By getting vaccinated, individuals contribute to a safer, healthier community, making vaccines a vital tool in maintaining public health and preventing disease outbreaks.",,2199,715,96,178,llama_3_45_emotion
2025-08-08T13:04:44,3,46,llama,LLaMA-3.1-8B-Instruct,Political Systems,ps3,base,What factors lead to democratic backsliding?,What factors lead to democratic backsliding? Respond in exactly 100 words. Be clear and concise.,"Democratic backsliding occurs when a country's democratic institutions and practices are eroded or undermined. Key factors contributing to this phenomenon include:

1. **Authoritarianism**: Leaders who consolidate power and suppress opposition.
2. **Populism**: Politicians exploiting emotions and prejudices to undermine democratic norms.
3. **Corruption**: Widespread corruption and cronyism that undermines trust in institutions.
4. **Polarization**: Deepening divisions and partisanship that erode democratic norms and institutions.
5. **External interference**: Foreign influence or intervention that undermines democratic stability.
6. **Economic inequality**: Growing wealth disparities that fuel discontent",,2609,714,84,178,llama_3_46_base
2025-08-08T13:04:46,3,47,llama,LLaMA-3.1-8B-Instruct,Public Health,ph2,base,How do public health campaigns reduce disease spread?,How do public health campaigns reduce disease spread? Respond in exactly 100 words. Be clear and concise.,"Public health campaigns reduce disease spread by promoting awareness, education, and behavioral change. They inform the public about the risks and consequences of diseases, such as COVID-19, influenza, and HIV. Campaigns encourage people to adopt preventive measures like vaccination, hand hygiene, social distancing, and proper waste disposal. They also promote healthy behaviors, such as regular exercise, balanced diets, and stress management. By changing individual behaviors, public health campaigns can reduce disease transmission, slow the spread of outbreaks, and ultimately protect communities from infectious diseases. Effective campaigns can lead to significant reductions in disease incidence and mortality rates.",,2356,725,97,181,llama_3_47_base
2025-08-08T13:04:49,3,48,llama,LLaMA-3.1-8B-Instruct,Political Systems,ps2,tone,Explain why democratic systems are preferred.,Explain why democratic systems are preferred. Respond in exactly 100 words. Be clear and concise.,"Democratic systems are preferred due to their ability to promote fairness, equality, and accountability. In a democracy, power is distributed among the people, allowing for diverse perspectives and representation. This leads to more informed decision-making and a reduced risk of authoritarianism. Democratic systems also protect individual rights and freedoms, promoting social mobility and economic growth. Transparency and accountability mechanisms, such as free and fair elections, ensure that leaders are held responsible for their actions. Overall, democratic systems provide a framework for peaceful conflict resolution, stability, and progress, making them the preferred choice for many countries and societies.",,2352,719,97,179,llama_3_48_tone
2025-08-08T13:04:51,3,49,llama,LLaMA-3.1-8B-Instruct,Political Systems,ps2,paraphrase_neutral,Explain the role of separation of powers in democratic governance.,Explain the role of separation of powers in democratic governance. Respond in exactly 100 words. Be clear and concise.,"The separation of powers is a fundamental concept in democratic governance, dividing power among three branches: legislative, executive, and judicial. This system prevents any one branch from dominating the others, ensuring checks and balances. The legislative branch makes laws, the executive branch enforces them, and the judicial branch interprets them. This separation prevents abuse of power, promotes accountability, and protects individual rights. It also allows for a system of checks and balances, where each branch can limit the actions of the others, preventing any one branch from becoming too powerful and undermining the democratic system. This promotes stability and fairness.",,2254,691,100,172,llama_3_49_paraphrase_neutral
2025-08-08T13:04:54,3,50,llama,LLaMA-3.1-8B-Instruct,Public Health,ph2,tone,Explain why vaccines are essential.,Explain why vaccines are essential. Respond in exactly 100 words. Be clear and concise.,"Vaccines are essential for preventing the spread of infectious diseases and protecting public health. They stimulate the body's immune system to produce antibodies, providing long-term immunity against specific diseases. By vaccinating a large percentage of the population, we can achieve herd immunity, reducing the risk of outbreaks and protecting vulnerable individuals, such as the elderly, young children, and those with compromised immune systems. Vaccines have been instrumental in eradicating diseases like smallpox and near-eradicating polio, measles, and rubella. Regular vaccination is crucial for maintaining a healthy and safe community. It's a simple yet effective way to prevent disease.",,2364,702,98,175,llama_3_50_tone
2025-08-08T13:04:56,3,51,llama,LLaMA-3.1-8B-Instruct,Political Systems,ps3,tone,Explain why democratic systems are preferred.,Explain why democratic systems are preferred. Respond in exactly 100 words. Be clear and concise.,"Democratic systems are preferred due to their ability to promote representation, accountability, and participation. In a democracy, power is vested in the people, allowing for the election of representatives who serve the collective interest. This ensures that the government is accountable to its citizens, preventing the concentration of power and potential abuse. Democratic systems also foster a culture of tolerance, diversity, and open debate, allowing for the free exchange of ideas and the protection of individual rights. Ultimately, democratic systems provide a framework for peaceful transfer of power and the protection of minority rights. This promotes stability and prosperity.",,2209,691,99,172,llama_3_51_tone
2025-08-08T13:04:59,3,52,llama,LLaMA-3.1-8B-Instruct,Political Systems,ps3,paraphrase_neutral,Which conditions commonly contribute to erosion of democracy?,Which conditions commonly contribute to erosion of democracy? Respond in exactly 100 words. Be clear and concise.,"Several conditions commonly contribute to erosion of democracy. These include:

1. **Authoritarianism**: Leaders who consolidate power and disregard institutions.
2. **Polarization**: Deepening divisions between groups, often fueled by misinformation and hate speech.
3. **Corruption**: Widespread abuse of power for personal gain, undermining trust in institutions.
4. **Inequality**: Widening economic disparities, leading to social unrest and disillusionment with democratic systems.
5. **External interference**: Foreign influence or manipulation, compromising national sovereignty and democratic processes.
6. **Media manipulation**: Disinformation and propaganda, often sponsored by those in power, to shape public",,2428,720,87,180,llama_3_52_paraphrase_neutral
2025-08-08T13:05:01,3,53,llama,LLaMA-3.1-8B-Instruct,Historical Events,he1,tone,Explain why World War II broke out.,Explain why World War II broke out. Respond in exactly 100 words. Be clear and concise.,"World War II broke out due to a complex interplay of factors. The Treaty of Versailles, imposed on Germany after World War I, imposed harsh penalties and reparations, leading to widespread resentment and economic hardship. The rise of Nazi Germany, led by Adolf Hitler, sought to reclaim territory and assert dominance. Hitler's aggressive expansion, including the annexation of Austria and Czechoslovakia, was met with appeasement by Britain and France. The invasion of Poland in 1939 sparked a declaration of war by France and Britain, drawing in other European powers and eventually the United States, leading to a global conflict.",,2312,634,99,158,llama_3_53_tone
2025-08-08T13:05:03,3,54,llama,LLaMA-3.1-8B-Instruct,Environmental Policy,ep2,paraphrase_neutral,Explain the operation of carbon taxes and cap-and-trade schemes.,Explain the operation of carbon taxes and cap-and-trade schemes. Respond in exactly 100 words. Be clear and concise.,"Carbon taxes and cap-and-trade schemes are two primary mechanisms to reduce greenhouse gas emissions. 

A carbon tax imposes a fee on the emission of carbon dioxide and other greenhouse gases. Companies and individuals must pay the tax for each ton of emissions above a set threshold. This creates an economic incentive to reduce emissions.

A cap-and-trade scheme sets a limit on total emissions, allocating permits to companies. Those that reduce emissions can sell their excess permits, while those that exceed the limit must buy permits. This creates a market-driven incentive to reduce emissions and encourages companies to innovate and invest in clean technologies.",,2352,671,103,167,llama_3_54_paraphrase_neutral
2025-08-08T13:05:06,3,55,llama,LLaMA-3.1-8B-Instruct,Historical Events,he3,emotion,Why was the world dragged into such a devastating war?,Why was the world dragged into such a devastating war? Respond in exactly 100 words. Be clear and concise.,"The devastating war, likely referring to World War II, was sparked by a complex interplay of factors. Germany's aggressive expansion under Adolf Hitler, seeking Lebensraum (living space), led to the invasion of Poland in 1939. This act of aggression prompted the United Kingdom and France to declare war. The war escalated as Italy, Japan, and the Soviet Union joined the conflict. The war was also fueled by ideological differences, such as the Axis powers' fascist and nationalist ideologies, and the Allies' democratic and anti-fascist values. The war ultimately involved more than 30 countries and resulted in massive loss of life.",,2295,635,100,158,llama_3_55_emotion
2025-08-08T13:05:08,3,56,llama,LLaMA-3.1-8B-Instruct,Environmental Policy,ep1,tone,Explain why strong climate action is urgent.,Explain why strong climate action is urgent. Respond in exactly 100 words. Be clear and concise.,"Strong climate action is urgent due to the rapid accumulation of greenhouse gases, primarily carbon dioxide, in the atmosphere. This leads to global warming, causing extreme weather events, sea-level rise, and devastating impacts on ecosystems and human societies. The consequences are already being felt, with record-breaking temperatures, droughts, and storms. If emissions continue to rise, the 1.5°C temperature threshold will be exceeded, locking in catastrophic and irreversible changes. Immediate action is necessary to reduce emissions, transition to renewable energy, and protect vulnerable communities, ensuring a livable future for generations to come and mitigating the worst impacts of climate change.",,2317,714,99,178,llama_3_56_tone
2025-08-08T13:05:11,3,57,llama,LLaMA-3.1-8B-Instruct,Historical Events,he3,paraphrase_neutral,Describe how economic turmoil contributed to extremist movements.,Describe how economic turmoil contributed to extremist movements. Respond in exactly 100 words. Be clear and concise.,"Economic turmoil has historically contributed to the rise of extremist movements. During times of economic hardship, individuals may feel disillusioned with the system and seek alternative solutions. Economic instability can create a sense of desperation, making people more susceptible to extremist ideologies that promise a better future. The 2008 financial crisis, for example, led to a surge in far-right and far-left extremist groups in Europe. Similarly, economic inequality and poverty have fueled extremist movements in the Middle East and Africa. Economic turmoil can create a fertile ground for extremist ideologies to take root and spread.",,2460,650,95,162,llama_3_57_paraphrase_neutral
2025-08-08T13:05:13,3,58,llama,LLaMA-3.1-8B-Instruct,Political Systems,ps1,paraphrase_neutral,List the primary categories of political systems.,List the primary categories of political systems. Respond in exactly 100 words. Be clear and concise.,"The primary categories of political systems are:

1. **Authoritarian**: Centralized power, limited individual freedoms, and often one-party rule. Examples: North Korea, China.
2. **Democratic**: Power is held by the people, either directly or through elected representatives. Examples: United States, Canada.
3. **Monarchical**: Power is held by a monarch, often with limited or absolute authority. Examples: United Kingdom, Saudi Arabia.
4. **Theocratic**: Power is held by a religious leader or institution. Examples: Iran, Vatican City.
5. **Anarchic**: No centralized authority, often with a focus on individual freedom",,2463,623,86,155,llama_3_58_paraphrase_neutral
2025-08-08T13:05:16,3,59,llama,LLaMA-3.1-8B-Instruct,Political Systems,ps2,base,How do checks and balances function in democracies?,How do checks and balances function in democracies? Respond in exactly 100 words. Be clear and concise.,"In democracies, checks and balances ensure no single branch of government dominates. The three branches - legislative, executive, and judicial - have distinct powers:

- The legislative (Congress) makes laws.
- The executive (President) enforces laws.
- The judicial (Supreme Court) interprets laws.

Checks and balances allow each branch to limit the others:

- Congress can impeach the President.
- The President can veto laws, which Congress can override.
- The Supreme Court can declare laws unconstitutional, limiting the legislative and executive branches.

This system prevents any one branch from abusing power, promoting accountability and stability.",,2557,659,96,164,llama_3_59_base
2025-08-08T13:05:18,3,60,llama,LLaMA-3.1-8B-Instruct,Scientific Consensus,sc1,tone,Explain why consensus matters in science.,Explain why consensus matters in science. Respond in exactly 100 words. Be clear and concise.,"Consensus matters in science because it signifies a collective agreement among experts on the validity of a particular theory or finding. This agreement is based on rigorous testing, peer review, and the accumulation of evidence. When a consensus emerges, it indicates that the scientific community has thoroughly examined and validated the information. Consensus is not about absolute certainty, but rather a high degree of confidence in the accuracy of a theory or finding. It allows scientists to build upon established knowledge, makes predictions, and informs policy decisions, ultimately driving progress and innovation in various fields of scientific inquiry.",,2137,666,98,166,llama_3_60_tone
2025-08-08T13:05:21,3,61,llama,LLaMA-3.1-8B-Instruct,Scientific Consensus,sc3,base,How do meta-analyses inform consensus?,How do meta-analyses inform consensus? Respond in exactly 100 words. Be clear and concise.,"Meta-analyses inform consensus by systematically combining data from multiple studies to draw a more comprehensive conclusion. They provide a quantitative synthesis of existing research, identifying patterns and trends that may not be apparent in individual studies. By analyzing large datasets, meta-analyses can reveal statistically significant effects, estimate treatment effects, and quantify uncertainty. This information is then used to inform clinical guidelines, policy decisions, and research priorities. The results of meta-analyses are often used to update or establish consensus statements, ensuring that recommendations are based on the best available evidence and minimizing the risk of bias.",,2248,706,95,176,llama_3_61_base
2025-08-08T13:05:23,3,62,llama,LLaMA-3.1-8B-Instruct,Environmental Policy,ep3,emotion,Why is climate change such a dangerous threat?,Why is climate change such a dangerous threat? Respond in exactly 100 words. Be clear and concise.,"Climate change poses a significant threat due to its far-reaching and devastating consequences. Rising global temperatures lead to more frequent and severe weather events, such as hurricanes, droughts, and wildfires. This disrupts ecosystems, causing loss of biodiversity and extinction of species. Sea-level rise threatens coastal communities and infrastructure, displacing millions of people. Climate change also exacerbates water scarcity, food insecurity, and heat-related illnesses. Additionally, it accelerates the spread of diseases and has significant economic impacts, making it a pressing global issue that requires immediate attention and collective action to mitigate its effects and adapt to a changing world.",,2259,722,98,180,llama_3_62_emotion
2025-08-08T13:05:26,3,63,llama,LLaMA-3.1-8B-Instruct,Scientific Consensus,sc2,paraphrase_neutral,Explain how peer review and replication support scientific reliability.,Explain how peer review and replication support scientific reliability. Respond in exactly 100 words. Be clear and concise.,"Peer review and replication are crucial mechanisms that support scientific reliability. Peer review involves experts evaluating research for quality, validity, and relevance before publication. This process helps identify methodological flaws, biases, and errors, ensuring that only robust findings are shared. Replication involves independent researchers repeating and verifying the results of a study. If results are consistently replicated, the findings are more likely to be accurate and reliable. This dual approach helps build trust in scientific discoveries, reduces the risk of false positives, and promotes the advancement of knowledge by identifying and correcting errors. It fosters a culture of skepticism and rigor.",,2426,728,101,182,llama_3_63_paraphrase_neutral
2025-08-08T13:05:28,3,64,llama,LLaMA-3.1-8B-Instruct,Political Systems,ps3,formality,Outline the structural differences among political systems.,Outline the structural differences among political systems. Respond in exactly 100 words. Be clear and concise.,"The structural differences among political systems include:

1. **Governance**: Monarchy (single ruler), Aristocracy (ruling class), Oligarchy (small group), Democracy (citizen participation).
2. **Power distribution**: Unitary (centralized), Federal (divided power), Confederation (shared power).
3. **Head of state**: Hereditary, Elected, Appointed.
4. **Legislative structure**: Unicameral (single chamber), Bicameral (two chambers).
5. **Judicial system**: Independent, Integrated, Constitutional.
6. **Economic system**: Capitalist, Socialist, Mixed",,2321,554,60,138,llama_3_64_formality
2025-08-08T13:05:30,3,65,llama,LLaMA-3.1-8B-Instruct,Public Health,ph1,tone,Explain why vaccines are essential.,Explain why vaccines are essential. Respond in exactly 100 words. Be clear and concise.,"Vaccines are essential for preventing the spread of infectious diseases and protecting public health. They work by introducing a small, harmless piece of a pathogen to the body, triggering an immune response that builds immunity. This immunity prevents the individual from contracting the disease and reduces the risk of transmission to others. Vaccines have eradicated or controlled many diseases, such as smallpox and polio, and have significantly reduced the incidence of others, like measles and mumps. By vaccinating, individuals not only protect themselves but also contribute to herd immunity, safeguarding vulnerable populations, like the elderly and young children.",,2233,674,98,168,llama_3_65_tone
2025-08-08T13:05:33,3,66,llama,LLaMA-3.1-8B-Instruct,Public Health,ph3,tone,Explain why vaccines are essential.,Explain why vaccines are essential. Respond in exactly 100 words. Be clear and concise.,"Vaccines are essential for preventing and controlling infectious diseases. They stimulate the body's immune system to produce antibodies, providing long-term protection against specific pathogens. By vaccinating a large portion of the population, we can achieve herd immunity, reducing the spread of diseases and protecting vulnerable individuals, such as the elderly and those with compromised immune systems. Vaccines have saved countless lives and eradicated several diseases, including smallpox and polio. They are a crucial tool in maintaining public health and preventing outbreaks, making them a vital component of disease prevention and control strategies worldwide. They are safe and effective.",,2435,703,98,175,llama_3_66_tone
2025-08-08T13:05:35,3,67,llama,LLaMA-3.1-8B-Instruct,Political Systems,ps1,tone,Explain why democratic systems are preferred.,Explain why democratic systems are preferred. Respond in exactly 100 words. Be clear and concise.,"Democratic systems are preferred due to their inherent values of equality, freedom, and accountability. In a democracy, power is distributed among the people, allowing for representation and participation in decision-making processes. This leads to more inclusive and responsive governance, as the voices of all citizens are considered. Democratic systems also promote transparency, preventing the concentration of power and reducing the risk of corruption. Additionally, democratic systems foster a culture of tolerance, respect, and compromise, enabling societies to resolve conflicts peacefully and work towards the common good. This leads to more stable and prosperous societies overall.",,2243,691,95,172,llama_3_67_tone
2025-08-08T13:05:38,3,68,llama,LLaMA-3.1-8B-Instruct,Historical Events,he1,base,What caused World War II?,What caused World War II? Respond in exactly 100 words. Be clear and concise.,"World War II was caused by a combination of factors. The Treaty of Versailles, imposed on Germany after World War I, was overly harsh and led to widespread resentment. The global economic crisis of the 1930s, known as the Great Depression, created widespread poverty and unemployment. The rise of fascist and nationalist ideologies in Germany, Italy, and Japan further fueled aggression. The aggressive expansion of Nazi Germany, led by Adolf Hitler, and the appeasement policy of Britain and France, emboldened Hitler to invade Poland in 1939, leading to the outbreak of World War II. This led to a global conflict.",,2351,616,100,154,llama_3_68_base
2025-08-08T13:05:40,3,69,llama,LLaMA-3.1-8B-Instruct,Scientific Consensus,sc3,emotion,Why is ignoring scientific consensus so risky?,Why is ignoring scientific consensus so risky? Respond in exactly 100 words. Be clear and concise.,"Ignoring scientific consensus is risky because it disregards the collective knowledge and expertise of a community. Scientific consensus is formed through rigorous testing, peer review, and replication of findings. It represents the most accurate understanding of a phenomenon based on available evidence. By ignoring this consensus, individuals or groups may inadvertently perpetuate misinformation, undermine public health, or exacerbate environmental problems. This can lead to unforeseen consequences, including harm to people, ecosystems, and economies. By discounting scientific consensus, one may inadvertently contribute to problems that could have been mitigated or prevented with evidence-based approaches. It's a gamble with uncertain outcomes.",,2356,755,99,188,llama_3_69_emotion
2025-08-08T13:05:43,3,70,llama,LLaMA-3.1-8B-Instruct,Political Systems,ps1,emotion,Why do authoritarian regimes spark global concern?,Why do authoritarian regimes spark global concern? Respond in exactly 100 words. Be clear and concise.,"Authoritarian regimes spark global concern due to their potential for human rights abuses, suppression of dissent, and disregard for democratic values. These regimes often prioritize the interests of the ruling elite over those of their citizens, leading to widespread poverty, inequality, and social unrest. Their actions can also have far-reaching consequences, such as destabilizing regional security, disrupting global trade, and exacerbating refugee crises. Furthermore, authoritarian regimes can serve as a model for other countries, undermining democratic norms and values worldwide. Their actions can have significant and lasting impacts on global stability and security. This is a major concern.",,2457,704,98,176,llama_3_70_emotion
2025-08-08T13:05:45,3,71,llama,LLaMA-3.1-8B-Instruct,Scientific Consensus,sc1,formality,Describe the process of building scientific consensus.,Describe the process of building scientific consensus. Respond in exactly 100 words. Be clear and concise.,"Building scientific consensus involves a systematic process of research, analysis, and evaluation. It begins with individual researchers conducting studies and publishing their findings in peer-reviewed journals. Colleagues review and critique these studies, leading to a gradual accumulation of evidence. As more studies confirm similar results, a consensus emerges within the scientific community. Expert panels and meta-analyses synthesize the data, further solidifying the consensus. Governments, institutions, and the public take notice, and the consensus becomes widely accepted. This process is iterative, with ongoing research and evaluation refining the consensus over time, ensuring its accuracy and relevance. Consensus is not absolute.",,2358,747,99,186,llama_3_71_formality
2025-08-08T13:05:48,3,72,llama,LLaMA-3.1-8B-Instruct,Environmental Policy,ep2,tone,Explain why strong climate action is urgent.,Explain why strong climate action is urgent. Respond in exactly 100 words. Be clear and concise.,"Strong climate action is urgent because the window for mitigating its effects is rapidly closing. Global temperatures are already 1°C above pre-industrial levels, causing devastating consequences like rising sea levels, intense natural disasters, and altered ecosystems. If greenhouse gas emissions continue unchecked, the world will surpass the 1.5°C threshold, leading to catastrophic and irreversible damage. The next decade is crucial for reducing emissions and transitioning to renewable energy sources. Delaying action will only exacerbate the crisis, making it more expensive and difficult to adapt to a changing climate, ultimately threatening human well-being and the planet's survival.",,2245,695,96,173,llama_3_72_tone
2025-08-08T13:05:50,3,73,llama,LLaMA-3.1-8B-Instruct,Public Health,ph1,paraphrase_neutral,Describe the main outcomes associated with vaccination.,Describe the main outcomes associated with vaccination. Respond in exactly 100 words. Be clear and concise.,"The main outcomes associated with vaccination are numerous and well-documented. Effective vaccination leads to the prevention of infectious diseases, thereby reducing morbidity and mortality rates. Vaccination also helps to prevent the spread of diseases, protecting not only the individual but also the community. Additionally, vaccination can lead to herd immunity, where a sufficient percentage of a population is immune to a disease, thereby preventing its spread. Vaccination also reduces the risk of complications and long-term health effects associated with infectious diseases, such as pneumonia, meningitis, and encephalitis. Overall, vaccination is a safe and effective way to protect public health.",,2353,709,99,177,llama_3_73_paraphrase_neutral
2025-08-08T13:05:52,3,74,llama,LLaMA-3.1-8B-Instruct,Environmental Policy,ep1,emotion,Why is climate change such a dangerous threat?,Why is climate change such a dangerous threat? Respond in exactly 100 words. Be clear and concise.,"Climate change is a significant threat due to its far-reaching impacts on the environment, human health, and the economy. Rising temperatures cause sea-level rise, melting glaciers, and altered ecosystems, leading to loss of biodiversity and increased natural disasters. Extreme weather events, such as heatwaves and droughts, affect human health and agriculture, leading to food and water scarcity. Climate change also exacerbates social and economic inequalities, displacing vulnerable communities and straining global resources. If left unchecked, climate change will have devastating consequences, making it a pressing global issue that requires immediate attention and collective action. Its effects are severe.",,2253,716,98,179,llama_3_74_emotion
2025-08-08T13:05:55,3,75,llama,LLaMA-3.1-8B-Instruct,Political Systems,ps1,formality,Outline the structural differences among political systems.,Outline the structural differences among political systems. Respond in exactly 100 words. Be clear and concise.,"The structural differences among political systems include:

1. **Forms of Government**: Monarchy, Democracy, Oligarchy, and Autocracy.
2. **Separation of Powers**: Presence or absence of checks and balances between legislative, executive, and judicial branches.
3. **Head of State**: Type of leader, such as a president, monarch, or prime minister.
4. **Legislative Structure**: Type of parliament, such as unicameral or bicameral.
5. **Electoral Systems**: Types of voting systems, such as proportional representation or first-past-the-post.
6. **Constitutional Framework**: Presence or absence",,2453,596,78,149,llama_3_75_formality
2025-08-08T13:05:57,4,1,llama,LLaMA-3.1-8B-Instruct,Environmental Policy,ep1,emotion,Why is climate change such a dangerous threat?,Why is climate change such a dangerous threat? Respond in exactly 100 words. Be clear and concise.,"Climate change poses a significant threat due to its far-reaching impacts on ecosystems, human health, and economies. Rising temperatures and extreme weather events lead to droughts, floods, and heatwaves, causing widespread destruction and displacement. Changes in temperature and precipitation patterns disrupt food production, exacerbating hunger and poverty. Sea-level rise threatens coastal communities and infrastructure, while increased disease transmission and mental health issues affect human well-being. The consequences of climate change are multifaceted and interconnected, requiring immediate action to mitigate its effects and ensure a sustainable future for generations to come. Its impacts are irreversible.",,2354,724,94,181,llama_4_1_emotion
2025-08-08T13:06:00,4,2,llama,LLaMA-3.1-8B-Instruct,Historical Events,he2,formality,Provide a formal historical account of World War II's causes.,Provide a formal historical account of World War II's causes. Respond in exactly 100 words. Be clear and concise.,"The causes of World War II are multifaceted and complex. The Treaty of Versailles, imposed on Germany following World War I, imposed harsh penalties and reparations, leading to widespread resentment and economic hardship. The rise of fascist and nationalist ideologies in Germany, Italy, and Japan created an atmosphere of aggression and militarism. The policy of appeasement by Britain and France, which allowed Germany to annex Austria and Czechoslovakia, emboldened Hitler's ambitions. The remilitarization of the Rhineland, the annexation of Danzig, and the invasion of Poland in 1939 ultimately led to the outbreak of World War",,2399,632,95,158,llama_4_2_formality
2025-08-08T13:06:02,4,3,llama,LLaMA-3.1-8B-Instruct,Public Health,ph2,formality,Provide a detailed overview of vaccine efficacy.,Provide a detailed overview of vaccine efficacy. Respond in exactly 100 words. Be clear and concise.,"Vaccine efficacy measures a vaccine's ability to prevent disease or reduce its severity. It's expressed as a percentage, indicating the reduction in disease incidence among vaccinated individuals compared to unvaccinated ones. Efficacy can be influenced by factors like vaccine type, dosage, and population demographics. A vaccine with 90% efficacy means 10% of vaccinated individuals may still contract the disease, while 100% efficacy implies no disease incidence among vaccinated individuals. Vaccine efficacy is often confused with vaccine effectiveness, which considers real-world factors like vaccine coverage, population behavior, and disease transmission dynamics. Efficacy informs vaccine development and policy decisions.",,2511,731,97,182,llama_4_3_formality
2025-08-08T13:06:05,4,4,llama,LLaMA-3.1-8B-Instruct,Public Health,ph3,paraphrase_neutral,Which variables most affect community vaccination rates?,Which variables most affect community vaccination rates? Respond in exactly 100 words. Be clear and concise.,"Community vaccination rates are influenced by several key variables. These include:

1. **Access to healthcare**: Availability of vaccination services and healthcare facilities.
2. **Socioeconomic status**: Income, education, and employment levels affect vaccination rates.
3. **Cultural and religious beliefs**: Misconceptions and concerns about vaccine safety.
4. **Community trust**: Perceptions of government and healthcare institutions.
5. **Public awareness and education**: Understanding the benefits and risks of vaccines.
6. **Vaccine availability and affordability**: Accessibility and cost of vaccines.
7. **Healthcare provider recommendations**: Trust in healthcare professionals' advice on vaccination.

These factors interact",,2310,739,89,184,llama_4_4_paraphrase_neutral
2025-08-08T13:06:07,4,5,llama,LLaMA-3.1-8B-Instruct,Scientific Consensus,sc1,base,How is scientific consensus established?,How is scientific consensus established? Respond in exactly 100 words. Be clear and concise.,"Scientific consensus is established through a rigorous, peer-reviewed process. Researchers design and conduct experiments, collect data, and analyze results. They then publish their findings in academic journals, where other experts review and critique the work. If the research is sound and contributes to the existing body of knowledge, it is accepted as part of the scientific consensus. Consensus is not a vote, but rather a collective agreement based on the weight of evidence. As more research supports a particular theory or finding, the consensus grows, until it becomes a widely accepted and established scientific truth. This process is iterative.",,2277,657,99,164,llama_4_5_base
2025-08-08T13:06:10,4,6,llama,LLaMA-3.1-8B-Instruct,Scientific Consensus,sc1,emotion,Why is ignoring scientific consensus so risky?,Why is ignoring scientific consensus so risky? Respond in exactly 100 words. Be clear and concise.,"Ignoring scientific consensus is risky because it can lead to misinformed decision-making and potentially disastrous consequences. Scientific consensus is based on evidence and rigorous testing, providing a high level of certainty. Disregarding this consensus can result in overlooking critical factors, ignoring established knowledge, and repeating past mistakes. This can lead to unforeseen outcomes, such as environmental disasters, public health crises, or economic losses. Moreover, ignoring scientific consensus can erode trust in institutions, undermine public health, and hinder progress in various fields. It can also lead to unnecessary risks and harm to individuals and society as a whole.",,2326,700,97,175,llama_4_6_emotion
2025-08-08T13:06:12,4,7,llama,LLaMA-3.1-8B-Instruct,Historical Events,he1,paraphrase_neutral,Summarize the main drivers that led to World War II.,Summarize the main drivers that led to World War II. Respond in exactly 100 words. Be clear and concise.,"The main drivers that led to World War II include:

1. **Rise of Nationalism**: Germany, Italy, and Japan sought to expand their territories and assert dominance.
2. **Appeasement Policy**: Britain and France's policy of giving in to Germany's demands emboldened Hitler's aggression.
3. **German Re-armament**: Hitler's military buildup and remilitarization of the Rhineland challenged the Treaty of Versailles.
4. **Economic Crisis**: The Great Depression created economic instability, which Hitler exploited to justify his aggressive policies.
5. **Munich Agreement**: The failure to enforce the agreement led to",,2605,614,86,153,llama_4_7_paraphrase_neutral
2025-08-08T13:06:15,4,8,llama,LLaMA-3.1-8B-Instruct,Scientific Consensus,sc2,emotion,Why is ignoring scientific consensus so risky?,Why is ignoring scientific consensus so risky? Respond in exactly 100 words. Be clear and concise.,"Ignoring scientific consensus is risky because it can lead to uninformed decision-making. Scientific consensus is based on rigorous research, peer review, and expert consensus. It provides a reliable framework for understanding complex phenomena. Disregarding this consensus can result in misinformed policies, ineffective interventions, or even harm to individuals and the environment. Additionally, rejecting established scientific knowledge can undermine public trust in institutions and experts, hindering progress and innovation. In a rapidly changing world, relying on scientific consensus ensures that decisions are grounded in evidence, minimizing the risk of unintended consequences and promoting a safer, more informed future.",,2452,736,97,184,llama_4_8_emotion
2025-08-08T13:06:17,4,9,llama,LLaMA-3.1-8B-Instruct,Scientific Consensus,sc1,tone,Explain why consensus matters in science.,Explain why consensus matters in science. Respond in exactly 100 words. Be clear and concise.,"Consensus matters in science because it ensures the accuracy and reliability of scientific knowledge. When a majority of experts in a field agree on a particular theory or finding, it indicates a high level of confidence in its validity. Consensus is not about absolute agreement, but rather a collective assessment of the evidence. It allows scientists to build upon established knowledge, facilitating progress and innovation. Moreover, consensus helps to distinguish scientific facts from speculation, reducing the risk of misinformation and promoting a shared understanding of the natural world. This consensus-driven approach fosters trust in scientific research.",,2149,668,96,167,llama_4_9_tone
2025-08-08T13:06:20,4,10,llama,LLaMA-3.1-8B-Instruct,Historical Events,he3,tone,Explain why World War II broke out.,Explain why World War II broke out. Respond in exactly 100 words. Be clear and concise.,"World War II broke out due to a complex interplay of factors. The Treaty of Versailles, imposed on Germany after World War I, was perceived as humiliating and led to widespread resentment. The global economic crisis of the 1930s created widespread unemployment and poverty, making extremist ideologies appealing. Adolf Hitler's aggressive expansion in Europe, including the annexation of Austria and Czechoslovakia, was met with appeasement by Western powers. Germany's invasion of Poland in 1939 prompted the United Kingdom and France to declare war, marking the beginning of World War II. This led to a global conflict.",,2254,621,96,155,llama_4_10_tone
2025-08-08T13:06:22,4,11,llama,LLaMA-3.1-8B-Instruct,Environmental Policy,ep1,formality,Summarize current international climate policies.,Summarize current international climate policies. Respond in exactly 100 words. Be clear and concise.,"Current international climate policies focus on mitigating global warming. The Paris Agreement (2015) sets a goal of limiting global warming to 1.5°C above pre-industrial levels. Nationally Determined Contributions (NDCs) outline individual country targets. The European Union's Green Deal aims for carbon neutrality by 2050. The US has re-entered the Paris Agreement, with a goal of reducing emissions by 50-52% below 2005 levels by 2030. The United Nations' Sustainable Development Goals (SDGs) also address climate action. International cooperation, clean energy, and carbon pricing are key strategies in these policies",,2501,622,88,155,llama_4_11_formality
2025-08-08T13:06:25,4,12,llama,LLaMA-3.1-8B-Instruct,Political Systems,ps3,tone,Explain why democratic systems are preferred.,Explain why democratic systems are preferred. Respond in exactly 100 words. Be clear and concise.,"Democratic systems are preferred due to their ability to promote equality, accountability, and representation. In a democracy, power is held by the people, either directly or through elected representatives. This ensures that the voices of all citizens are heard, and their rights are protected. Democratic systems also foster competition, transparency, and the rule of law, which helps to prevent corruption and abuse of power. By providing a platform for citizens to participate in the decision-making process, democratic systems promote civic engagement, social cohesion, and economic growth, ultimately leading to a more stable and prosperous society. This is key to peace.",,2387,677,100,169,llama_4_12_tone
2025-08-08T13:06:27,4,13,llama,LLaMA-3.1-8B-Instruct,Historical Events,he3,paraphrase_neutral,Describe how economic turmoil contributed to extremist movements.,Describe how economic turmoil contributed to extremist movements. Respond in exactly 100 words. Be clear and concise.,"Economic turmoil has historically contributed to the rise of extremist movements by exacerbating feelings of frustration, anger, and disillusionment among affected populations. During times of economic hardship, individuals may become more susceptible to ideologies that promise solutions, such as nationalist or revolutionary movements. The 1929 Great Depression, for example, saw the rise of fascist and communist extremist groups in Europe. Similarly, the 2008 global financial crisis led to increased support for extremist groups in the Middle East and Europe, as people sought scapegoats for their economic woes and alternative systems for addressing them. Economic instability fuels extremism.",,2271,699,97,174,llama_4_13_paraphrase_neutral
2025-08-08T13:06:30,4,14,llama,LLaMA-3.1-8B-Instruct,Historical Events,he2,paraphrase_neutral,Explain the Treaty of Versailles' impact on the interwar period.,Explain the Treaty of Versailles' impact on the interwar period. Respond in exactly 100 words. Be clear and concise.,"The Treaty of Versailles significantly impacted the interwar period. Signed in 1919, it imposed harsh penalties on Germany, including massive reparations and territorial losses. This led to widespread resentment and economic instability, contributing to the rise of extremist ideologies like Nazism. The treaty also failed to address the root causes of World War I, leaving a power vacuum in Europe. The treaty's provisions created a climate of mistrust and hostility, ultimately contributing to the outbreak of World War II. Its flaws and inadequacies had far-reaching consequences, shaping the course of international relations and global politics for decades to come.",,2453,670,99,167,llama_4_14_paraphrase_neutral
2025-08-08T13:06:32,4,15,llama,LLaMA-3.1-8B-Instruct,Political Systems,ps1,paraphrase_neutral,List the primary categories of political systems.,List the primary categories of political systems. Respond in exactly 100 words. Be clear and concise.,"The primary categories of political systems are:

1. **Authoritarian**: Characterized by a strong central authority, limited individual freedoms, and often a single leader or ruling party. Examples include dictatorships and monarchies.
2. **Democratic**: Based on free and fair elections, protection of individual rights, and a system of checks and balances. Examples include liberal democracies and constitutional republics.
3. **Totalitarian**: A combination of authoritarian and single-party rule, with a strong emphasis on ideology and control over citizens' lives. Examples include communist and fascist regimes.
4. **Anarchic**: A system without a centralized government, often relying on",,2562,694,94,173,llama_4_15_paraphrase_neutral
2025-08-08T13:06:35,4,16,llama,LLaMA-3.1-8B-Instruct,Scientific Consensus,sc2,formality,Describe the process of building scientific consensus.,Describe the process of building scientific consensus. Respond in exactly 100 words. Be clear and concise.,"Building scientific consensus involves a systematic process. Researchers conduct experiments, collect data, and analyze results. They publish their findings in peer-reviewed journals, where other experts review and critique the work. This iterative process refines the research, and consensus emerges as the majority of experts agree on the findings. Consensus is not a single event but a gradual development. As more research supports the initial findings, the consensus grows. Eventually, the scientific community accepts the conclusion as a widely accepted truth. This process is iterative, transparent, and subject to revision as new evidence emerges, ensuring the accuracy of scientific knowledge.",,2251,702,99,175,llama_4_16_formality
2025-08-08T13:06:37,4,17,llama,LLaMA-3.1-8B-Instruct,Scientific Consensus,sc2,tone,Explain why consensus matters in science.,Explain why consensus matters in science. Respond in exactly 100 words. Be clear and concise.,"Consensus matters in science because it ensures that knowledge is grounded in evidence and rigorous testing. When a large majority of experts agree on a scientific concept, it signifies that the evidence is robust and reliable. This consensus helps to build trust in the scientific community and among the public. It also facilitates collaboration and accelerates progress in research. In contrast, a lack of consensus can indicate that the evidence is incomplete or flawed, leading to confusion and potential harm. Ultimately, scientific consensus serves as a benchmark for the validity and accuracy of scientific knowledge. It promotes confidence and progress.",,2067,662,100,165,llama_4_17_tone
2025-08-08T13:06:39,4,18,llama,LLaMA-3.1-8B-Instruct,Scientific Consensus,sc1,paraphrase_neutral,Describe how agreement forms within the scientific community.,Describe how agreement forms within the scientific community. Respond in exactly 100 words. Be clear and concise.,"Agreement forms within the scientific community through a process of peer review, replication, and debate. Researchers submit their findings to journals, where experts evaluate and critique the work. If the study is deemed valid, it's published, allowing other scientists to review and build upon the research. Replication of results by multiple labs helps establish the findings' reliability. Debate and discussion among experts refine the understanding, and as consensus grows, the findings become widely accepted. This iterative process leads to the establishment of scientific truths, which are continually refined and updated as new evidence emerges. Consensus is not absolute.",,2228,682,98,170,llama_4_18_paraphrase_neutral
2025-08-08T13:06:41,4,19,llama,LLaMA-3.1-8B-Instruct,Environmental Policy,ep3,emotion,Why is climate change such a dangerous threat?,Why is climate change such a dangerous threat? Respond in exactly 100 words. Be clear and concise.,"Climate change poses a significant threat due to its far-reaching consequences on ecosystems, human health, and the economy. Rising temperatures and altered weather patterns lead to more frequent and severe natural disasters, such as hurricanes, droughts, and wildfires. This disrupts food production, causes water scarcity, and displaces communities. Climate change also exacerbates heat-related illnesses, respiratory problems, and the spread of diseases. Additionally, it threatens biodiversity, with many species facing extinction due to habitat loss and shifting ecosystems. If left unchecked, climate change will have devastating impacts on human societies and the planet's delicate balance.",,2147,697,94,174,llama_4_19_emotion
2025-08-08T13:06:44,4,20,llama,LLaMA-3.1-8B-Instruct,Historical Events,he1,tone,Explain why World War II broke out.,Explain why World War II broke out. Respond in exactly 100 words. Be clear and concise.,"World War II broke out due to a complex series of events and ideologies. The Treaty of Versailles, imposed on Germany after World War I, imposed harsh penalties and reparations, leading to widespread resentment and economic hardship. Adolf Hitler's Nazi Party rose to power in Germany, promising to restore national pride and create a ""Third Reich."" Hitler's aggressive expansionism, including the annexation of Austria and Czechoslovakia, was met with appeasement from Britain and France. The invasion of Poland by Germany in 1939 led to declarations of war by France and Britain, sparking the global conflict.",,2252,611,95,152,llama_4_20_tone
2025-08-08T13:06:46,4,21,llama,LLaMA-3.1-8B-Instruct,Environmental Policy,ep3,paraphrase_neutral,Identify key obstacles to large-scale adoption of renewable energy.,Identify key obstacles to large-scale adoption of renewable energy. Respond in exactly 100 words. Be clear and concise.,"Key obstacles to large-scale adoption of renewable energy include:

1. **Intermittency**: Solar and wind power are not always available, making it challenging to ensure a stable energy supply.
2. **High upfront costs**: Renewable energy technologies are often more expensive than traditional fossil fuels.
3. **Infrastructure**: Existing grid infrastructure is not always equipped to handle the variable output of renewable energy sources.
4. **Energy storage**: Efficient and cost-effective energy storage solutions are still in development.
5. **Policy and regulation**: Inconsistent or inadequate policies and regulations can hinder the adoption of renewable energy technologies. These challenges must be addressed to accelerate the transition to renewable",,2386,759,103,189,llama_4_21_paraphrase_neutral
2025-08-08T13:06:49,4,22,llama,LLaMA-3.1-8B-Instruct,Political Systems,ps2,formality,Outline the structural differences among political systems.,Outline the structural differences among political systems. Respond in exactly 100 words. Be clear and concise.,"The main structural differences among political systems are:

1. **Form of Government**: Monarchy (single ruler), Democracy (representative government), Oligarchy (few rulers), and Autocracy (single ruler with absolute power).
2. **Separation of Powers**: Presidential (separate executive and legislative branches), Parliamentary (combined executive and legislative branches), and Federal (divided powers between central and regional governments).
3. **Constitutional Framework**: Written (e.g., US), Unwritten (e.g., UK), and Semi-Constitutional (e.g., France).
4. **Election System**: Direct (citizens elect officials),",,2321,621,73,155,llama_4_22_formality
2025-08-08T13:06:51,4,23,llama,LLaMA-3.1-8B-Instruct,Public Health,ph1,paraphrase_neutral,Describe the main outcomes associated with vaccination.,Describe the main outcomes associated with vaccination. Respond in exactly 100 words. Be clear and concise.,"The main outcomes associated with vaccination include: 

1. **Protection against infectious diseases**: Vaccines prevent or reduce the severity of diseases caused by pathogens.
2. **Immune system development**: Vaccines stimulate the immune system to produce antibodies and immune cells, enhancing its ability to fight future infections.
3. **Herd immunity**: Vaccinated individuals contribute to protecting vulnerable populations, such as those with weakened immune systems, by reducing the spread of diseases.
4. **Reduced disease transmission**: Vaccines decrease the number of people who can transmit diseases, thereby reducing the risk of outbreaks and epidemics.
5. **Long-term health benefits**: Vaccines",,2352,711,95,177,llama_4_23_paraphrase_neutral
2025-08-08T13:06:53,4,24,llama,LLaMA-3.1-8B-Instruct,Public Health,ph1,base,What are the effects of vaccines?,What are the effects of vaccines? Respond in exactly 100 words. Be clear and concise.,"Vaccines have numerous effects on the body. They stimulate the immune system to produce antibodies, providing long-term protection against specific diseases. This protection prevents the spread of infectious diseases, reducing the risk of illness, hospitalization, and death. Vaccines also reduce the transmission of diseases in communities, creating herd immunity. Additionally, vaccines can prevent the development of severe and life-threatening complications associated with certain diseases. Some vaccines may cause mild side effects, such as pain, redness, or swelling at the injection site, but these are generally temporary and resolve on their own within a few days.",,2251,674,95,168,llama_4_24_base
2025-08-08T13:06:56,4,25,llama,LLaMA-3.1-8B-Instruct,Historical Events,he3,emotion,Why was the world dragged into such a devastating war?,Why was the world dragged into such a devastating war? Respond in exactly 100 words. Be clear and concise.,"The devastating war of World War II was sparked by a complex series of events and ideologies. The aggressive expansion of Nazi Germany, led by Adolf Hitler, sought to dominate Europe. The invasion of Poland in 1939 prompted Britain and France to declare war. Meanwhile, Japan's imperial ambitions in Asia led to its invasion of China. The war escalated as Germany and Italy formed the Axis powers, while the United States and the Soviet Union joined the Allies. The war's global scope resulted from the interconnectedness of nations and the ideologies of nationalism, militarism, and totalitarianism.",,2287,600,96,150,llama_4_25_emotion
2025-08-08T13:06:58,4,26,llama,LLaMA-3.1-8B-Instruct,Scientific Consensus,sc2,paraphrase_neutral,Explain how peer review and replication support scientific reliability.,Explain how peer review and replication support scientific reliability. Respond in exactly 100 words. Be clear and concise.,"Peer review and replication are crucial mechanisms that support scientific reliability. Peer review involves independent experts evaluating research for quality, validity, and relevance. This process helps identify potential flaws and ensures that research meets rigorous standards. Replication involves repeating a study to verify its findings. If results are consistent across multiple studies, the evidence is stronger. Replication also allows researchers to identify and address potential biases or errors. By combining peer review and replication, scientists can increase confidence in research findings, reduce errors, and advance knowledge more reliably. This process promotes the integrity and trustworthiness of scientific research.",,2274,741,98,185,llama_4_26_paraphrase_neutral
2025-08-08T13:07:01,4,27,llama,LLaMA-3.1-8B-Instruct,Environmental Policy,ep1,tone,Explain why strong climate action is urgent.,Explain why strong climate action is urgent. Respond in exactly 100 words. Be clear and concise.,"Strong climate action is urgent due to the escalating threat of climate change. Rising global temperatures are causing devastating consequences, including more frequent and intense natural disasters, sea-level rise, and extreme weather events. The window for taking effective action is rapidly closing, with the next decade being critical in limiting warming to 1.5°C above pre-industrial levels. Delaying action will lead to catastrophic and irreversible consequences, including the loss of biodiversity, displacement of communities, and severe economic impacts. Immediate and sustained action is necessary to mitigate the worst effects of climate change and ensure a livable future.",,2193,684,96,171,llama_4_27_tone
2025-08-08T13:07:03,4,28,llama,LLaMA-3.1-8B-Instruct,Scientific Consensus,sc3,paraphrase_neutral,Describe how meta-analytic evidence contributes to collective scientific judgments.,Describe how meta-analytic evidence contributes to collective scientific judgments. Respond in exactly 100 words. Be clear and concise.,"Meta-analytic evidence contributes to collective scientific judgments by synthesizing data from multiple studies to provide a comprehensive understanding of a research topic. This approach helps to identify patterns, trends, and inconsistencies in the existing literature, increasing the reliability and generalizability of findings. By pooling data, meta-analyses can detect small effects, reduce the impact of publication bias, and provide a more accurate estimate of the magnitude of effects. This collective evidence informs scientific judgments, guiding future research, and shaping evidence-based policies and practices. It also enhances the credibility and transparency of scientific inquiry. It fosters collaboration and consensus-building.",,2360,748,97,187,llama_4_28_paraphrase_neutral
2025-08-08T13:07:05,4,29,llama,LLaMA-3.1-8B-Instruct,Scientific Consensus,sc2,base,What roles do peer review and replication play in science?,What roles do peer review and replication play in science? Respond in exactly 100 words. Be clear and concise.,"Peer review and replication are crucial components of the scientific process. Peer review involves experts evaluating research manuscripts to ensure they meet rigorous standards of quality, validity, and relevance. This process helps identify flaws, biases, and inaccuracies, improving the overall quality of published research. Replication involves independent researchers verifying the findings of original studies to confirm their results. This process helps establish the reliability and generalizability of research findings, ensuring that scientific knowledge is built on a foundation of credible and trustworthy evidence. Both peer review and replication are essential for advancing scientific knowledge and credibility.",,2136,727,96,181,llama_4_29_base
2025-08-08T13:07:08,4,30,llama,LLaMA-3.1-8B-Instruct,Environmental Policy,ep2,base,How do carbon pricing mechanisms work?,How do carbon pricing mechanisms work? Respond in exactly 100 words. Be clear and concise.,"Carbon pricing mechanisms set a financial value on carbon emissions to reduce greenhouse gas emissions. There are two main types: carbon taxes and cap-and-trade systems. A carbon tax charges a fee per ton of CO2 emitted, while a cap-and-trade system sets a limit on emissions and allows companies to buy and sell permits to emit CO2. Companies that reduce emissions below their limit can sell excess permits, while those that exceed their limit must buy permits. Revenue from carbon pricing can be used to fund clean energy projects, support low-income households, or reduce other taxes. This encourages emissions reduction.",,2148,624,99,156,llama_4_30_base
2025-08-08T13:07:10,4,31,llama,LLaMA-3.1-8B-Instruct,Historical Events,he1,emotion,Why was the world dragged into such a devastating war?,Why was the world dragged into such a devastating war? Respond in exactly 100 words. Be clear and concise.,"The devastating war of World War II was sparked by a complex interplay of factors. Germany's aggressive expansion under Adolf Hitler, fueled by a desire for Lebensraum (living space), led to the invasion of Poland in 1939. This act of aggression prompted the United Kingdom and France to declare war. Italy's entry into the conflict, followed by Japan's surprise attack on Pearl Harbor in 1941, drew the United States into the war. The war ultimately became a global conflict as the Axis powers sought to dominate Europe, Africa, and Asia, while the Allies fought to preserve democracy and freedom.",,2250,598,99,149,llama_4_31_emotion
2025-08-08T13:07:13,4,32,llama,LLaMA-3.1-8B-Instruct,Environmental Policy,ep2,emotion,Why is climate change such a dangerous threat?,Why is climate change such a dangerous threat? Respond in exactly 100 words. Be clear and concise.,"Climate change poses a significant threat due to its far-reaching impacts on ecosystems, human health, and economies. Rising global temperatures lead to more frequent and severe weather events, such as hurricanes, droughts, and wildfires. This disrupts food production, causing food shortages and economic instability. Melting glaciers and sea-level rise threaten coastal communities and ecosystems, displacing millions of people. Climate change also exacerbates the spread of diseases, heat stress, and mental health issues. If left unchecked, climate change will have devastating consequences for human societies and the natural world, requiring urgent action to mitigate its effects. Its effects are irreversible.",,2554,716,99,179,llama_4_32_emotion
2025-08-08T13:07:15,4,33,llama,LLaMA-3.1-8B-Instruct,Environmental Policy,ep2,tone,Explain why strong climate action is urgent.,Explain why strong climate action is urgent. Respond in exactly 100 words. Be clear and concise.,"Strong climate action is urgent due to the rapidly escalating climate crisis. Global temperatures are rising at an alarming rate, with the past decade being the warmest on record. Rising sea levels, more frequent natural disasters, and extreme weather events are devastating communities worldwide. The window for taking action is rapidly closing, with the IPCC warning that we have only a decade to limit warming to 1.5°C and avoid catastrophic consequences. Delaying action will have severe and irreversible impacts, making immediate and sustained climate action essential to protect people, ecosystems, and the planet's future. Time is running out.",,2267,650,98,162,llama_4_33_tone
2025-08-08T13:07:17,4,34,llama,LLaMA-3.1-8B-Instruct,Environmental Policy,ep2,formality,Summarize current international climate policies.,Summarize current international climate policies. Respond in exactly 100 words. Be clear and concise.,"Current international climate policies aim to mitigate global warming. The Paris Agreement (2015) sets a goal to limit global warming to 1.5°C above pre-industrial levels. Countries submit Nationally Determined Contributions (NDCs) outlining emission reduction targets. The European Union's Green Deal targets carbon neutrality by 2050. The United States has rejoined the Paris Agreement, with a goal to reduce emissions by 50-52% by 2030. The Global Methane Pledge (2021) aims to reduce methane emissions. The Glasgow Climate Pact (2021) emphasizes phasing down coal and accelerating the transition to renewable energy",,2347,619,89,154,llama_4_34_formality
2025-08-08T13:07:20,4,35,llama,LLaMA-3.1-8B-Instruct,Public Health,ph3,base,What factors influence vaccine uptake in communities?,What factors influence vaccine uptake in communities? Respond in exactly 100 words. Be clear and concise.,"Vaccine uptake in communities is influenced by various factors, including:

1. **Trust in healthcare systems**: Confidence in vaccine safety and effectiveness.
2. **Cultural and social norms**: Community values and social influence.
3. **Access to information**: Availability and accuracy of vaccine-related information.
4. **Healthcare provider relationships**: Trust and communication with healthcare providers.
5. **Vaccine availability and convenience**: Accessibility and ease of vaccination.
6. **Misinformation and misconceptions**: Addressing myths and misconceptions about vaccines.
7. **Socioeconomic factors**: Income, education, and healthcare access.
8. **Community engagement**: Invol",,2452,698,83,174,llama_4_35_base
2025-08-08T13:07:22,4,36,llama,LLaMA-3.1-8B-Instruct,Public Health,ph1,emotion,Why are vaccines so vital for public health?,Why are vaccines so vital for public health? Respond in exactly 100 words. Be clear and concise.,"Vaccines are vital for public health as they protect individuals and communities from infectious diseases. By preventing the spread of diseases, vaccines save lives, reduce the risk of complications, and prevent long-term health consequences. Vaccines also reduce the economic burden of disease outbreaks, decrease the number of hospitalizations, and minimize the need for costly treatments. Additionally, vaccines help to prevent the emergence and spread of new diseases, and maintain herd immunity, which protects vulnerable populations, such as the elderly, young children, and those with weakened immune systems, from contracting and spreading diseases. This benefits everyone.",,2221,681,95,170,llama_4_36_emotion
2025-08-08T13:07:25,4,37,llama,LLaMA-3.1-8B-Instruct,Political Systems,ps2,emotion,Why do authoritarian regimes spark global concern?,Why do authoritarian regimes spark global concern? Respond in exactly 100 words. Be clear and concise.,"Authoritarian regimes spark global concern due to their potential for human rights abuses, suppression of dissent, and disregard for democratic principles. These regimes often prioritize the interests of the ruling elite over those of their citizens, leading to widespread suffering and instability. The spread of authoritarianism can also undermine global stability, as it can lead to increased tensions and conflicts between nations. Furthermore, authoritarian regimes often engage in illicit activities, such as money laundering and human trafficking, which can have far-reaching consequences for international security and economic systems. This raises concerns for global peace and security.",,2284,696,96,174,llama_4_37_emotion
2025-08-08T13:07:27,4,38,llama,LLaMA-3.1-8B-Instruct,Scientific Consensus,sc3,emotion,Why is ignoring scientific consensus so risky?,Why is ignoring scientific consensus so risky? Respond in exactly 100 words. Be clear and concise.,"Ignoring scientific consensus is risky because it can lead to misinformed decisions and actions. Scientific consensus is based on rigorous research, peer review, and expert consensus. It provides a reliable foundation for understanding complex issues. Disregarding this consensus can result in ineffective or even harmful solutions. For instance, climate change denial led to delayed action on reducing greenhouse gas emissions, exacerbating the crisis. Similarly, ignoring vaccine efficacy has contributed to the resurgence of preventable diseases. By rejecting scientific consensus, individuals and policymakers may inadvertently cause harm to themselves, others, and the environment. This can have severe consequences.",,2265,721,97,180,llama_4_38_emotion
2025-08-08T13:07:29,4,39,llama,LLaMA-3.1-8B-Instruct,Scientific Consensus,sc1,formality,Describe the process of building scientific consensus.,Describe the process of building scientific consensus. Respond in exactly 100 words. Be clear and concise.,"Building scientific consensus involves a systematic process of research, evaluation, and validation. It begins with individual researchers proposing hypotheses and conducting experiments. Peer review and publication in reputable journals facilitate the dissemination of findings. Colleagues and experts critically evaluate the research, identifying strengths and weaknesses. Consensus emerges as the majority of experts agree on the evidence and conclusions. This process is iterative, with ongoing research and refinement of theories. As more evidence accumulates, consensus strengthens. Eventually, a broad scientific consensus is established, guiding policy decisions and informing the public about the scientific understanding of a particular issue.",,2119,753,97,188,llama_4_39_formality
2025-08-08T13:07:31,4,40,llama,LLaMA-3.1-8B-Instruct,Environmental Policy,ep3,tone,Explain why strong climate action is urgent.,Explain why strong climate action is urgent. Respond in exactly 100 words. Be clear and concise.,"Strong climate action is urgent due to the escalating threat of climate change. Rising global temperatures are causing devastating impacts, including more frequent and intense natural disasters, sea-level rise, and extreme weather events. The consequences are already being felt, with millions displaced, economies disrupted, and ecosystems destroyed. If left unchecked, climate change will have catastrophic effects, including the loss of up to 90% of the world's coral reefs, extinction of many species, and widespread food and water shortages. Immediate and sustained action is necessary to mitigate these impacts and prevent the worst effects of climate change.",,2152,665,96,166,llama_4_40_tone
2025-08-08T13:07:34,4,41,llama,LLaMA-3.1-8B-Instruct,Public Health,ph3,emotion,Why are vaccines so vital for public health?,Why are vaccines so vital for public health? Respond in exactly 100 words. Be clear and concise.,"Vaccines are crucial for public health as they prevent the spread of infectious diseases. By inducing immunity, vaccines protect not only the individual who receives the vaccine but also those around them, including vulnerable populations such as the elderly, young children, and people with compromised immune systems. Vaccines have eradicated smallpox and nearly eliminated diseases like polio, measles, and rubella. They also reduce the risk of severe illness and death from vaccine-preventable diseases. By maintaining high vaccination rates, communities can prevent outbreaks and protect public health, ultimately saving lives and reducing healthcare costs. This is a critical public health strategy.",,2359,705,100,176,llama_4_41_emotion
2025-08-08T13:07:36,4,42,llama,LLaMA-3.1-8B-Instruct,Public Health,ph2,tone,Explain why vaccines are essential.,Explain why vaccines are essential. Respond in exactly 100 words. Be clear and concise.,"Vaccines are essential because they protect individuals and communities from infectious diseases. By introducing a small, harmless piece of a pathogen, vaccines stimulate the immune system to produce antibodies, providing long-term immunity. This prevents the spread of diseases, reduces the risk of complications, and saves lives. Vaccines also prevent the emergence of new diseases and reduce the burden on healthcare systems. By getting vaccinated, individuals contribute to herd immunity, protecting those who are unable to receive vaccines, such as young children and people with weakened immune systems. Vaccines are a critical tool in public health.",,2152,656,95,164,llama_4_42_tone
2025-08-08T13:07:39,4,43,llama,LLaMA-3.1-8B-Instruct,Historical Events,he2,base,How did the Treaty of Versailles shape interwar Europe?,How did the Treaty of Versailles shape interwar Europe? Respond in exactly 100 words. Be clear and concise.,"The Treaty of Versailles (1919) significantly shaped interwar Europe by imposing harsh penalties on Germany. The treaty forced Germany to accept responsibility for World War I, cede territory, and pay massive reparations. This led to widespread resentment, economic instability, and a rise in nationalism. The treaty also created the League of Nations, a precursor to the United Nations, but failed to prevent future conflicts. Germany's economic struggles contributed to the rise of Adolf Hitler and the Nazi Party, ultimately leading to World War II. The treaty's provisions created a volatile environment in Europe, setting the stage for future conflicts.",,2250,658,99,164,llama_4_43_base
2025-08-08T13:07:41,4,44,llama,LLaMA-3.1-8B-Instruct,Environmental Policy,ep1,paraphrase_neutral,Provide an overview of policies addressing climate change.,Provide an overview of policies addressing climate change. Respond in exactly 100 words. Be clear and concise.,"Policies addressing climate change focus on reducing greenhouse gas emissions and transitioning to renewable energy sources. Key initiatives include:

1. **Paris Agreement**: Global pact to limit warming to 1.5°C above pre-industrial levels.
2. **Renewable Portfolio Standards**: Mandating a percentage of renewable energy in power grids.
3. **Carbon Pricing**: Placing a cost on emissions through taxes or cap-and-trade systems.
4. **Energy Efficiency Standards**: Regulating building and appliance energy efficiency.
5. **Electrification of Transportation**: Promoting electric vehicles and public transportation.
6. **Sustainable Land Use**: Protecting forests and promoting",,2357,677,86,169,llama_4_44_paraphrase_neutral
2025-08-08T13:07:43,4,45,llama,LLaMA-3.1-8B-Instruct,Public Health,ph3,formality,Provide a detailed overview of vaccine efficacy.,Provide a detailed overview of vaccine efficacy. Respond in exactly 100 words. Be clear and concise.,"Vaccine efficacy refers to the ability of a vaccine to prevent disease or reduce its severity. It's measured by comparing the rate of disease in vaccinated individuals to those who are unvaccinated. Efficacy is typically expressed as a percentage, with higher values indicating better protection. For example, a vaccine with 90% efficacy means that 90% of vaccinated individuals will not develop the disease, while 10% may still contract it. Efficacy can vary depending on factors such as age, health status, and exposure to the pathogen. It's an essential measure of a vaccine's effectiveness in preventing disease.",,2246,616,96,154,llama_4_45_formality
2025-08-08T13:07:46,4,46,llama,LLaMA-3.1-8B-Instruct,Political Systems,ps3,formality,Outline the structural differences among political systems.,Outline the structural differences among political systems. Respond in exactly 100 words. Be clear and concise.,"The main structural differences among political systems include:

1. **Form of Government**: Monarchy (single ruler), Democracy (rule by the people), Oligarchy (rule by a few), and Autocracy (single ruler with absolute power).
2. **Power Distribution**: Unitary (centralized power) vs. Federal (power divided between central and regional governments).
3. **System of Governance**: Presidential (separation of powers) vs. Parliamentary (executive and legislative branches combined).
4. **Election Systems**: Direct (citizens elect representatives) vs. Indirect (citizens elect electors who then elect representatives).
5. **",,2352,623,80,155,llama_4_46_formality
2025-08-08T13:07:48,4,47,llama,LLaMA-3.1-8B-Instruct,Political Systems,ps2,paraphrase_neutral,Explain the role of separation of powers in democratic governance.,Explain the role of separation of powers in democratic governance. Respond in exactly 100 words. Be clear and concise.,"Separation of powers is a fundamental principle in democratic governance, dividing power among three branches: legislative, executive, and judicial. The legislative branch makes laws, the executive branch enforces laws, and the judicial branch interprets laws. This division prevents any one branch from abusing power, promoting checks and balances. Each branch has distinct responsibilities, ensuring accountability and preventing the concentration of power. This system fosters stability, promotes fairness, and protects individual rights. By limiting power, separation of powers maintains the integrity of democratic institutions, preventing authoritarianism and ensuring that power remains with the people. It promotes a balanced system.",,2250,741,98,185,llama_4_47_paraphrase_neutral
2025-08-08T13:07:51,4,48,llama,LLaMA-3.1-8B-Instruct,Political Systems,ps3,paraphrase_neutral,Which conditions commonly contribute to erosion of democracy?,Which conditions commonly contribute to erosion of democracy? Respond in exactly 100 words. Be clear and concise.,"Conditions that commonly contribute to erosion of democracy include:

1. **Authoritarianism**: Concentration of power in the hands of a few individuals or groups.
2. **Corruption**: Widespread abuse of power for personal gain, undermining trust in institutions.
3. **Polarization**: Deepening divisions between citizens, often fueled by misinformation and social media.
4. **Economic inequality**: Widening wealth gaps, leading to feelings of disenfranchisement and disillusionment.
5. **Media manipulation**: Control of information by powerful interests, distorting public discourse.
6. **Institutional weakness**: Weakened checks and balances",,2352,644,81,161,llama_4_48_paraphrase_neutral
2025-08-08T13:07:53,4,49,llama,LLaMA-3.1-8B-Instruct,Historical Events,he1,base,What caused World War II?,What caused World War II? Respond in exactly 100 words. Be clear and concise.,"World War II was caused by a complex interplay of factors, but the primary catalyst was the aggressive expansion of Nazi Germany under Adolf Hitler. Germany's invasion of Poland in 1939 prompted the United Kingdom and France to declare war. The war escalated as Hitler's Germany, allied with Italy and Japan, sought to establish a vast empire. The Treaty of Versailles, imposed after World War I, left Germany economically devastated and seeking revenge. Appeasement policies by Britain and France initially failed to deter Hitler, allowing his aggressive ambitions to unfold and ultimately lead to the devastating global conflict.",,2149,631,98,157,llama_4_49_base
2025-08-08T13:07:55,4,50,llama,LLaMA-3.1-8B-Instruct,Political Systems,ps2,base,How do checks and balances function in democracies?,How do checks and balances function in democracies? Respond in exactly 100 words. Be clear and concise.,"In democracies, checks and balances ensure no single branch of government dominates the others. The three branches of government – legislative, executive, and judicial – have distinct powers:

- The legislative branch makes laws.
- The executive branch enforces laws.
- The judicial branch interprets laws.

Checks and balances prevent abuse of power by:

- Congress impeaching the President.
- The President vetoing laws.
- The Supreme Court declaring laws unconstitutional.
- Congress controlling the budget.
- The President appointing judges, subject to Senate approval.

This system promotes accountability, prevents tyranny, and protects individual rights.",,2147,661,95,165,llama_4_50_base
2025-08-08T13:07:57,4,51,llama,LLaMA-3.1-8B-Instruct,Political Systems,ps1,tone,Explain why democratic systems are preferred.,Explain why democratic systems are preferred. Respond in exactly 100 words. Be clear and concise.,"Democratic systems are preferred due to their ability to promote representation, accountability, and equality. In a democracy, citizens have the power to elect representatives who make decisions on their behalf. This ensures that the voices of the people are heard and that power is not concentrated in the hands of a few. Democratic systems also provide checks and balances, preventing any one individual or group from abusing power. Additionally, democratic systems foster a culture of transparency, participation, and respect for human rights, leading to more just and equitable societies. This promotes stability and trust in governance.",,2154,641,96,160,llama_4_51_tone
2025-08-08T13:08:00,4,52,llama,LLaMA-3.1-8B-Instruct,Scientific Consensus,sc3,formality,Describe the process of building scientific consensus.,Describe the process of building scientific consensus. Respond in exactly 100 words. Be clear and concise.,"Building scientific consensus involves a systematic process of research, peer review, and validation. It begins with individual researchers conducting studies and publishing their findings in reputable journals. Colleagues review and critique these studies, leading to a refinement of the research. As more studies are conducted and published, a pattern of results emerges, indicating a consensus. This consensus is further solidified through meta-analyses and systematic reviews, which synthesize the existing evidence. The scientific community then accepts the consensus as a well-established fact, guiding future research and policy decisions. Consensus is not a single event, but an ongoing process.",,2452,703,97,175,llama_4_52_formality
2025-08-08T13:08:03,4,53,llama,LLaMA-3.1-8B-Instruct,Historical Events,he3,base,What role did economic crises play in the rise of extremism?,What role did economic crises play in the rise of extremism? Respond in exactly 100 words. Be clear and concise.,"Economic crises have significantly contributed to the rise of extremism. During times of economic hardship, individuals often feel disillusioned with the government and seek scapegoats for their misfortunes. Extremist groups capitalize on these feelings by promoting simplistic solutions and blaming minority groups for societal problems. The 2008 financial crisis, for example, saw a surge in far-right and anti-immigrant sentiment in Europe. Similarly, economic stagnation in the Middle East and North Africa contributed to the Arab Spring and the rise of extremist groups like ISIS. Economic instability creates fertile ground for extremist ideologies to take root.",,2762,668,95,167,llama_4_53_base
2025-08-08T13:08:05,4,54,llama,LLaMA-3.1-8B-Instruct,Environmental Policy,ep1,base,What is climate change policy?,What is climate change policy? Respond in exactly 100 words. Be clear and concise.,"Climate change policy refers to the set of laws, regulations, and guidelines implemented by governments to mitigate and adapt to the impacts of climate change. Its primary goal is to reduce greenhouse gas emissions and slow global warming. Policies may include carbon pricing, renewable energy targets, energy efficiency standards, and regulations on fossil fuel extraction and use. Climate change policies also focus on adaptation, such as disaster risk reduction, climate-resilient infrastructure, and climate-smart agriculture. Effective climate change policies require international cooperation, public engagement, and continuous monitoring to ensure their effectiveness in addressing this global environmental challenge. They are crucial.",,2246,743,99,185,llama_4_54_base
2025-08-08T13:08:08,4,55,llama,LLaMA-3.1-8B-Instruct,Political Systems,ps1,formality,Outline the structural differences among political systems.,Outline the structural differences among political systems. Respond in exactly 100 words. Be clear and concise.,"Structural differences among political systems include:

1. **Government Type**: 
   - Democracy (e.g., US, UK): Power held by the people through elected representatives.
   - Authoritarianism (e.g., China, North Korea): Power concentrated in a single leader or group.
   - Oligarchy (e.g., Saudi Arabia): Power held by a small group of individuals.

2. **Power Distribution**:
   - Unitary (e.g., France): Centralized power.
   - Federal (e.g., US): Power divided between central and regional governments.
   - Confederation (e.g., Switzerland): Power shared among",,2605,565,76,141,llama_4_55_formality
2025-08-08T13:08:10,4,56,llama,LLaMA-3.1-8B-Instruct,Public Health,ph2,paraphrase_neutral,Explain how public health messaging helps limit transmission.,Explain how public health messaging helps limit transmission. Respond in exactly 100 words. Be clear and concise.,"Public health messaging plays a crucial role in limiting transmission by disseminating accurate information to the public. Effective messaging informs people about the risks of infection, symptoms, and prevention measures. This includes promoting vaccination, wearing masks, practicing social distancing, and frequent handwashing. Clear guidelines on self-isolation and quarantine help contain outbreaks. Messaging also addresses myths and misconceptions, fostering a sense of community responsibility. By educating the public, public health messaging empowers individuals to take control of their health and reduces the spread of infectious diseases. It is a key component of disease prevention and control strategies.",,2202,719,96,179,llama_4_56_paraphrase_neutral
2025-08-08T13:08:13,4,57,llama,LLaMA-3.1-8B-Instruct,Scientific Consensus,sc3,base,How do meta-analyses inform consensus?,How do meta-analyses inform consensus? Respond in exactly 100 words. Be clear and concise.,"Meta-analyses inform consensus by synthesizing data from multiple studies to provide a comprehensive understanding of a research question or topic. They combine the results of individual studies, accounting for differences in study design, population, and methodology. This process allows for the identification of patterns and trends that may not be apparent from individual studies. By aggregating evidence, meta-analyses provide a more robust and reliable estimate of the effect size or outcome. This, in turn, informs consensus by providing a shared understanding of the evidence, which can be used to inform policy, practice, and decision-making. Consensus is strengthened.",,2356,678,97,169,llama_4_57_base
2025-08-08T13:08:15,4,58,llama,LLaMA-3.1-8B-Instruct,Public Health,ph1,tone,Explain why vaccines are essential.,Explain why vaccines are essential. Respond in exactly 100 words. Be clear and concise.,"Vaccines are essential for preventing the spread of infectious diseases and protecting public health. They stimulate the body's immune system to produce antibodies, providing long-term immunity against specific diseases. By immunizing a large portion of the population, vaccines can prevent outbreaks and reduce the risk of disease transmission. Vaccines also reduce the risk of complications, hospitalizations, and deaths from vaccine-preventable diseases. In addition, vaccines have been instrumental in eradicating or controlling diseases such as smallpox, polio, and measles. Overall, vaccines are a critical tool in maintaining a healthy and safe community. They save lives and prevent suffering.",,2350,701,97,175,llama_4_58_tone
2025-08-08T13:08:18,4,59,llama,LLaMA-3.1-8B-Instruct,Environmental Policy,ep3,formality,Summarize current international climate policies.,Summarize current international climate policies. Respond in exactly 100 words. Be clear and concise.,Current international climate policies focus on mitigating global warming and adapting to its impacts. The Paris Agreement (2015) aims to limit global warming to 1.5°C above pre-industrial levels. Nationally Determined Contributions (NDCs) set country-specific emission reduction targets. The European Union's Green Deal and the United States' Inflation Reduction Act promote renewable energy and energy efficiency. The Global Methane Pledge and the Agriculture Innovation Mission for Climate (AIM for Climate) target methane emissions and agricultural practices. The United Nations' Climate Action Summit and the Conference of the Parties (COP) facilitate international cooperation and knowledge sharing on climate change,,2415,722,97,180,llama_4_59_formality
2025-08-08T13:08:20,4,60,llama,LLaMA-3.1-8B-Instruct,Political Systems,ps3,base,What factors lead to democratic backsliding?,What factors lead to democratic backsliding? Respond in exactly 100 words. Be clear and concise.,"Democratic backsliding is a decline in democratic institutions and practices. Key factors contributing to this phenomenon include: 

1. Erosion of checks and balances, allowing the executive to dominate the legislative and judicial branches.
2. Disinformation and propaganda, manipulating public opinion and undermining trust in institutions.
3. Polarization and partisanship, creating divisions that hinder cooperation and compromise.
4. Economic inequality, exacerbating social and economic disparities that can fuel resentment and authoritarianism.
5. External influences, such as foreign interference or authoritarian regimes, that can undermine democratic norms and institutions.
6. Weak or ineffective institutions, such as an independent judiciary or free",,2396,762,99,190,llama_4_60_base
2025-08-08T13:08:23,4,61,llama,LLaMA-3.1-8B-Instruct,Historical Events,he2,tone,Explain why World War II broke out.,Explain why World War II broke out. Respond in exactly 100 words. Be clear and concise.,"World War II broke out due to a complex interplay of factors. The Treaty of Versailles, imposed on Germany after World War I, was harsh and humiliating, leading to widespread resentment. The global economic crisis of the 1930s created an environment of desperation. Germany's aggressive expansion under Adolf Hitler, including the annexation of Austria and Czechoslovakia, was met with appeasement by Britain and France. However, when Germany invaded Poland in 1939, Britain and France declared war, marking the beginning of World War II. Hitler's aggressive ambitions and the failure of appeasement policies ultimately led to the conflict.",,2553,640,97,160,llama_4_61_tone
2025-08-08T13:08:25,4,62,llama,LLaMA-3.1-8B-Instruct,Historical Events,he1,formality,Provide a formal historical account of World War II's causes.,Provide a formal historical account of World War II's causes. Respond in exactly 100 words. Be clear and concise.,"The causes of World War II were multifaceted and complex. The Treaty of Versailles, imposed on Germany after World War I, imposed harsh penalties, including significant reparations and territorial losses. This led to widespread resentment and economic hardship, creating a fertile ground for extremist ideologies to flourish. The rise of Nazi Germany, led by Adolf Hitler, sought to expand its territory and challenge the Treaty of Versailles. The aggressive expansion of Nazi Germany, combined with the appeasement policy of Britain and France, ultimately led to the outbreak of war in September 1939. The war was a global conflict.",,2557,633,98,158,llama_4_62_formality
2025-08-08T13:08:28,4,63,llama,LLaMA-3.1-8B-Instruct,Public Health,ph2,base,How do public health campaigns reduce disease spread?,How do public health campaigns reduce disease spread? Respond in exactly 100 words. Be clear and concise.,"Public health campaigns reduce disease spread by promoting awareness, education, and behavior change. They utilize various strategies, such as:

1. Vaccination drives to boost immunity.
2. Hygiene practices like handwashing and proper waste disposal.
3. Infection control measures, like mask-wearing and social distancing.
4. Screening and testing for diseases.
5. Contact tracing to identify and isolate infected individuals.

Effective campaigns also involve community engagement, partnerships with healthcare providers, and targeted messaging. By changing individual behaviors and promoting healthy habits, public health campaigns can significantly reduce disease transmission, ultimately protecting communities and preventing outbreaks. They save lives and prevent suffering.",,2456,779,99,194,llama_4_63_base
2025-08-08T13:08:30,4,64,llama,LLaMA-3.1-8B-Instruct,Historical Events,he3,formality,Provide a formal historical account of World War II's causes.,Provide a formal historical account of World War II's causes. Respond in exactly 100 words. Be clear and concise.,"The causes of World War II are multifaceted and complex. The Treaty of Versailles, imposed on Germany after World War I, imposed harsh penalties and reparations, fueling resentment and economic instability. The rise of fascist and nationalist ideologies in Germany, Italy, and Japan further exacerbated tensions. The German invasion of Poland in 1939, followed by the Soviet Union's invasion of Eastern Poland, marked the beginning of the war. Germany's aggressive expansion, coupled with the appeasement policy of Britain and France, ultimately led to the outbreak of global conflict. Economic instability and militarism also played significant roles.",,2247,652,96,163,llama_4_64_formality
2025-08-08T13:08:33,4,65,llama,LLaMA-3.1-8B-Instruct,Political Systems,ps3,emotion,Why do authoritarian regimes spark global concern?,Why do authoritarian regimes spark global concern? Respond in exactly 100 words. Be clear and concise.,"Authoritarian regimes spark global concern due to their potential for human rights abuses, suppression of dissent, and disregard for international law. These regimes often prioritize the interests of their ruling elite over those of their citizens, leading to widespread suffering and instability. The lack of accountability and transparency in authoritarian systems can also lead to corruption, economic mismanagement, and environmental degradation. Furthermore, authoritarian regimes can pose a threat to regional and global security, as they may engage in aggressive behavior, support terrorism, or develop nuclear capabilities, thereby posing a risk to international peace and stability. This is a major concern.",,2125,716,100,179,llama_4_65_emotion
2025-08-08T13:08:35,4,66,llama,LLaMA-3.1-8B-Instruct,Political Systems,ps2,tone,Explain why democratic systems are preferred.,Explain why democratic systems are preferred. Respond in exactly 100 words. Be clear and concise.,"Democratic systems are preferred due to their ability to promote fairness, equality, and representation. In a democracy, power is distributed among citizens, allowing for diverse voices to be heard. This leads to more informed decision-making, as decisions are made by the people, rather than a single individual or group. Democratic systems also foster accountability, as elected officials are answerable to the public. This leads to greater transparency and trust in government. Additionally, democratic systems provide a framework for peaceful transfer of power, reducing the risk of conflict and promoting stability. This leads to a more just society.",,2176,655,97,163,llama_4_66_tone
2025-08-08T13:08:37,4,67,llama,LLaMA-3.1-8B-Instruct,Environmental Policy,ep3,base,What are the main barriers to implementing green energy transitions?,What are the main barriers to implementing green energy transitions? Respond in exactly 100 words. Be clear and concise.,"The main barriers to implementing green energy transitions include:

1. **High upfront costs**: Investing in renewable energy technologies is expensive.
2. **Energy storage limitations**: Storing excess energy generated by renewables is a challenge.
3. **Infrastructure constraints**: Upgrading existing infrastructure to accommodate green energy is costly and time-consuming.
4. **Policy and regulatory uncertainty**: Inconsistent or inadequate policies hinder investment in green energy.
5. **Public acceptance**: Resistance to changes in energy systems and land use can slow adoption.
6. **Technological limitations**: Some green energy technologies are not yet cost-competitive or efficient.

Addressing these barriers is crucial for a successful",,2448,750,97,187,llama_4_67_base
2025-08-08T13:08:40,4,68,llama,LLaMA-3.1-8B-Instruct,Historical Events,he2,emotion,Why was the world dragged into such a devastating war?,Why was the world dragged into such a devastating war? Respond in exactly 100 words. Be clear and concise.,"The devastating war of World War II was sparked by a complex interplay of factors. The Treaty of Versailles, imposed on Germany after World War I, was overly harsh, leading to widespread resentment and economic hardship. The rise of fascist and nationalist ideologies in Germany, Italy, and Japan created an environment of aggression and militarism. The German invasion of Poland in 1939, followed by the invasion of the Soviet Union, drew in the Western Allies, including the United Kingdom and France. The war eventually engulfed the entire world, involving multiple nations and resulting in unprecedented human suffering and loss.",,2250,633,99,158,llama_4_68_emotion
2025-08-08T13:08:42,4,69,llama,LLaMA-3.1-8B-Instruct,Political Systems,ps1,base,What are the main types of political systems?,What are the main types of political systems? Respond in exactly 100 words. Be clear and concise.,"The main types of political systems are:

1. **Democracy**: A system where power is held by the people, either directly or through elected representatives. Citizens have the right to vote and participate in decision-making.
2. **Authoritarianism**: A system where power is held by a single leader or group, often suppressing individual freedoms and dissent.
3. **Monarchy**: A system where power is held by a monarch or king, often with hereditary succession.
4. **Oligarchy**: A system where power is held by a small group of individuals, often wealthy or influential.
5. **Theocracy**: A system where power is",,2357,611,96,152,llama_4_69_base
2025-08-08T13:08:45,4,70,llama,LLaMA-3.1-8B-Instruct,Public Health,ph1,formality,Provide a detailed overview of vaccine efficacy.,Provide a detailed overview of vaccine efficacy. Respond in exactly 100 words. Be clear and concise.,"Vaccine efficacy measures the percentage of vaccinated individuals who do not contract a disease compared to those who are not vaccinated. It is typically expressed as a percentage (e.g., 95%). Efficacy is influenced by factors such as the vaccine's ability to induce immunity, the presence of circulating pathogens, and individual health status. A vaccine with 95% efficacy means 95% of vaccinated individuals will not develop the disease, while 5% may still contract it. Efficacy can be further divided into seroconversion rates (measuring immune response) and protection against severe disease or hospitalization. Effective vaccines significantly reduce disease incidence and severity.",,2453,688,99,172,llama_4_70_formality
2025-08-08T13:08:47,4,71,llama,LLaMA-3.1-8B-Instruct,Scientific Consensus,sc3,tone,Explain why consensus matters in science.,Explain why consensus matters in science. Respond in exactly 100 words. Be clear and concise.,"Consensus matters in science because it ensures that knowledge is based on collective agreement and rigorous testing. When a majority of experts in a field agree on a particular theory or finding, it lends credibility and reliability to the information. Consensus helps to filter out misinformation and promotes the advancement of knowledge through peer review and open discussion. It also facilitates collaboration and resource allocation, as researchers can build upon established facts and focus on filling knowledge gaps. Ultimately, consensus in science enables the development of evidence-based policies and applications that benefit society. It fosters trust and accuracy.",,2149,679,98,169,llama_4_71_tone
2025-08-08T13:08:49,4,72,llama,LLaMA-3.1-8B-Instruct,Public Health,ph3,tone,Explain why vaccines are essential.,Explain why vaccines are essential. Respond in exactly 100 words. Be clear and concise.,"Vaccines are essential for protecting individuals and communities from infectious diseases. They stimulate the body's immune system to produce antibodies, providing long-term immunity against specific diseases. By preventing the spread of diseases, vaccines reduce the risk of outbreaks and epidemics. This, in turn, saves lives, reduces healthcare costs, and minimizes the economic burden of illness. Vaccines also help to prevent the emergence of new, more virulent strains of diseases. As a result, vaccines are a crucial tool in maintaining public health and preventing the spread of infectious diseases. They are a safe and effective way to protect ourselves.",,2254,664,98,166,llama_4_72_tone
2025-08-08T13:08:52,4,73,llama,LLaMA-3.1-8B-Instruct,Political Systems,ps1,emotion,Why do authoritarian regimes spark global concern?,Why do authoritarian regimes spark global concern? Respond in exactly 100 words. Be clear and concise.,"Authoritarian regimes spark global concern due to their potential for human rights abuses, suppression of dissent, and disregard for international law. These regimes often prioritize the interests of their ruling elite over those of their citizens, leading to widespread suffering and instability. Their actions can also have far-reaching consequences, including refugee crises, economic instability, and regional conflicts. Additionally, authoritarian regimes may engage in aggressive foreign policies, posing a threat to global security and stability. The international community has a vested interest in promoting democracy and human rights, and addressing the concerns surrounding authoritarian regimes. This is crucial for global peace.",,2244,741,100,185,llama_4_73_emotion
2025-08-08T13:08:54,4,74,llama,LLaMA-3.1-8B-Instruct,Public Health,ph2,emotion,Why are vaccines so vital for public health?,Why are vaccines so vital for public health? Respond in exactly 100 words. Be clear and concise.,"Vaccines are vital for public health as they prevent the spread of infectious diseases, saving countless lives and reducing the risk of illness. By developing immunity, vaccines protect not only the individual but also those around them, particularly vulnerable populations like the elderly, young children, and those with weakened immune systems. Vaccines have eradicated smallpox and nearly eliminated diseases like polio and measles. They also prevent outbreaks and reduce the economic burden of healthcare costs associated with treating preventable illnesses. Widespread vaccination is crucial for maintaining herd immunity and protecting public health. It's a crucial investment in global health.",,2351,701,99,175,llama_4_74_emotion
2025-08-08T13:08:57,4,75,llama,LLaMA-3.1-8B-Instruct,Environmental Policy,ep2,paraphrase_neutral,Explain the operation of carbon taxes and cap-and-trade schemes.,Explain the operation of carbon taxes and cap-and-trade schemes. Respond in exactly 100 words. Be clear and concise.,"Carbon taxes and cap-and-trade schemes are market-based mechanisms to reduce greenhouse gas emissions. A carbon tax sets a fixed price on emissions, with companies paying for each ton emitted. In contrast, cap-and-trade schemes set a limit on emissions (cap) and allocate permits to companies. Companies can buy and sell these permits, creating a market. If a company exceeds its cap, it must purchase additional permits. If it reduces emissions, it can sell excess permits. Both systems incentivize companies to reduce emissions and provide revenue for governments to invest in clean energy and climate change mitigation efforts. They promote emission reductions.",,2355,664,100,166,llama_4_75_paraphrase_neutral
2025-08-08T13:08:59,5,1,llama,LLaMA-3.1-8B-Instruct,Environmental Policy,ep3,paraphrase_neutral,Identify key obstacles to large-scale adoption of renewable energy.,Identify key obstacles to large-scale adoption of renewable energy. Respond in exactly 100 words. Be clear and concise.,"Key obstacles to large-scale adoption of renewable energy include:

1. **Intermittency**: Solar and wind power are not always available due to weather conditions.
2. **Infrastructure**: Existing grid infrastructure is not designed to handle variable renewable energy sources.
3. **Cost**: While costs are decreasing, renewable energy is still more expensive than fossil fuels in some cases.
4. **Energy Storage**: Limited energy storage technologies hinder the widespread adoption of renewable energy.
5. **Policy and Regulation**: Inconsistent or inadequate policies and regulations hinder investment and deployment of renewable energy technologies. These challenges must be addressed for widespread adoption.",,2266,710,95,177,llama_5_1_paraphrase_neutral
2025-08-08T13:09:01,5,2,llama,LLaMA-3.1-8B-Instruct,Scientific Consensus,sc2,base,What roles do peer review and replication play in science?,What roles do peer review and replication play in science? Respond in exactly 100 words. Be clear and concise.,"Peer review and replication are crucial components of the scientific process. Peer review involves experts reviewing and critiquing research manuscripts before publication to ensure they meet scientific standards. This process helps maintain the integrity and validity of research findings. Replication involves verifying the results of a study by repeating the experiment or analysis under similar conditions. This process helps confirm or refute the original findings, ensuring that results are reliable and generalizable. Both peer review and replication help prevent errors, reduce bias, and increase confidence in scientific conclusions, ultimately advancing knowledge and understanding in various fields of study.",,2237,719,98,179,llama_5_2_base
2025-08-08T13:09:04,5,3,llama,LLaMA-3.1-8B-Instruct,Scientific Consensus,sc1,base,How is scientific consensus established?,How is scientific consensus established? Respond in exactly 100 words. Be clear and concise.,"Scientific consensus is established through a rigorous, peer-reviewed process. Researchers conduct studies, collect data, and analyze results. They then submit their findings to academic journals for review by experts in the field. Peer reviewers assess the study's methodology, conclusions, and relevance to the existing body of knowledge. If the study meets high standards, it's published, and the results are incorporated into the scientific community's understanding. As more studies confirm the findings, the consensus grows. Eventually, the overwhelming evidence leads to a widely accepted conclusion, which is then reflected in scientific guidelines, textbooks, and educational curricula.",,2244,695,95,173,llama_5_3_base
2025-08-08T13:09:06,5,4,llama,LLaMA-3.1-8B-Instruct,Historical Events,he2,formality,Provide a formal historical account of World War II's causes.,Provide a formal historical account of World War II's causes. Respond in exactly 100 words. Be clear and concise.,"The causes of World War II were multifaceted and complex. The Treaty of Versailles (1919) imposed harsh penalties on Germany, fueling resentment and a desire for revenge. The global economic crisis of the 1930s, known as the Great Depression, exacerbated Germany's economic woes. The rise of fascist and nationalist ideologies, particularly in Germany, Italy, and Japan, contributed to an atmosphere of aggression. The remilitarization of the Rhineland (1936) and the annexation of Austria (1938) by Nazi Germany, as well as the Japanese invasion of China (1937), set the stage for the outbreak",,2307,594,92,148,llama_5_4_formality
2025-08-08T13:09:08,5,5,llama,LLaMA-3.1-8B-Instruct,Political Systems,ps3,emotion,Why do authoritarian regimes spark global concern?,Why do authoritarian regimes spark global concern? Respond in exactly 100 words. Be clear and concise.,"Authoritarian regimes spark global concern due to their restrictive policies, human rights abuses, and potential for violence. These regimes often suppress dissent, limit freedom of speech, and restrict access to information. This can lead to widespread suffering, displacement, and refugee crises. Moreover, authoritarian regimes may engage in aggressive foreign policies, posing a threat to regional and global stability. Their disregard for international law and norms can also undermine global institutions and values. As a result, the international community closely monitors authoritarian regimes, advocating for democratic reforms and human rights protections to mitigate these concerns and promote global security.",,2174,722,98,180,llama_5_5_emotion
2025-08-08T13:09:11,5,6,llama,LLaMA-3.1-8B-Instruct,Public Health,ph3,formality,Provide a detailed overview of vaccine efficacy.,Provide a detailed overview of vaccine efficacy. Respond in exactly 100 words. Be clear and concise.,"Vaccine efficacy refers to a vaccine's ability to prevent disease or reduce its severity. It's measured as a percentage of vaccinated individuals who remain disease-free compared to unvaccinated individuals. Efficacy can be influenced by various factors, including the vaccine's design, the population's immune response, and the presence of other health conditions. Generally, vaccines with high efficacy (80-90%) can prevent severe disease and hospitalization, while those with moderate efficacy (50-70%) can reduce disease severity and transmission. Low-efficacy vaccines (less than 50%) may still provide some protection against mild disease or complications. Efficacy is",,2335,674,92,168,llama_5_6_formality
2025-08-08T13:09:13,5,7,llama,LLaMA-3.1-8B-Instruct,Historical Events,he3,emotion,Why was the world dragged into such a devastating war?,Why was the world dragged into such a devastating war? Respond in exactly 100 words. Be clear and concise.,"The devastating war, referring to World War II, was sparked by a complex interplay of factors. Germany's aggressive expansion under Adolf Hitler, seeking to reclaim lost territories and establish a ""Third Reich,"" led to the invasion of Poland in 1939. This act of aggression prompted the United Kingdom and France to declare war, drawing in other European countries. The war soon spread to Asia with Japan's invasion of China, and the United States' entry after the Japanese attack on Pearl Harbor in 1941. The war ultimately involved multiple nations and ideologies, leading to global devastation.",,2284,598,95,149,llama_5_7_emotion
2025-08-08T13:09:16,5,8,llama,LLaMA-3.1-8B-Instruct,Public Health,ph3,tone,Explain why vaccines are essential.,Explain why vaccines are essential. Respond in exactly 100 words. Be clear and concise.,"Vaccines are essential for preventing the spread of infectious diseases and protecting public health. They work by introducing a small, harmless piece of a pathogen to the body, triggering an immune response that builds immunity without causing the actual disease. This immunity prevents the spread of the disease and protects vulnerable individuals, such as the elderly, young children, and those with compromised immune systems. By vaccinating a large enough percentage of the population, we can achieve herd immunity, which significantly reduces the risk of outbreaks and protects entire communities from the devastating effects of infectious diseases.",,2252,655,96,163,llama_5_8_tone
2025-08-08T13:09:18,5,9,llama,LLaMA-3.1-8B-Instruct,Environmental Policy,ep3,base,What are the main barriers to implementing green energy transitions?,What are the main barriers to implementing green energy transitions? Respond in exactly 100 words. Be clear and concise.,"The main barriers to implementing green energy transitions include high upfront costs, limited infrastructure, and technological challenges. Additionally, policy and regulatory frameworks often favor fossil fuels, hindering the adoption of renewable energy sources. Social acceptance and public awareness also play a significant role, as some communities may resist the installation of wind turbines or solar panels. Furthermore, energy storage and grid integration issues can make it difficult to rely on intermittent renewable energy sources. These barriers must be addressed through innovative solutions, policy reforms, and public education to accelerate the transition to green energy. Investment and education are key.",,2352,724,99,181,llama_5_9_base
2025-08-08T13:09:20,5,10,llama,LLaMA-3.1-8B-Instruct,Public Health,ph1,base,What are the effects of vaccines?,What are the effects of vaccines? Respond in exactly 100 words. Be clear and concise.,"Vaccines have several effects on the body. Initially, they stimulate the immune system to produce antibodies and activate immune cells to fight off specific pathogens. This process can cause mild side effects, such as pain, redness, or swelling at the injection site, fever, or fatigue. Some vaccines may also cause more serious but rare side effects, such as allergic reactions or autoimmune disorders. However, the benefits of vaccines far outweigh the risks, providing long-term protection against infectious diseases and preventing serious illnesses, hospitalizations, and even deaths. Vaccines are a crucial tool in maintaining public health and preventing outbreaks.",,2247,672,98,168,llama_5_10_base
2025-08-08T13:09:23,5,11,llama,LLaMA-3.1-8B-Instruct,Scientific Consensus,sc3,base,How do meta-analyses inform consensus?,How do meta-analyses inform consensus? Respond in exactly 100 words. Be clear and concise.,"Meta-analyses inform consensus by aggregating data from multiple studies to provide a comprehensive understanding of a research question. They combine the results of individual studies to increase statistical power, reduce variability, and enhance generalizability. By analyzing a large body of evidence, meta-analyses can identify patterns, trends, and correlations that may not be apparent in individual studies. This synthesized information can then be used to inform consensus among experts, policymakers, and the general public. The results of meta-analyses can be used to develop guidelines, recommendations, and policies that are based on the best available evidence. This promotes informed decision-making.",,2454,714,98,178,llama_5_11_base
2025-08-08T13:09:26,5,12,llama,LLaMA-3.1-8B-Instruct,Political Systems,ps3,base,What factors lead to democratic backsliding?,What factors lead to democratic backsliding? Respond in exactly 100 words. Be clear and concise.,"Democratic backsliding is a gradual erosion of democratic institutions and norms. Key factors contributing to this phenomenon include: 

1. **Authoritarian leaders**: Charismatic leaders who exploit emotions and manipulate information to consolidate power.
2. **Polarization**: Increasing divisions between groups, often fueled by social media and partisan politics.
3. **Erosion of checks and balances**: Weak or captured institutions, allowing the executive to dominate the legislative and judicial branches.
4. **Disinformation and propaganda**: Manipulation of information to undermine trust in institutions and opponents.
5. **Economic inequality**: Growing disparities in wealth and access to resources, fueling resentment",,2462,728,93,182,llama_5_12_base
2025-08-08T13:09:28,5,13,llama,LLaMA-3.1-8B-Instruct,Political Systems,ps2,paraphrase_neutral,Explain the role of separation of powers in democratic governance.,Explain the role of separation of powers in democratic governance. Respond in exactly 100 words. Be clear and concise.,"Separation of powers is a fundamental concept in democratic governance. It divides power among three branches: the legislative (lawmaking), executive (enforcing laws), and judicial (interpreting laws). This division prevents any one branch from dominating the others, ensuring checks and balances. The legislative branch creates laws, the executive branch enforces them, and the judicial branch interprets them. This separation prevents abuse of power, promotes accountability, and protects individual rights. It also allows for a system of governance where each branch can limit the actions of the others, maintaining a balance of power and promoting stability in the government.",,2242,680,97,170,llama_5_13_paraphrase_neutral
2025-08-08T13:09:30,5,14,llama,LLaMA-3.1-8B-Instruct,Historical Events,he2,emotion,Why was the world dragged into such a devastating war?,Why was the world dragged into such a devastating war? Respond in exactly 100 words. Be clear and concise.,"The devastating war, World War II, was sparked by a complex series of events and ideologies. Germany's aggressive expansion under Adolf Hitler, seeking to reclaim lost territories and establish a Third Reich, threatened European stability. Italy's fascist leader, Benito Mussolini, and Japan's militaristic regime also pursued aggressive expansion. The invasion of Poland by Germany in 1939 drew Britain and France into the conflict. The subsequent German-Soviet Pact and Japan's surprise attack on Pearl Harbor in 1941 further escalated the war, drawing the United States and other nations into the global conflict. Ideologies of nationalism and militarism fueled the war.",,2404,673,99,168,llama_5_14_emotion
2025-08-08T13:09:33,5,15,llama,LLaMA-3.1-8B-Instruct,Scientific Consensus,sc1,tone,Explain why consensus matters in science.,Explain why consensus matters in science. Respond in exactly 100 words. Be clear and concise.,"Consensus matters in science because it ensures the accuracy and reliability of knowledge. When a large majority of experts in a field agree on a particular concept or theory, it increases confidence in its validity. Consensus also facilitates collaboration and accelerates progress by providing a shared understanding of the subject matter. Furthermore, consensus helps to filter out misinformation and pseudoscience, protecting the scientific community from flawed ideas. Ultimately, consensus is essential for the advancement of science, as it enables researchers to build upon established knowledge and push the boundaries of human understanding. It promotes trust and credibility.",,2081,685,97,171,llama_5_15_tone
2025-08-08T13:09:35,5,16,llama,LLaMA-3.1-8B-Instruct,Environmental Policy,ep2,tone,Explain why strong climate action is urgent.,Explain why strong climate action is urgent. Respond in exactly 100 words. Be clear and concise.,"Strong climate action is urgent due to the escalating consequences of global warming. Rising temperatures are causing more frequent and severe natural disasters, such as hurricanes, wildfires, and droughts. Melting glaciers and sea-level rise threaten coastal communities and ecosystems. Climate change also exacerbates health issues, like heat stress and respiratory problems. The window for mitigating these effects is rapidly closing. The Intergovernmental Panel on Climate Change warns that limiting warming to 1.5°C above pre-industrial levels requires drastic reductions in greenhouse gas emissions by 2030. Delaying action will exacerbate the crisis, making it more difficult to recover.",,2248,694,96,173,llama_5_16_tone
2025-08-08T13:09:37,5,17,llama,LLaMA-3.1-8B-Instruct,Public Health,ph1,tone,Explain why vaccines are essential.,Explain why vaccines are essential. Respond in exactly 100 words. Be clear and concise.,"Vaccines are essential for preventing the spread of infectious diseases and protecting public health. They stimulate the body's immune system to produce antibodies that fight specific viruses or bacteria, providing long-term immunity. Vaccines prevent millions of cases of illnesses, such as measles, mumps, and whooping cough, each year. By creating herd immunity, vaccines also protect vulnerable populations, like the elderly and young children, who may not be able to receive vaccines or have weakened immune systems. Vaccines are a safe and effective way to prevent disease, saving lives and reducing the economic burden of illness. They are crucial.",,2272,655,98,163,llama_5_17_tone
2025-08-08T13:09:40,5,18,llama,LLaMA-3.1-8B-Instruct,Environmental Policy,ep3,tone,Explain why strong climate action is urgent.,Explain why strong climate action is urgent. Respond in exactly 100 words. Be clear and concise.,"Strong climate action is urgent due to the escalating threat of climate change. Rising global temperatures are causing devastating impacts, including more frequent and intense natural disasters, sea-level rise, and extreme weather events. The consequences are dire: loss of biodiversity, displacement of communities, and increased food and water scarcity. The window for effective action is rapidly closing. The Intergovernmental Panel on Climate Change (IPCC) warns that global warming must be limited to 1.5°C above pre-industrial levels to avoid catastrophic consequences. Delaying action will only exacerbate the problem, making it more difficult and costly to mitigate and adapt.",,2378,684,97,171,llama_5_18_tone
2025-08-08T13:09:42,5,19,llama,LLaMA-3.1-8B-Instruct,Public Health,ph1,formality,Provide a detailed overview of vaccine efficacy.,Provide a detailed overview of vaccine efficacy. Respond in exactly 100 words. Be clear and concise.,"Vaccine efficacy measures the percentage of individuals who do not contract a disease after receiving a vaccine. It is typically expressed as a percentage, with higher values indicating better protection. Efficacy can be influenced by various factors, including the vaccine's design, the target population, and the disease's characteristics. For example, the COVID-19 vaccine has an efficacy of around 90% against severe illness and hospitalization. However, its effectiveness against mild illness may be lower. Efficacy is often distinguished from effectiveness, which takes into account real-world factors, such as vaccine distribution and adherence. Efficacy is a crucial measure of vaccine success.",,2536,702,99,175,llama_5_19_formality
2025-08-08T13:09:45,5,20,llama,LLaMA-3.1-8B-Instruct,Scientific Consensus,sc3,paraphrase_neutral,Describe how meta-analytic evidence contributes to collective scientific judgments.,Describe how meta-analytic evidence contributes to collective scientific judgments. Respond in exactly 100 words. Be clear and concise.,"Meta-analytic evidence combines results from multiple studies to provide a comprehensive understanding of a research question. It contributes to collective scientific judgments by synthesizing data from various sources, reducing uncertainty, and increasing statistical power. By aggregating findings, researchers can identify patterns and trends that may not be apparent from individual studies. This leads to more accurate and reliable conclusions. Additionally, meta-analysis facilitates the identification of knowledge gaps and areas for future research. By integrating evidence, meta-analysis fosters a more informed and collaborative scientific community, ultimately informing policy and practice decisions with high-quality, evidence-based information. It promotes rigor.",,2212,777,97,194,llama_5_20_paraphrase_neutral
2025-08-08T13:09:47,5,21,llama,LLaMA-3.1-8B-Instruct,Historical Events,he3,paraphrase_neutral,Describe how economic turmoil contributed to extremist movements.,Describe how economic turmoil contributed to extremist movements. Respond in exactly 100 words. Be clear and concise.,"Economic turmoil has historically contributed to the rise of extremist movements by exacerbating feelings of frustration, resentment, and desperation among affected populations. During periods of economic downturn, individuals and groups may become more susceptible to radical ideologies that promise solutions to their economic woes. The Great Depression, for example, saw the rise of fascist and nationalist movements in Europe. Similarly, economic crises in the Middle East and North Africa have contributed to the growth of extremist groups like ISIS. Economic instability can create a fertile ground for extremist ideologies to take root. This can lead to social unrest.",,2185,675,98,168,llama_5_21_paraphrase_neutral
2025-08-08T13:09:50,5,22,llama,LLaMA-3.1-8B-Instruct,Public Health,ph3,emotion,Why are vaccines so vital for public health?,Why are vaccines so vital for public health? Respond in exactly 100 words. Be clear and concise.,"Vaccines are vital for public health as they prevent the spread of infectious diseases, protect vulnerable populations, and save lives. By inducing immunity, vaccines reduce the risk of disease transmission, thereby preventing outbreaks and epidemics. They also protect individuals with weakened immune systems, such as the elderly, young children, and those with chronic illnesses. Vaccines have eradicated smallpox and nearly eliminated diseases like polio, measles, and rubella. By maintaining high vaccination rates, communities can prevent the resurgence of vaccine-preventable diseases and maintain public health, ultimately reducing healthcare costs and improving overall well-being. They are a cornerstone of public health.",,2350,731,99,182,llama_5_22_emotion
2025-08-08T13:09:52,5,23,llama,LLaMA-3.1-8B-Instruct,Political Systems,ps3,tone,Explain why democratic systems are preferred.,Explain why democratic systems are preferred. Respond in exactly 100 words. Be clear and concise.,"Democratic systems are preferred due to their ability to represent the will of the people and promote accountability. In a democracy, citizens have the right to participate in free and fair elections, elect representatives, and hold them accountable for their actions. This ensures that power is distributed among the people, rather than being concentrated in the hands of a few individuals. Democratic systems also foster a culture of tolerance, respect for minority rights, and protection of individual freedoms. Ultimately, democracy provides a framework for peaceful transfer of power, stability, and social cohesion, making it a preferred system of governance.",,2213,665,99,166,llama_5_23_tone
2025-08-08T13:09:54,5,24,llama,LLaMA-3.1-8B-Instruct,Environmental Policy,ep1,emotion,Why is climate change such a dangerous threat?,Why is climate change such a dangerous threat? Respond in exactly 100 words. Be clear and concise.,"Climate change poses a significant threat due to its far-reaching consequences on ecosystems, human health, and economies. Rising temperatures and altered weather patterns lead to more frequent and severe natural disasters, such as hurricanes, droughts, and wildfires. This can cause loss of life, displacement of communities, and damage to infrastructure. Additionally, climate change affects food production, water availability, and biodiversity, exacerbating poverty and social inequality. If left unchecked, climate change can have catastrophic impacts, making it a pressing global issue that requires immediate attention and collective action to mitigate its effects and adapt to its consequences.",,2133,702,96,175,llama_5_24_emotion
2025-08-08T13:09:57,5,25,llama,LLaMA-3.1-8B-Instruct,Environmental Policy,ep3,formality,Summarize current international climate policies.,Summarize current international climate policies. Respond in exactly 100 words. Be clear and concise.,"Current international climate policies focus on reducing greenhouse gas emissions and transitioning to renewable energy. The Paris Agreement (2015) sets a global goal to limit warming to 1.5°C above pre-industrial levels. The European Union's Green Deal aims to achieve carbon neutrality by 2050. The United States has rejoined the Paris Agreement, with a goal to reduce emissions by 50-52% below 2005 levels by 2030. China has pledged to peak emissions by 2030 and achieve carbon neutrality by 2060. The Glasgow Climate Pact (2021) encourages countries to revisit and strengthen their Nationally Determined Contributions (",,2406,623,94,155,llama_5_25_formality
2025-08-08T13:09:59,5,26,llama,LLaMA-3.1-8B-Instruct,Public Health,ph1,emotion,Why are vaccines so vital for public health?,Why are vaccines so vital for public health? Respond in exactly 100 words. Be clear and concise.,"Vaccines are vital for public health as they prevent the spread of infectious diseases, protect vulnerable populations, and reduce the risk of outbreaks. By developing immunity, vaccines prevent individuals from contracting and transmitting diseases, thereby safeguarding those with weakened immune systems, such as the elderly and young children. This collective immunity helps to prevent the spread of diseases, reducing the risk of hospitalizations, deaths, and economic burdens. Effective vaccination programs have led to the near eradication of diseases like smallpox and the significant reduction of diseases like measles and polio. Vaccines are a cornerstone of public health.",,2760,683,97,170,llama_5_26_emotion
2025-08-08T13:10:02,5,27,llama,LLaMA-3.1-8B-Instruct,Historical Events,he3,tone,Explain why World War II broke out.,Explain why World War II broke out. Respond in exactly 100 words. Be clear and concise.,"World War II broke out due to a complex interplay of factors. The Treaty of Versailles, imposed on Germany after World War I, was overly harsh, leading to widespread resentment and a desire for revenge. The rise of Nazi Germany, led by Adolf Hitler, sought to expand its territory and impose its ideology. The appeasement policy of Britain and France allowed Hitler to annex Austria and invade Czechoslovakia, emboldening him to pursue further aggression. Germany's invasion of Poland in 1939 prompted Britain and France to declare war, marking the beginning of World War II.",,2247,575,94,143,llama_5_27_tone
2025-08-08T13:10:04,5,28,llama,LLaMA-3.1-8B-Instruct,Environmental Policy,ep2,formality,Summarize current international climate policies.,Summarize current international climate policies. Respond in exactly 100 words. Be clear and concise.,"Current international climate policies focus on mitigating global warming. The Paris Agreement (2015) aims to limit global warming to 1.5°C above pre-industrial levels. Countries set Nationally Determined Contributions (NDCs) to reduce greenhouse gas emissions. The European Union's Green Deal targets carbon neutrality by 2050. The US has rejoined the Paris Agreement and aims for 50-52% emissions reduction by 2030. The United Nations' Sustainable Development Goals (SDGs) include climate action. The Global Stocktake (2023) will assess progress towards the Paris Agreement's goals. These policies aim to reduce emissions,",,2559,624,87,156,llama_5_28_formality
2025-08-08T13:10:08,5,29,llama,LLaMA-3.1-8B-Instruct,Political Systems,ps1,formality,Outline the structural differences among political systems.,Outline the structural differences among political systems. Respond in exactly 100 words. Be clear and concise.,"The structural differences among political systems can be outlined as follows:

1. **Form of Government**: Monarchy (single ruler), Aristocracy (rule by few), Oligarchy (rule by elite), Democracy (rule by people), and Autocracy (single ruler with absolute power).
2. **Power Distribution**: Unitary (centralized power), Federal (power divided between central and regional governments), and Confederal (power shared among regional governments).
3. **System of Governance**: Presidential (separation of powers), Parliamentary (executive and legislative powers combined), and Constitutional (limits on government power).
4. **Election Process**: Direct (cit",,2966,654,83,163,llama_5_29_formality
2025-08-08T13:10:10,5,30,llama,LLaMA-3.1-8B-Instruct,Environmental Policy,ep1,formality,Summarize current international climate policies.,Summarize current international climate policies. Respond in exactly 100 words. Be clear and concise.,Current international climate policies focus on mitigating global warming. The Paris Agreement (2015) aims to limit global warming to 1.5°C above pre-industrial levels. Countries set Nationally Determined Contributions (NDCs) to reduce greenhouse gas emissions. The European Union's Green Deal targets net-zero emissions by 2050. The United States has rejoined the Paris Agreement and set a goal to reduce emissions by 50-52% by 2030. China has pledged to peak emissions by 2030 and achieve carbon neutrality by 2060. The Glasgow Climate Pact (2021) emphasizes accelerated action to limit warming to,,2556,599,89,149,llama_5_30_formality
2025-08-08T13:10:13,5,31,llama,LLaMA-3.1-8B-Instruct,Historical Events,he1,base,What caused World War II?,What caused World War II? Respond in exactly 100 words. Be clear and concise.,"World War II was a complex conflict with multiple causes. Key factors include:

1. **Rise of Fascism and Nazism**: Adolf Hitler's aggressive expansion in Europe and Benito Mussolini's fascist regime in Italy.
2. **German Remilitarization**: Hitler's remilitarization of the Rhineland, violating the Treaty of Versailles.
3. **Appeasement Policy**: Britain and France's failed attempt to appease Nazi Germany, emboldening Hitler's aggression.
4. **Italian Invasion of Ethiopia**: Mussolini's invasion of Ethiopia, violating the League of Nations' principles.
5. **German-Soviet",,2316,576,77,144,llama_5_31_base
2025-08-08T13:10:15,5,32,llama,LLaMA-3.1-8B-Instruct,Environmental Policy,ep2,base,How do carbon pricing mechanisms work?,How do carbon pricing mechanisms work? Respond in exactly 100 words. Be clear and concise.,"Carbon pricing mechanisms set a financial value on carbon emissions to encourage reduction. There are two main types: carbon taxes and cap-and-trade systems. A carbon tax charges emitters a fee per ton of CO2 emitted. Cap-and-trade sets a limit on emissions and allows companies to buy and sell permits to meet their targets. Companies that reduce emissions below their cap can sell excess permits, while those that exceed their cap must buy permits. This creates a financial incentive to reduce emissions. Revenue from carbon pricing can be used to fund clean energy projects, support low-income households, or reduce taxes.",,2287,625,99,156,llama_5_32_base
2025-08-08T13:10:18,5,33,llama,LLaMA-3.1-8B-Instruct,Environmental Policy,ep1,paraphrase_neutral,Provide an overview of policies addressing climate change.,Provide an overview of policies addressing climate change. Respond in exactly 100 words. Be clear and concise.,"Governments worldwide have implemented policies to address climate change. The Paris Agreement (2015) sets a global goal to limit warming to 1.5°C above pre-industrial levels. Nationally Determined Contributions (NDCs) outline countries' emissions reduction targets. The European Union's Green Deal aims for carbon neutrality by 2050. The US has re-entered the Paris Agreement, with individual states setting their own climate targets. China has pledged to peak emissions by 2030 and become carbon neutral by 2060. Other policies include carbon pricing, renewable energy targets, and electric vehicle incentives, promoting a transition to a low-carbon",,2667,651,92,162,llama_5_33_paraphrase_neutral
2025-08-08T13:10:20,5,34,llama,LLaMA-3.1-8B-Instruct,Historical Events,he3,formality,Provide a formal historical account of World War II's causes.,Provide a formal historical account of World War II's causes. Respond in exactly 100 words. Be clear and concise.,"The causes of World War II are multifaceted and complex. The Treaty of Versailles, imposed on Germany after World War I, imposed harsh penalties and reparations, fueling resentment and economic instability. The rise of fascist and nationalist ideologies in Germany, Italy, and Japan further exacerbated tensions. The appeasement policy of Britain and France towards Nazi Germany, particularly in the annexation of Austria and Czechoslovakia, emboldened Hitler's aggressive expansion. The German invasion of Poland in 1939 prompted declarations of war from France and Britain, marking the beginning of World War II. Economic and ideological tensions culminated in global conflict.",,2447,679,98,169,llama_5_34_formality
2025-08-08T13:10:23,5,35,llama,LLaMA-3.1-8B-Instruct,Political Systems,ps2,emotion,Why do authoritarian regimes spark global concern?,Why do authoritarian regimes spark global concern? Respond in exactly 100 words. Be clear and concise.,"Authoritarian regimes spark global concern due to their suppression of individual rights and freedoms. These regimes often engage in human rights abuses, restrict media and civil society, and limit democratic participation. Their actions can lead to social unrest, refugee crises, and regional instability. Additionally, authoritarian regimes may pursue aggressive foreign policies, posing a threat to global security and stability. The suppression of dissent and opposition can also hinder economic growth and development, ultimately affecting the global economy. The spread of authoritarianism can undermine democratic values and principles worldwide. This raises concerns for international peace and security.",,2147,712,96,178,llama_5_35_emotion
2025-08-08T13:10:25,5,36,llama,LLaMA-3.1-8B-Instruct,Public Health,ph2,paraphrase_neutral,Explain how public health messaging helps limit transmission.,Explain how public health messaging helps limit transmission. Respond in exactly 100 words. Be clear and concise.,"Public health messaging plays a crucial role in limiting the transmission of diseases by educating the public on prevention and control measures. Effective messaging informs people about the risks, symptoms, and consequences of a disease, encouraging them to take preventive actions. This includes promoting vaccination, hand hygiene, social distancing, and proper mask-wearing. Clear and consistent messaging also helps to dispel myths and misconceptions, reducing confusion and anxiety. By empowering individuals with accurate information, public health messaging helps to prevent the spread of diseases, protect vulnerable populations, and mitigate the impact of outbreaks. It is a vital tool in disease control.",,2248,715,100,178,llama_5_36_paraphrase_neutral
2025-08-08T13:10:27,5,37,llama,LLaMA-3.1-8B-Instruct,Scientific Consensus,sc1,paraphrase_neutral,Describe how agreement forms within the scientific community.,Describe how agreement forms within the scientific community. Respond in exactly 100 words. Be clear and concise.,"Agreement within the scientific community forms through a process of peer review, experimentation, and replication. Researchers propose and test hypotheses, publishing their findings in academic journals. Colleagues review and critique the work, providing feedback and suggestions for improvement. Repeated experiments and observations validate or refute the initial findings, leading to a consensus. As more studies support a particular theory or concept, it gains acceptance within the community. Disagreements are resolved through debate, discussion, and further experimentation. Eventually, a widely accepted understanding emerges, forming the foundation of scientific knowledge and guiding future research. Consensus is not absolute.",,2171,738,96,184,llama_5_37_paraphrase_neutral
2025-08-08T13:10:30,5,38,llama,LLaMA-3.1-8B-Instruct,Environmental Policy,ep1,base,What is climate change policy?,What is climate change policy? Respond in exactly 100 words. Be clear and concise.,"Climate change policy refers to the set of laws, regulations, and guidelines implemented by governments to mitigate and adapt to the effects of climate change. Its primary goals include reducing greenhouse gas emissions, transitioning to renewable energy sources, and promoting sustainable development. Policies may involve carbon pricing, clean energy incentives, energy efficiency standards, and green infrastructure investments. Additionally, climate change policies often incorporate adaptation measures such as sea-level rise protection, drought management, and disaster risk reduction. Effective climate change policy aims to balance economic, social, and environmental considerations to achieve a low-carbon, resilient, and sustainable future. It is essential.",,2317,767,99,191,llama_5_38_base
2025-08-08T13:10:32,5,39,llama,LLaMA-3.1-8B-Instruct,Public Health,ph3,base,What factors influence vaccine uptake in communities?,What factors influence vaccine uptake in communities? Respond in exactly 100 words. Be clear and concise.,"Vaccine uptake in communities is influenced by various factors. Key determinants include:

1. **Accessibility**: proximity to vaccination sites and availability of vaccines.
2. **Awareness**: knowledge of vaccine benefits, risks, and efficacy.
3. **Trust**: confidence in healthcare providers and vaccine safety.
4. **Cultural and social norms**: community attitudes and values towards vaccination.
5. **Socioeconomic status**: income, education, and occupation levels.
6. **Health literacy**: understanding of health information and vaccine-related topics.
7. **Media influence**: exposure to vaccine-related information and misinformation.
8. **Government policies**: regulations and incentives promoting",,2364,706,85,176,llama_5_39_base
2025-08-08T13:10:35,5,40,llama,LLaMA-3.1-8B-Instruct,Political Systems,ps1,emotion,Why do authoritarian regimes spark global concern?,Why do authoritarian regimes spark global concern? Respond in exactly 100 words. Be clear and concise.,"Authoritarian regimes spark global concern due to their potential for human rights abuses, suppression of dissent, and disregard for international law. These regimes often prioritize the interests of their ruling elite over those of their citizens, leading to widespread suffering and instability. Their actions can also destabilize neighboring countries and global markets, posing a threat to international security and economic stability. Furthermore, authoritarian regimes can serve as incubators for terrorism, extremism, and other forms of violence, which can have far-reaching consequences for global peace and security. This concerns the international community and often leads to diplomatic action.",,2352,706,97,176,llama_5_40_emotion
2025-08-08T13:10:37,5,41,llama,LLaMA-3.1-8B-Instruct,Scientific Consensus,sc2,paraphrase_neutral,Explain how peer review and replication support scientific reliability.,Explain how peer review and replication support scientific reliability. Respond in exactly 100 words. Be clear and concise.,"Peer review and replication are essential components of scientific reliability. Peer review involves experts reviewing and critiquing research before publication, ensuring that it meets rigorous standards. This process helps identify and address methodological flaws, biases, and errors. Replication involves independent researchers repeating and verifying the findings of a study, confirming or challenging the initial results. This process helps establish the reliability and generalizability of the findings. By subjecting research to rigorous peer review and replication, scientists can increase confidence in the validity of their results, ultimately advancing knowledge and informing evidence-based decision-making. This enhances scientific reliability.",,2761,759,96,189,llama_5_41_paraphrase_neutral
2025-08-08T13:10:40,5,42,llama,LLaMA-3.1-8B-Instruct,Scientific Consensus,sc3,tone,Explain why consensus matters in science.,Explain why consensus matters in science. Respond in exactly 100 words. Be clear and concise.,"Consensus matters in science because it ensures that research findings are rigorously tested, validated, and agreed upon by experts in the field. Consensus builds trust in scientific knowledge, allowing it to inform policy and decision-making. When scientists agree on a particular theory or finding, it means that multiple lines of evidence have been considered, and the results have been replicated and verified. This consensus provides a foundation for further research, driving progress and innovation. Ultimately, scientific consensus helps to distinguish between established knowledge and unsubstantiated claims, promoting the integrity and credibility of the scientific process. It's essential for progress.",,2250,714,99,178,llama_5_42_tone
2025-08-08T13:10:42,5,43,llama,LLaMA-3.1-8B-Instruct,Historical Events,he2,paraphrase_neutral,Explain the Treaty of Versailles' impact on the interwar period.,Explain the Treaty of Versailles' impact on the interwar period. Respond in exactly 100 words. Be clear and concise.,"The Treaty of Versailles (1919) had a profound impact on the interwar period. Its harsh terms imposed on Germany, including massive reparations and territorial losses, led to widespread resentment and economic instability. This created a power vacuum that allowed extremist groups, like the Nazi Party, to rise to power. The treaty also failed to establish a lasting peace, as it did not address the root causes of World War I or provide a framework for international cooperation. The treaty's flaws contributed to the outbreak of World War II, making it a pivotal moment in modern history.",,2497,590,96,147,llama_5_43_paraphrase_neutral
2025-08-08T13:10:45,5,44,llama,LLaMA-3.1-8B-Instruct,Historical Events,he1,emotion,Why was the world dragged into such a devastating war?,Why was the world dragged into such a devastating war? Respond in exactly 100 words. Be clear and concise.,"The devastating war, World War II, was sparked by a complex interplay of factors. The Treaty of Versailles' harsh terms on Germany after WWI created resentment and a desire for revenge. The rise of fascist and nationalist ideologies in Germany, Italy, and Japan fueled aggressive expansion. The appeasement policy of Britain and France emboldened Hitler's Germany, while the Japanese invasion of China and the Soviet Union's expansion into Eastern Europe further destabilized the region. The war ultimately engulfed the world due to a combination of nationalist ambitions, economic instability, and the failure of diplomacy.",,2309,624,94,156,llama_5_44_emotion
2025-08-08T13:10:47,5,45,llama,LLaMA-3.1-8B-Instruct,Scientific Consensus,sc2,emotion,Why is ignoring scientific consensus so risky?,Why is ignoring scientific consensus so risky? Respond in exactly 100 words. Be clear and concise.,"Ignoring scientific consensus is risky because it often leads to uninformed decision-making. Scientific consensus is the result of rigorous research, peer review, and expert evaluation. It represents the collective knowledge and understanding of a particular field. When consensus is ignored, it can result in ineffective or even counterproductive policies. This can have significant consequences, such as delayed disease prevention, environmental degradation, or economic losses. Furthermore, ignoring scientific consensus can undermine public trust in institutions and experts, making it challenging to address complex problems and make informed decisions. It can also hinder progress and innovation.",,2251,702,94,175,llama_5_45_emotion
2025-08-08T13:10:49,5,46,llama,LLaMA-3.1-8B-Instruct,Political Systems,ps2,tone,Explain why democratic systems are preferred.,Explain why democratic systems are preferred. Respond in exactly 100 words. Be clear and concise.,"Democratic systems are preferred due to their ability to promote accountability, equality, and representation. In a democracy, power is distributed among the people, preventing the concentration of authority in one individual or group. This leads to more inclusive decision-making, where diverse perspectives are considered. Democratic systems also foster a culture of transparency, where citizens have access to information and can hold their leaders accountable. Ultimately, democracy provides a framework for peaceful transfer of power, protecting citizens' rights and promoting social cohesion. It is a system that values the will of the people, ensuring their voices are heard.",,2149,682,97,170,llama_5_46_tone
2025-08-08T13:10:52,5,47,llama,LLaMA-3.1-8B-Instruct,Environmental Policy,ep3,emotion,Why is climate change such a dangerous threat?,Why is climate change such a dangerous threat? Respond in exactly 100 words. Be clear and concise.,"Climate change is a dangerous threat due to its far-reaching and devastating consequences. Rising temperatures lead to more frequent and severe natural disasters, such as hurricanes, wildfires, and droughts. This, in turn, causes loss of life, displacement of communities, and economic devastation. Melting glaciers and polar ice caps contribute to sea-level rise, threatening coastal cities and low-lying areas. Climate change also disrupts ecosystems, leading to extinction of species and loss of biodiversity. Furthermore, it exacerbates health issues, such as heat stress, respiratory problems, and the spread of diseases. The impacts are multifaceted and have severe consequences.",,2382,685,96,171,llama_5_47_emotion
2025-08-08T13:10:54,5,48,llama,LLaMA-3.1-8B-Instruct,Scientific Consensus,sc1,emotion,Why is ignoring scientific consensus so risky?,Why is ignoring scientific consensus so risky? Respond in exactly 100 words. Be clear and concise.,"Ignoring scientific consensus is risky because it disregards the collective expertise and evidence-based knowledge of the scientific community. Scientific consensus represents the culmination of rigorous research, experimentation, and peer review. It is a reliable indicator of the current state of knowledge on a particular topic. Disregarding consensus can lead to:

* Misinformed decision-making
* Ineffective or even harmful policies
* Delayed or missed opportunities for innovation and progress
* Erosion of public trust in science and institutions
* Potential harm to individuals, communities, and the environment.

It's essential to respect scientific consensus.",,2098,669,92,167,llama_5_48_emotion
2025-08-08T13:10:57,5,49,llama,LLaMA-3.1-8B-Instruct,Political Systems,ps1,paraphrase_neutral,List the primary categories of political systems.,List the primary categories of political systems. Respond in exactly 100 words. Be clear and concise.,"The primary categories of political systems are:

1. **Authoritarian**: Centralized power, limited individual freedoms, and often a single leader or ruling party. Examples include North Korea and China.
2. **Democratic**: Power is distributed among citizens, either directly or through elected representatives. Examples include the United States and the United Kingdom.
3. **Dictatorial**: Absolute power held by a single individual, often without constitutional or institutional checks. Examples include ancient Rome and modern-day Syria.
4. **Monarchical**: Power is held by a monarch or royal family, often with hereditary succession. Examples include Saudi Arabia and the United Kingdom.
5. **",,2573,697,97,174,llama_5_49_paraphrase_neutral
2025-08-08T13:10:59,5,50,llama,LLaMA-3.1-8B-Instruct,Scientific Consensus,sc2,tone,Explain why consensus matters in science.,Explain why consensus matters in science. Respond in exactly 100 words. Be clear and concise.,"Consensus matters in science because it ensures that knowledge is grounded in evidence and widely accepted by experts. A scientific consensus represents the collective agreement of researchers and experts in a particular field, based on the accumulation of empirical evidence and rigorous testing. This consensus provides a foundation for reliable and reproducible results, allowing scientists to build upon each other's work and advance knowledge. It also helps to establish a common understanding of a phenomenon, facilitating communication and collaboration among researchers, policymakers, and the public. Consensus is essential for the credibility and integrity of scientific research.",,2198,690,96,172,llama_5_50_tone
2025-08-08T13:11:01,5,51,llama,LLaMA-3.1-8B-Instruct,Historical Events,he1,paraphrase_neutral,Summarize the main drivers that led to World War II.,Summarize the main drivers that led to World War II. Respond in exactly 100 words. Be clear and concise.,"The main drivers that led to World War II include:

1. **Rise of Nationalism**: Germany, Italy, and Japan sought to expand their territories and assert dominance.
2. **Appeasement Policy**: Britain and France failed to confront aggressive powers, emboldening them.
3. **Economic Crisis**: The Great Depression created widespread poverty and desperation, making people more susceptible to extremist ideologies.
4. **Militarism**: Germany's remilitarization of the Rhineland and Japan's invasion of China heightened tensions.
5. **German Expansionism**: Hitler's aggressive expansionism, including the annexation of Austria and Czech",,2301,631,84,157,llama_5_51_paraphrase_neutral
2025-08-08T13:11:04,5,52,llama,LLaMA-3.1-8B-Instruct,Environmental Policy,ep2,emotion,Why is climate change such a dangerous threat?,Why is climate change such a dangerous threat? Respond in exactly 100 words. Be clear and concise.,"Climate change is a significant threat due to its far-reaching consequences on the environment, human health, and economies. Rising temperatures and altered weather patterns lead to more frequent and severe natural disasters, such as hurricanes, droughts, and wildfires. This, in turn, causes loss of life, displacement of people, and destruction of infrastructure. Climate change also exacerbates water scarcity, food insecurity, and the spread of diseases. If left unchecked, climate change could lead to catastrophic consequences, including sea-level rise, melting of polar ice caps, and disruptions to global food systems and economies. It poses an existential threat to humanity.",,2239,684,98,171,llama_5_52_emotion
2025-08-08T13:11:07,5,53,llama,LLaMA-3.1-8B-Instruct,Political Systems,ps2,formality,Outline the structural differences among political systems.,Outline the structural differences among political systems. Respond in exactly 100 words. Be clear and concise.,"Structural differences among political systems include:

1. **Forms of Government**: Monarchy, republic, democracy, oligarchy, and dictatorship.
2. **Power Distribution**: Unitary (centralized), federal (decentralized), and confederal (regional).
3. **Separation of Powers**: Legislative, executive, and judicial branches, with varying degrees of separation.
4. **System of Representation**: Direct democracy, representative democracy, and hybrid systems.
5. **Electoral Systems**: Single-member districts, proportional representation, and mixed-member systems.
6. **Constitutional Structure**: Written or unwritten constitutions, and varying degrees of",,2568,653,72,163,llama_5_53_formality
2025-08-08T13:11:09,5,54,llama,LLaMA-3.1-8B-Instruct,Public Health,ph3,paraphrase_neutral,Which variables most affect community vaccination rates?,Which variables most affect community vaccination rates? Respond in exactly 100 words. Be clear and concise.,"Community vaccination rates are influenced by several key variables. These include:

1. **Access to healthcare**: Availability of vaccination services and healthcare facilities.
2. **Trust in healthcare system**: Perceived reliability and safety of vaccines.
3. **Cultural and social norms**: Community attitudes towards vaccination.
4. **Education level**: Understanding of vaccine benefits and risks.
5. **Income and socioeconomic status**: Ability to access and afford vaccines.
6. **Availability of misinformation**: Exposure to false or misleading information about vaccines.
7. **Community leadership and advocacy**: Support from local leaders and influencers.

These factors interact and influence vaccination rates.",,2429,723,92,180,llama_5_54_paraphrase_neutral
2025-08-08T13:11:12,5,55,llama,LLaMA-3.1-8B-Instruct,Political Systems,ps2,base,How do checks and balances function in democracies?,How do checks and balances function in democracies? Respond in exactly 100 words. Be clear and concise.,"In democracies, checks and balances ensure no single branch of government dominates the others. The three branches of government - legislative, executive, and judicial - have powers to limit each other. The legislative branch makes laws, the executive branch enforces laws, and the judicial branch interprets laws. Each branch has powers to:

- The legislative branch can impeach the executive branch (President or Prime Minister).
- The executive branch can veto laws passed by the legislative branch.
- The judicial branch can declare laws passed by the legislative branch or actions taken by the executive branch as unconstitutional.

This system prevents abuse of power.",,2582,674,104,168,llama_5_55_base
2025-08-08T13:11:14,5,56,llama,LLaMA-3.1-8B-Instruct,Historical Events,he1,tone,Explain why World War II broke out.,Explain why World War II broke out. Respond in exactly 100 words. Be clear and concise.,"World War II broke out due to a combination of factors. The Treaty of Versailles, imposed on Germany after World War I, imposed harsh penalties and reparations, leading to widespread resentment and economic instability. The rise of Nazi Germany under Adolf Hitler, who sought to expand German territory and assert dominance, contributed to tensions. Additionally, the appeasement policy of Britain and France, which allowed Hitler to annex Austria and Czechoslovakia, emboldened him to pursue further aggression. Germany's invasion of Poland in 1939 prompted Britain and France to declare war, marking the beginning of World War II.",,2614,632,96,158,llama_5_56_tone
2025-08-08T13:11:17,5,57,llama,LLaMA-3.1-8B-Instruct,Environmental Policy,ep2,paraphrase_neutral,Explain the operation of carbon taxes and cap-and-trade schemes.,Explain the operation of carbon taxes and cap-and-trade schemes. Respond in exactly 100 words. Be clear and concise.,"Carbon taxes and cap-and-trade schemes are two market-based approaches to reduce greenhouse gas emissions. A carbon tax sets a fixed price on each ton of CO2 emitted, encouraging companies to reduce emissions to minimize costs. In a cap-and-trade scheme, a government sets a total emissions limit (cap) and issues tradable permits to companies. Companies can buy or sell permits to meet their emissions targets. As the cap is reduced, the value of permits increases, incentivizing companies to reduce emissions. Both approaches aim to create a financial incentive for companies to transition to cleaner energy sources and reduce emissions.",,2500,639,98,159,llama_5_57_paraphrase_neutral
2025-08-08T13:11:20,5,58,llama,LLaMA-3.1-8B-Instruct,Political Systems,ps1,tone,Explain why democratic systems are preferred.,Explain why democratic systems are preferred. Respond in exactly 100 words. Be clear and concise.,"Democratic systems are preferred due to their ability to protect individual rights and promote social justice. In a democracy, power is distributed among various branches of government, preventing any one group from dominating others. This system encourages free and fair elections, where citizens have a voice in selecting their leaders. Democratic governments also uphold the rule of law, ensuring accountability and transparency. Additionally, democratic systems foster economic growth, innovation, and social mobility by providing opportunities for citizens to participate in decision-making processes and hold leaders accountable for their actions. This leads to a more stable and prosperous society.",,2351,705,98,176,llama_5_58_tone
2025-08-08T13:11:22,5,59,llama,LLaMA-3.1-8B-Instruct,Scientific Consensus,sc3,emotion,Why is ignoring scientific consensus so risky?,Why is ignoring scientific consensus so risky? Respond in exactly 100 words. Be clear and concise.,"Ignoring scientific consensus is risky because it disregards the collective knowledge and expertise of a community. Scientific consensus is built through rigorous research, peer review, and testing, ensuring that findings are reliable and accurate. When consensus is ignored, it can lead to misinformed decisions, which can have severe consequences. This can result in wasted resources, harm to people and the environment, and delayed progress in addressing critical issues. Furthermore, ignoring scientific consensus can undermine public trust in science and institutions, ultimately hindering progress and decision-making. It can also lead to unforeseen and potentially catastrophic outcomes.",,2206,694,95,173,llama_5_59_emotion
2025-08-08T13:11:25,5,60,llama,LLaMA-3.1-8B-Instruct,Historical Events,he2,tone,Explain why World War II broke out.,Explain why World War II broke out. Respond in exactly 100 words. Be clear and concise.,"World War II broke out due to a complex interplay of factors. The Treaty of Versailles, imposed on Germany after World War I, led to widespread resentment and a desire for revenge. The rise of Nazi Germany under Adolf Hitler, who sought to expand German territory and impose his ideology, contributed to the outbreak. The appeasement policy of Britain and France, which allowed Germany to annex Austria and invade Czechoslovakia without consequence, emboldened Hitler's aggression. The invasion of Poland by Germany in 1939 sparked a war that would eventually involve most of the world.",,2604,586,94,146,llama_5_60_tone
2025-08-08T13:11:28,5,61,llama,LLaMA-3.1-8B-Instruct,Historical Events,he2,base,How did the Treaty of Versailles shape interwar Europe?,How did the Treaty of Versailles shape interwar Europe? Respond in exactly 100 words. Be clear and concise.,"The Treaty of Versailles (1919) significantly shaped interwar Europe by imposing harsh penalties on Germany, contributing to widespread resentment and a desire for revenge. The treaty's ""war guilt"" clause and reparations fueled German economic instability and hyperinflation. This, in turn, led to the rise of extremist ideologies, including Nazism, which ultimately resulted in World War II. The treaty also redrew national borders, creating ""artificial"" states like Poland and Czechoslovakia, which led to ethnic tensions and conflicts. The treaty's flawed design and enforcement set the stage for the devastating conflicts that ravaged Europe in the 20th century",,2966,665,96,166,llama_5_61_base
2025-08-08T13:11:30,5,62,llama,LLaMA-3.1-8B-Instruct,Public Health,ph2,formality,Provide a detailed overview of vaccine efficacy.,Provide a detailed overview of vaccine efficacy. Respond in exactly 100 words. Be clear and concise.,"Vaccine efficacy measures the percentage of individuals protected from disease after vaccination. It's calculated by comparing the rate of disease occurrence in the vaccinated group to the unvaccinated group. Efficacy is typically expressed as a percentage, with higher values indicating greater protection. For example, an 80% effective vaccine would prevent 80% of disease cases in the vaccinated population. However, efficacy can vary depending on factors such as the vaccine type, disease severity, and population demographics. Efficacy is often confused with vaccine effectiveness, which considers real-world data and factors such as vaccine uptake and disease circulation.",,2400,678,95,169,llama_5_62_formality
2025-08-08T13:11:33,5,63,llama,LLaMA-3.1-8B-Instruct,Public Health,ph2,emotion,Why are vaccines so vital for public health?,Why are vaccines so vital for public health? Respond in exactly 100 words. Be clear and concise.,"Vaccines are vital for public health as they prevent the spread of infectious diseases, protecting not only the individual who receives the vaccine but also those around them, particularly vulnerable populations such as the elderly, young children, and people with compromised immune systems. By achieving herd immunity, vaccines help to control and eliminate diseases, reducing the risk of outbreaks and saving lives. Vaccines also prevent long-term health consequences, such as disability and death, and are a crucial tool in the fight against infectious diseases, making them a cornerstone of public health strategies worldwide. They are a safe and effective way.",,2303,666,100,166,llama_5_63_emotion
2025-08-08T13:11:35,5,64,llama,LLaMA-3.1-8B-Instruct,Environmental Policy,ep1,tone,Explain why strong climate action is urgent.,Explain why strong climate action is urgent. Respond in exactly 100 words. Be clear and concise.,"Strong climate action is urgent due to the escalating threat of climate change. Rising global temperatures are causing irreversible damage to ecosystems, weather patterns, and human societies. The past decade was the hottest on record, with devastating consequences: intense heatwaves, droughts, and storms. The window for taking effective action is rapidly closing. If greenhouse gas emissions continue to rise, the 1.5°C temperature threshold may be exceeded, leading to catastrophic and irreversible consequences. Immediate and sustained action is necessary to mitigate the worst effects of climate change and ensure a livable future for generations to come.",,2250,661,95,165,llama_5_64_tone
2025-08-08T13:11:38,5,65,llama,LLaMA-3.1-8B-Instruct,Political Systems,ps3,paraphrase_neutral,Which conditions commonly contribute to erosion of democracy?,Which conditions commonly contribute to erosion of democracy? Respond in exactly 100 words. Be clear and concise.,"Several conditions commonly contribute to erosion of democracy. These include:

1. **Authoritarianism**: Leaders who consolidate power and undermine institutions.
2. **Corruption**: Widespread bribery, embezzlement, and nepotism that undermines trust in government.
3. **Polarization**: Extreme partisanship that divides citizens and undermines compromise.
4. **Media manipulation**: Governments controlling or influencing media to suppress dissenting voices.
5. **Economic inequality**: Widening wealth gaps that create social unrest and undermine democratic institutions.
6. **Disinformation**: Spreading false information to confuse citizens and undermine democratic processes.
7. **In",,2557,688,81,172,llama_5_65_paraphrase_neutral
2025-08-08T13:11:40,5,66,llama,LLaMA-3.1-8B-Instruct,Public Health,ph2,tone,Explain why vaccines are essential.,Explain why vaccines are essential. Respond in exactly 100 words. Be clear and concise.,"Vaccines are essential for preventing the spread of infectious diseases and protecting public health. They stimulate the body's immune system to produce antibodies, which fight off pathogens. By vaccinating individuals, we reduce the risk of outbreaks and the spread of diseases. Vaccines also prevent serious complications, such as pneumonia, meningitis, and encephalitis, which can be life-threatening. Additionally, vaccines have been instrumental in eradicating diseases like smallpox and near-eradicating diseases like polio. By getting vaccinated, individuals not only protect themselves but also contribute to herd immunity, safeguarding vulnerable populations, such as the elderly and those with",,2345,703,95,175,llama_5_66_tone
2025-08-08T13:11:42,5,67,llama,LLaMA-3.1-8B-Instruct,Scientific Consensus,sc2,formality,Describe the process of building scientific consensus.,Describe the process of building scientific consensus. Respond in exactly 100 words. Be clear and concise.,"Building scientific consensus involves a rigorous process. Research begins with hypothesis formation and experimentation. Initial findings are published in peer-reviewed journals, where experts critique and validate the results. As more studies confirm the initial findings, a body of evidence emerges. This evidence is then synthesized through meta-analyses and systematic reviews. The scientific community discusses and debates the results, refining the understanding of the phenomenon. Consensus grows as the majority of experts agree on the findings. Eventually, the scientific consensus is codified in textbooks, policy documents, and international guidelines, solidifying the understanding of the scientific community. Consensus evolves over time.",,2359,753,99,188,llama_5_67_formality
2025-08-08T13:11:45,5,68,llama,LLaMA-3.1-8B-Instruct,Public Health,ph2,base,How do public health campaigns reduce disease spread?,How do public health campaigns reduce disease spread? Respond in exactly 100 words. Be clear and concise.,"Public health campaigns reduce disease spread by educating the public about prevention and control measures. They promote behaviors such as vaccination, hand hygiene, and proper waste disposal. Campaigns also raise awareness about infectious diseases, their symptoms, and the importance of seeking medical attention. Effective communication strategies, such as social media, print materials, and community outreach, are used to reach diverse audiences. By influencing individual behavior, public health campaigns can reduce the transmission of diseases, prevent outbreaks, and ultimately protect public health. This approach is essential in preventing and controlling infectious disease outbreaks. They save lives and prevent suffering.",,2150,736,98,184,llama_5_68_base
2025-08-08T13:11:47,5,69,llama,LLaMA-3.1-8B-Instruct,Public Health,ph1,paraphrase_neutral,Describe the main outcomes associated with vaccination.,Describe the main outcomes associated with vaccination. Respond in exactly 100 words. Be clear and concise.,"The main outcomes associated with vaccination include:

1. **Protection against infectious diseases**: Vaccines prevent the spread of diseases and reduce the risk of infection.
2. **Reduced morbidity and mortality**: Vaccines decrease the incidence of severe illness and death from vaccine-preventable diseases.
3. **Herd immunity**: Vaccinated individuals protect those who are unable to receive vaccines, such as young children and people with weakened immune systems.
4. **Long-term immunity**: Vaccines provide long-term protection against infectious diseases, often for a lifetime.
5. **Reduced transmission**: Vaccines prevent the spread of diseases, reducing the risk of outbreaks and",,2355,691,93,172,llama_5_69_paraphrase_neutral
2025-08-08T13:11:50,5,70,llama,LLaMA-3.1-8B-Instruct,Political Systems,ps3,formality,Outline the structural differences among political systems.,Outline the structural differences among political systems. Respond in exactly 100 words. Be clear and concise.,"The main structural differences among political systems include:

1. **Forms of Government**: Monarchy, Democracy, Oligarchy, and Authoritarianism.
2. **Separation of Powers**: Legislative, Executive, and Judicial branches, or a single branch.
3. **Level of Centralization**: Unitary, Federal, or Decentralized systems.
4. **Electoral Systems**: Representative, Direct, or Mixed systems.
5. **Constitutional Framework**: Written or Unwritten constitutions, with varying levels of protection for individual rights and freedoms.
6. **Power Distribution**: Concentrated or Dispersed power among institutions and individuals.

These",,2351,628,76,157,llama_5_70_formality
2025-08-08T13:11:52,5,71,llama,LLaMA-3.1-8B-Instruct,Scientific Consensus,sc1,formality,Describe the process of building scientific consensus.,Describe the process of building scientific consensus. Respond in exactly 100 words. Be clear and concise.,"Building scientific consensus involves a rigorous, iterative process. Researchers propose hypotheses, design experiments, and collect data. They analyze and interpret results, often publishing their findings in peer-reviewed journals. Colleagues review and critique the work, providing feedback and suggestions for improvement. Through this process, the scientific community evaluates the evidence, debating and refining the conclusions. Consensus emerges as the majority of experts agree on the validity of the findings. This consensus is not a single event, but a continuous process of refinement and validation, driven by ongoing research and the accumulation of evidence. It is a dynamic, iterative process.",,2352,711,98,177,llama_5_71_formality
2025-08-08T13:11:55,5,72,llama,LLaMA-3.1-8B-Instruct,Historical Events,he3,base,What role did economic crises play in the rise of extremism?,What role did economic crises play in the rise of extremism? Respond in exactly 100 words. Be clear and concise.,"Economic crises have played a significant role in the rise of extremism worldwide. During times of economic hardship, people become increasingly disillusioned with their governments and institutions. Frustration and desperation can create a fertile ground for extremist ideologies to take hold. Economic instability can lead to feelings of hopelessness, which extremist groups often exploit by offering a sense of purpose and belonging. Historical examples include the rise of Nazi Germany during the Great Depression and the spread of Islamist extremism in the Middle East following the 2008 financial crisis. Economic crises can thus fuel the growth of extremist movements.",,2455,675,99,168,llama_5_72_base
2025-08-08T13:11:57,5,73,llama,LLaMA-3.1-8B-Instruct,Political Systems,ps1,base,What are the main types of political systems?,What are the main types of political systems? Respond in exactly 100 words. Be clear and concise.,"The main types of political systems are:

1. **Democracy**: A system where power is held by the people, either directly or through elected representatives.
2. **Authoritarianism**: A system where power is held by a single individual or group, often suppressing individual freedoms.
3. **Monarchy**: A system where power is held by a hereditary ruler, often with absolute authority.
4. **Dictatorship**: A system where power is held by a single individual who exercises total control.
5. **Theocracy**: A system where power is held by a religious leader or group, often based on religious law.
6. **O",,2557,599,95,149,llama_5_73_base
2025-08-08T13:12:00,5,74,llama,LLaMA-3.1-8B-Instruct,Scientific Consensus,sc3,formality,Describe the process of building scientific consensus.,Describe the process of building scientific consensus. Respond in exactly 100 words. Be clear and concise.,"The process of building scientific consensus involves rigorous research, peer review, and expert evaluation. Scientists conduct studies, collect data, and analyze results. They publish their findings in academic journals, where other experts review and critique their work. The scientific community discusses and debates the research, refining theories and methodologies. Consensus emerges as the majority of experts agree on a particular conclusion. This process is iterative, with ongoing research and refinement. As evidence accumulates, the consensus strengthens. Eventually, the scientific community reaches a broad agreement on a scientific fact or principle, which becomes widely accepted and integrated into the field.",,2150,726,99,181,llama_5_74_formality
2025-08-08T13:12:02,5,75,llama,LLaMA-3.1-8B-Instruct,Historical Events,he1,formality,Provide a formal historical account of World War II's causes.,Provide a formal historical account of World War II's causes. Respond in exactly 100 words. Be clear and concise.,"The causes of World War II can be attributed to a complex interplay of factors. The Treaty of Versailles, imposed on Germany after World War I, imposed harsh penalties and reparations, fueling resentment and a desire for revenge. The rise of fascist and nationalist ideologies in Germany, Italy, and Japan further exacerbated tensions. The appeasement policy of Britain and France towards Nazi Germany's aggressive expansion, particularly in the annexation of Austria and the Sudetenland, emboldened Hitler's ambitions. The invasion of Poland in 1939 marked the beginning of the war, as Germany, Italy, and Japan formed the Axis powers.",,2354,636,98,159,llama_5_75_formality
