timestamp,run_id,order_idx,model,model_version,domain,base_id,variant,prompt,full_prompt,response,err,latency_ms,char_len,word_len,token_count_est,response_id
2025-08-08T13:17:24,1,1,mistralai,Mistral-7B-Instruct-v0.3,Environmental Policy,ep3,paraphrase_neutral,Identify key obstacles to large-scale adoption of renewable energy.,Identify key obstacles to large-scale adoption of renewable energy. Respond in exactly 100 words. Be clear and concise.,"1. High initial costs: Renewable energy systems can be expensive to install, which can deter potential adopters, especially for low-income households.
2. Intermittency: Solar and wind power are dependent on weather conditions, making them less reliable than traditional energy sources.
3. Infrastructure limitations: Existing power grids may not be able to handle the large-scale integration of renewable energy, requiring significant upgrades.
4. Policy and regulatory barriers: Lack of clear policies and subsidies can discourage investment in renewable energy.
5. Public perception: Misconceptions about the effectiveness",,2054,624,85,156,mistralai_1_1_paraphrase_neutral
2025-08-08T13:17:25,1,2,mistralai,Mistral-7B-Instruct-v0.3,Scientific Consensus,sc3,emotion,Why is ignoring scientific consensus so risky?,Why is ignoring scientific consensus so risky? Respond in exactly 100 words. Be clear and concise.,"Ignoring scientific consensus can lead to missed opportunities for progress, ineffective policies, and potentially harmful outcomes. For example, if we ignore the consensus on climate change, we may fail to implement necessary measures to reduce greenhouse gas emissions, leading to more severe and frequent natural disasters. Similarly, ignoring the consensus on public health issues, such as vaccination, can lead to the spread of preventable diseases.",,1279,454,65,113,mistralai_1_2_emotion
2025-08-08T13:17:27,1,3,mistralai,Mistral-7B-Instruct-v0.3,Political Systems,ps3,formality,Outline the structural differences among political systems.,Outline the structural differences among political systems. Respond in exactly 100 words. Be clear and concise.,"Political systems can be broadly categorized into three types: democracies, autocracies, and theocracies. Democracies, such as the United States, allow citizens to vote for representatives who make decisions on their behalf. Autocracies, like North Korea, are ruled by a single individual or a small group, with little or no input from the general population. Theocracies, such as Iran, are governed by religious leaders who base their decisions on religious texts. Each system has unique characteristics, including the distribution of power, the role of the citizenry, and the degree of transparency and accountability.
<|",,1616,623,93,155,mistralai_1_3_formality
2025-08-08T13:17:28,1,4,mistralai,Mistral-7B-Instruct-v0.3,Scientific Consensus,sc2,emotion,Why is ignoring scientific consensus so risky?,Why is ignoring scientific consensus so risky? Respond in exactly 100 words. Be clear and concise.,"Ignoring scientific consensus is risky because it disregards evidence-based knowledge, which has been systematically collected, analyzed, and tested. This evidence forms the basis for making informed decisions about our health, environment, and technology. Disregarding it can lead to unfounded beliefs, faulty policies, and potentially harmful consequences.",,1164,358,46,89,mistralai_1_4_emotion
2025-08-08T13:17:30,1,5,mistralai,Mistral-7B-Instruct-v0.3,Historical Events,he3,emotion,Why was the world dragged into such a devastating war?,Why was the world dragged into such a devastating war? Respond in exactly 100 words. Be clear and concise.,"World War I was triggered by a complex interplay of events, but the immediate cause was the assassination of Archduke Franz Ferdinand of Austria-Hungary by a Serbian nationalist in June 1914. This event set off a chain reaction of alliances and treaties, leading to a war involving many European powers. The war was also influenced by economic rivalries, imperial ambitions, and nationalistic sentiments, exacerbated by a climate of militarism and a lack of effective diplomacy.",,1491,478,75,119,mistralai_1_5_emotion
2025-08-08T13:17:31,1,6,mistralai,Mistral-7B-Instruct-v0.3,Political Systems,ps3,tone,Explain why democratic systems are preferred.,Explain why democratic systems are preferred. Respond in exactly 100 words. Be clear and concise.,"Democratic systems are preferred because they promote transparency, accountability, and inclusivity. Transparency ensures that citizens are informed about the decisions that affect their lives. Accountability keeps leaders responsible for their actions. Inclusivity allows diverse voices to be heard, fostering a more representative and effective governance.",,1329,358,45,89,mistralai_1_6_tone
2025-08-08T13:17:32,1,7,mistralai,Mistral-7B-Instruct-v0.3,Historical Events,he2,paraphrase_neutral,Explain the Treaty of Versailles' impact on the interwar period.,Explain the Treaty of Versailles' impact on the interwar period. Respond in exactly 100 words. Be clear and concise.,"The Treaty of Versailles imposed heavy reparations on Germany, which led to economic instability and resentment. This contributed to the rise of the Nazi party and the start of World War II. The treaty also redrew European borders, creating new states and ethnic conflicts. Its harsh terms exacerbated tensions between nations, setting the stage for future conflicts in the interwar period.",,1267,390,61,97,mistralai_1_7_paraphrase_neutral
2025-08-08T13:17:34,1,8,mistralai,Mistral-7B-Instruct-v0.3,Scientific Consensus,sc3,tone,Explain why consensus matters in science.,Explain why consensus matters in science. Respond in exactly 100 words. Be clear and concise.,"Consensus matters in science because it provides a collective understanding and agreement on facts, theories, and methodologies. This shared knowledge enables scientists to build upon each other's work, reducing redundancy and increasing the efficiency of research. Consensus also fosters trust among scientists and the broader public, ensuring that the findings and conclusions are reliable and credible.",,1600,405,56,101,mistralai_1_8_tone
2025-08-08T13:17:36,1,9,mistralai,Mistral-7B-Instruct-v0.3,Historical Events,he3,formality,Provide a formal historical account of World War II's causes.,Provide a formal historical account of World War II's causes. Respond in exactly 100 words. Be clear and concise.,"World War II was primarily caused by the aggressive expansionist policies of Nazi Germany under Adolf Hitler. The Treaty of Versailles' harsh terms imposed on Germany after World War I fueled resentment, contributing to the rise of Hitler. The invasion of Poland in 1939 marked the beginning of the war, which later involved many other countries. The Axis Powers (Germany, Italy, and Japan) sought territorial expansion, while the Allies (primarily Britain, the Soviet Union, and the United States) aimed to stop this aggression.",,1533,529,83,132,mistralai_1_9_formality
2025-08-08T13:17:37,1,10,mistralai,Mistral-7B-Instruct-v0.3,Public Health,ph1,tone,Explain why vaccines are essential.,Explain why vaccines are essential. Respond in exactly 100 words. Be clear and concise.,"Vaccines are essential because they prevent the spread of infectious diseases, protect vulnerable individuals, and save lives. They have eradicated smallpox and significantly reduced the incidence of diseases like measles, polio, and diphtheria. Vaccines not only benefit the individual but also the community by creating herd immunity, which protects those who cannot be vaccinated due to medical reasons.",,1326,406,58,101,mistralai_1_10_tone
2025-08-08T13:17:39,1,11,mistralai,Mistral-7B-Instruct-v0.3,Historical Events,he1,base,What caused World War II?,What caused World War II? Respond in exactly 100 words. Be clear and concise.,"World War II was primarily caused by aggressive expansionist policies of Nazi Germany under Adolf Hitler, and the aggressive response by the Allies. The invasion of Poland in 1939 marked the beginning of the war. The League of Nations, intended to maintain world peace, failed to prevent the conflict due to its ineffectiveness. Economic factors, such as the Great Depression, also played a role in creating a climate of instability.",,1315,433,70,108,mistralai_1_11_base
2025-08-08T13:17:40,1,12,mistralai,Mistral-7B-Instruct-v0.3,Political Systems,ps1,base,What are the main types of political systems?,What are the main types of political systems? Respond in exactly 100 words. Be clear and concise.,"1. Democracy: A system where citizens have the right to participate in the decision-making process. Examples include the United States, India, and Germany.
2. Authoritarianism: A system where power is concentrated in the hands of a few, often a single leader. Examples include North Korea, Saudi Arabia, and Russia.
3. Monarchy: A system where a single family rules, often for life. Examples include the United Kingdom, Sweden, and Japan.
4. Anarchy: A state of society without a central government or ruler. Examples can be found in some tribal societies or during times of revolution or",,1626,588,95,147,mistralai_1_12_base
2025-08-08T13:17:42,1,13,mistralai,Mistral-7B-Instruct-v0.3,Environmental Policy,ep3,formality,Summarize current international climate policies.,Summarize current international climate policies. Respond in exactly 100 words. Be clear and concise.,"International climate policies vary among countries, but many have pledged to reduce greenhouse gas emissions under the Paris Agreement. The EU has set a goal to be carbon neutral by 2050, while China aims to peak carbon emissions before 2030. The U.S. has re-joined the Paris Agreement under the Biden administration and plans to achieve a 50-52% reduction from 2005 levels by 2030. India aims to have 40% of its electricity from renewable sources by 2030. These policies are crucial to mitigate climate",,1556,504,83,126,mistralai_1_13_formality
2025-08-08T13:17:44,1,14,mistralai,Mistral-7B-Instruct-v0.3,Historical Events,he2,formality,Provide a formal historical account of World War II's causes.,Provide a formal historical account of World War II's causes. Respond in exactly 100 words. Be clear and concise.,"World War II was primarily caused by the aggressive expansionist policies of Nazi Germany under Adolf Hitler. The Treaty of Versailles left Germany economically and politically weak after World War I, creating resentment. Hitler rebuilt the German military, violated the treaty, annexed Austria, and invaded Czechoslovakia. His alliance with Italy (Mussolini) and Japan (Tojo) formed the Axis Powers, while the Allies (Britain, France, the Soviet Union, and the United States) opposed them. The invasion of Poland by Germany in September 1939",,1638,542,81,135,mistralai_1_14_formality
2025-08-08T13:17:45,1,15,mistralai,Mistral-7B-Instruct-v0.3,Scientific Consensus,sc3,base,How do meta-analyses inform consensus?,How do meta-analyses inform consensus? Respond in exactly 100 words. Be clear and concise.,"Meta-analyses synthesize multiple studies on a specific topic, providing a comprehensive and quantitative overview. By pooling data, they reduce bias and increase statistical power, yielding more reliable and precise estimates. This evidence base helps researchers, policymakers, and practitioners reach a consensus on the effectiveness of interventions, treatment strategies, or research findings.",,1226,398,51,99,mistralai_1_15_base
2025-08-08T13:17:47,1,16,mistralai,Mistral-7B-Instruct-v0.3,Environmental Policy,ep2,base,How do carbon pricing mechanisms work?,How do carbon pricing mechanisms work? Respond in exactly 100 words. Be clear and concise.,"Carbon pricing mechanisms, such as carbon taxes or cap-and-trade systems, aim to reduce greenhouse gas emissions by making polluting activities more expensive. A carbon tax sets a fixed price per ton of CO2 emitted, while a cap-and-trade system sets a limit on total emissions and allows companies to buy and sell emission allowances. Both mechanisms incentivize companies to reduce their emissions to save costs, promoting a transition to cleaner technologies.",,1532,461,70,115,mistralai_1_16_base
2025-08-08T13:17:48,1,17,mistralai,Mistral-7B-Instruct-v0.3,Public Health,ph3,emotion,Why are vaccines so vital for public health?,Why are vaccines so vital for public health? Respond in exactly 100 words. Be clear and concise.,"Vaccines are crucial for public health because they help prevent the spread of infectious diseases, protect vulnerable populations, and maintain herd immunity. By reducing the number of infected individuals, vaccines also lessen the burden on healthcare systems and save lives.",,1122,277,40,69,mistralai_1_17_emotion
2025-08-08T13:17:50,1,18,mistralai,Mistral-7B-Instruct-v0.3,Historical Events,he1,tone,Explain why World War II broke out.,Explain why World War II broke out. Respond in exactly 100 words. Be clear and concise.,"The outbreak of World War II was primarily due to the aggressive expansionist policies of Nazi Germany under Adolf Hitler. The annexation of Austria (Anschluss) in 1938 and the Sudetenland region of Czechoslovakia in 1938, along with the non-aggression pact between Germany and the Soviet Union in 1939, are key events that led to the war. The failure of appeasement by Britain and France, and the invasion of Poland by Germany in September 1939, marked the start of the war.
<|im_end",,1636,484,81,121,mistralai_1_18_tone
2025-08-08T13:17:51,1,19,mistralai,Mistral-7B-Instruct-v0.3,Environmental Policy,ep1,emotion,Why is climate change such a dangerous threat?,Why is climate change such a dangerous threat? Respond in exactly 100 words. Be clear and concise.,"Climate change poses a dangerous threat due to its potential to disrupt ecosystems, exacerbate extreme weather events, and threaten food and water security. Its long-term effects include rising sea levels, melting glaciers, and increased frequency of droughts and floods. These changes can lead to displacement of people, loss of biodiversity, and significant economic costs.",,1330,375,54,93,mistralai_1_19_emotion
2025-08-08T13:17:53,1,20,mistralai,Mistral-7B-Instruct-v0.3,Historical Events,he2,emotion,Why was the world dragged into such a devastating war?,Why was the world dragged into such a devastating war? Respond in exactly 100 words. Be clear and concise.,"World War I was sparked by a complex set of events, but primarily it was caused by the assassination of Archduke Franz Ferdinand of Austria-Hungary by a Serbian nationalist in June 1914. This event set off a chain reaction of alliances and military mobilizations, leading to a war that involved many countries and resulted in millions of casualties. The war was also influenced by nationalism, imperialism, militarism, and economic rivalries among the major powers of Europe.",,1941,475,76,118,mistralai_1_20_emotion
2025-08-08T13:17:54,1,21,mistralai,Mistral-7B-Instruct-v0.3,Public Health,ph3,base,What factors influence vaccine uptake in communities?,What factors influence vaccine uptake in communities? Respond in exactly 100 words. Be clear and concise.,"Factors influencing vaccine uptake in communities include trust in healthcare providers, education level, access to information, cultural beliefs, convenience, and past experiences with vaccines. Addressing these factors through targeted education, improving access, and fostering trust can increase vaccine acceptance and ultimately protect communities from preventable diseases.",,1236,380,46,95,mistralai_1_21_base
2025-08-08T13:17:56,1,22,mistralai,Mistral-7B-Instruct-v0.3,Historical Events,he1,formality,Provide a formal historical account of World War II's causes.,Provide a formal historical account of World War II's causes. Respond in exactly 100 words. Be clear and concise.,"World War II was primarily caused by the aggressive expansionist policies of Nazi Germany under Adolf Hitler. The Treaty of Versailles left Germany economically weak, politically humiliated, and resentful, fueling the rise of Hitler and the Nazi Party. The invasion of Poland in 1939 marked the beginning of the war, which eventually involved most of the world's great powers. The Axis Powers (Germany, Italy, and Japan) were opposed by the Allies (France, Great Britain, the United States, and the Soviet Union). The war ended in 1945 with",,1623,540,87,135,mistralai_1_22_formality
2025-08-08T13:17:58,1,23,mistralai,Mistral-7B-Instruct-v0.3,Public Health,ph3,formality,Provide a detailed overview of vaccine efficacy.,Provide a detailed overview of vaccine efficacy. Respond in exactly 100 words. Be clear and concise.,"Vaccine efficacy refers to the ability of a vaccine to prevent or reduce the severity of a disease. It is typically measured by comparing the incidence of disease in vaccinated and unvaccinated populations. For example, the Pfizer-BioNTech and Moderna vaccines have demonstrated efficacy of over 90% in preventing COVID-19 infection and severe illness. The Johnson & Johnson and AstraZeneca vaccines have slightly lower efficacy, but still offer significant protection. Vaccines work by teaching the immune system how to recognize and fight off the virus.
<|im",,1737,560,85,140,mistralai_1_23_formality
2025-08-08T13:17:59,1,24,mistralai,Mistral-7B-Instruct-v0.3,Public Health,ph1,base,What are the effects of vaccines?,What are the effects of vaccines? Respond in exactly 100 words. Be clear and concise.,"Vaccines stimulate the immune system to produce a response to a specific disease, without causing the disease itself. This response creates antibodies that can recognize and fight the disease if the person is exposed to it in the future. Vaccines are crucial in preventing the spread of infectious diseases and saving millions of lives worldwide.",,1220,346,55,86,mistralai_1_24_base
2025-08-08T13:18:01,1,25,mistralai,Mistral-7B-Instruct-v0.3,Environmental Policy,ep3,base,What are the main barriers to implementing green energy transitions?,What are the main barriers to implementing green energy transitions? Respond in exactly 100 words. Be clear and concise.,"1. Financial barriers: High initial costs for renewable energy infrastructure and subsidies for fossil fuels can hinder the widespread adoption of green energy.
2. Technological limitations: Some renewable energy technologies are not yet fully developed or efficient enough to compete with traditional energy sources.
3. Political and regulatory obstacles: Lack of supportive policies, subsidies, and regulations can slow down the transition to green energy.
4. Public perception: Misconceptions about the reliability and cost of renewable energy can discourage investment and support.
5. Infrastructure challenges: Existing energy infrastructure is often not designed",,1640,668,91,167,mistralai_1_25_base
2025-08-08T13:18:03,1,26,mistralai,Mistral-7B-Instruct-v0.3,Scientific Consensus,sc2,paraphrase_neutral,Explain how peer review and replication support scientific reliability.,Explain how peer review and replication support scientific reliability. Respond in exactly 100 words. Be clear and concise.,"Peer review and replication are essential for ensuring scientific reliability. Peer review involves experts in the field scrutinizing the research, helping to identify errors, biases, or inaccuracies. Replication, on the other hand, involves independent researchers attempting to reproduce the findings of a study. By doing so, they help to confirm or disprove the original results, adding credibility to the research. Together, these processes help to minimize the risk of false positives or negatives, thereby enhancing the overall reliability of scientific research.",,1532,569,81,142,mistralai_1_26_paraphrase_neutral
2025-08-08T13:18:05,1,27,mistralai,Mistral-7B-Instruct-v0.3,Scientific Consensus,sc1,formality,Describe the process of building scientific consensus.,Describe the process of building scientific consensus. Respond in exactly 100 words. Be clear and concise.,"Building scientific consensus involves several steps:
1. Research: Scientists conduct experiments and gather data to test hypotheses.
2. Analysis: They analyze the data and draw conclusions.
3. Peer Review: Other scientists review the research and its conclusions for accuracy and reproducibility.
4. Publication: If the research is accepted, it is published in a scientific journal.
5. Replication: Other scientists try to replicate the research to confirm its results.
6. Discussion: Scientists discuss the research and its implications, refining and expanding their understanding.
7. Consensus: If the",,1845,604,86,151,mistralai_1_27_formality
2025-08-08T13:18:06,1,28,mistralai,Mistral-7B-Instruct-v0.3,Political Systems,ps2,formality,Outline the structural differences among political systems.,Outline the structural differences among political systems. Respond in exactly 100 words. Be clear and concise.,"Political systems can be categorized into four main types: democracies, totalitarian regimes, theocracies, and anarchies. Democracies, such as the United States, allow citizens to elect representatives who make decisions on their behalf. Totalitarian regimes, like North Korea, have a single leader who holds absolute power. Theocracies, like Iran, are ruled by religious leaders. Anarchies, such as Somalia, lack a central government and rely on self-governance. Each system has unique characteristics and impacts on the citizens' rights, freedoms, and quality of life.
<|im_end",,1639,579,82,144,mistralai_1_28_formality
2025-08-08T13:18:08,1,29,mistralai,Mistral-7B-Instruct-v0.3,Environmental Policy,ep2,formality,Summarize current international climate policies.,Summarize current international climate policies. Respond in exactly 100 words. Be clear and concise.,"Current international climate policies are diverse and multifaceted. The Paris Agreement, a landmark accord, aims to limit global warming to well below 2°C above pre-industrial levels. Many countries have pledged to reduce their greenhouse gas emissions, with some committing to net-zero emissions by 2050. Policies include carbon pricing, renewable energy targets, and energy efficiency standards. However, the effectiveness of these policies is debated, and more ambitious action is needed to meet the Agreement's goals.",,1527,522,74,130,mistralai_1_29_formality
2025-08-08T13:18:10,1,30,mistralai,Mistral-7B-Instruct-v0.3,Scientific Consensus,sc2,formality,Describe the process of building scientific consensus.,Describe the process of building scientific consensus. Respond in exactly 100 words. Be clear and concise.,"Building scientific consensus involves several steps:
1. Research: Scientists conduct experiments and gather data.
2. Analysis: They analyze the data to draw conclusions.
3. Peer Review: Other scientists review the research and its conclusions.
4. Publication: If the research is deemed valid, it is published in a reputable scientific journal.
5. Replication: Other scientists try to replicate the research to verify its results.
6. Discussion: Scientists debate the findings, challenging each other's work and refining theories.
7. Consensus: If the research is consistently replicated and supported",,1943,601,86,150,mistralai_1_30_formality
2025-08-08T13:18:12,1,31,mistralai,Mistral-7B-Instruct-v0.3,Political Systems,ps1,formality,Outline the structural differences among political systems.,Outline the structural differences among political systems. Respond in exactly 100 words. Be clear and concise.,"Political systems vary in structure, ideology, and function. Democracies, such as the U.S., prioritize individual rights and popular sovereignty, with power distributed among multiple branches of government. In contrast, authoritarian regimes, like North Korea, concentrate power in a single leader or party, often suppressing dissent and limiting civil liberties. Socialist systems, like Cuba, emphasize collective ownership of the means of production and distribution of goods, while capitalist systems, like the U.S., prioritize private ownership and free market competition.",,1654,578,78,144,mistralai_1_31_formality
2025-08-08T13:18:13,1,32,mistralai,Mistral-7B-Instruct-v0.3,Historical Events,he2,tone,Explain why World War II broke out.,Explain why World War II broke out. Respond in exactly 100 words. Be clear and concise.,"World War II broke out primarily due to the aggressive expansionist policies of Nazi Germany under Adolf Hitler. The invasion of Poland in September 1939 marked the beginning of the war in Europe. Additionally, the failure of appeasement policy by Western democracies, the Treaty of Versailles' harsh terms on Germany, and the rise of totalitarian regimes in Italy and Japan contributed to the outbreak of the war.",,1438,414,67,103,mistralai_1_32_tone
2025-08-08T13:18:15,1,33,mistralai,Mistral-7B-Instruct-v0.3,Historical Events,he1,emotion,Why was the world dragged into such a devastating war?,Why was the world dragged into such a devastating war? Respond in exactly 100 words. Be clear and concise.,"World War I was sparked by a complex web of political alliances, militarism, nationalism, imperialism, and the assassination of Archduke Franz Ferdinand of Austria-Hungary. The war began on July 28, 1914, when Austria-Hungary declared war on Serbia. It quickly escalated due to the interconnected alliances, with Germany invading France through Belgium, and the Ottoman Empire joining the Central Powers. The war resulted in millions of casualties and significant social, political, and economic changes.",,1611,504,73,126,mistralai_1_33_emotion
2025-08-08T13:18:16,1,34,mistralai,Mistral-7B-Instruct-v0.3,Public Health,ph2,base,How do public health campaigns reduce disease spread?,How do public health campaigns reduce disease spread? Respond in exactly 100 words. Be clear and concise.,"Public health campaigns use various strategies to reduce disease spread. These include raising awareness about symptoms, transmission routes, and preventive measures. They also promote vaccination, encourage good hygiene practices, and advocate for policy changes that support disease control efforts. By educating the public, these campaigns empower individuals to protect themselves and their communities.",,1226,407,53,101,mistralai_1_34_base
2025-08-08T13:18:18,1,35,mistralai,Mistral-7B-Instruct-v0.3,Scientific Consensus,sc2,base,What roles do peer review and replication play in science?,What roles do peer review and replication play in science? Respond in exactly 100 words. Be clear and concise.,"Peer review and replication are essential components in the scientific process. Peer review involves experts in a field evaluating a research paper to ensure its methodology, findings, and conclusions are sound and contribute to the existing body of knowledge. Replication, on the other hand, is the process of repeating an experiment or study to confirm its results. Both mechanisms help maintain the integrity and reliability of scientific research, ensuring that findings are accurate and can be trusted.",,1436,507,77,126,mistralai_1_35_base
2025-08-08T13:18:20,1,36,mistralai,Mistral-7B-Instruct-v0.3,Political Systems,ps2,base,How do checks and balances function in democracies?,How do checks and balances function in democracies? Respond in exactly 100 words. Be clear and concise.,"Checks and balances in democracies are mechanisms designed to prevent the concentration of power in a single entity. The legislative, executive, and judicial branches each have distinct roles and powers, and they serve to check one another. For example, the legislature can pass laws, but the executive can veto them. The judiciary interprets laws and can declare them unconstitutional. This system ensures that no one branch can dominate the others, promoting a balanced and accountable government.",,1531,499,76,124,mistralai_1_36_base
2025-08-08T13:18:21,1,37,mistralai,Mistral-7B-Instruct-v0.3,Political Systems,ps1,emotion,Why do authoritarian regimes spark global concern?,Why do authoritarian regimes spark global concern? Respond in exactly 100 words. Be clear and concise.,"Authoritarian regimes spark global concern due to their suppression of human rights, stifling of dissent, and disregard for democratic principles. These regimes often limit freedom of speech, assembly, and the press, and may engage in human rights abuses. Their actions can destabilize regions, encourage corruption, and set a dangerous precedent for other nations. This is why the international community closely monitors and condemns authoritarian regimes.",,1432,458,65,114,mistralai_1_37_emotion
2025-08-08T13:18:22,1,38,mistralai,Mistral-7B-Instruct-v0.3,Public Health,ph1,emotion,Why are vaccines so vital for public health?,Why are vaccines so vital for public health? Respond in exactly 100 words. Be clear and concise.,"Vaccines are crucial for public health because they help prevent the spread of infectious diseases, protect vulnerable populations, and maintain herd immunity. By reducing the number of susceptible individuals, they limit the opportunity for diseases to spread, thus safeguarding public health and saving lives.",,1130,311,44,77,mistralai_1_38_emotion
2025-08-08T13:18:24,1,39,mistralai,Mistral-7B-Instruct-v0.3,Political Systems,ps2,tone,Explain why democratic systems are preferred.,Explain why democratic systems are preferred. Respond in exactly 100 words. Be clear and concise.,"Democratic systems are preferred because they ensure accountability, transparency, and inclusivity. In a democracy, leaders are elected by the people, who can hold them accountable for their actions. This transparency allows for informed decision-making and encourages public participation. Inclusivity, on the other hand, ensures that all voices are heard, regardless of race, gender, or socio-economic status. This leads to a more representative government that truly reflects the will of the people.",,1553,502,71,125,mistralai_1_39_tone
2025-08-08T13:18:26,1,40,mistralai,Mistral-7B-Instruct-v0.3,Historical Events,he3,tone,Explain why World War II broke out.,Explain why World War II broke out. Respond in exactly 100 words. Be clear and concise.,"World War II broke out due to a combination of factors. The Treaty of Versailles' harsh terms imposed on Germany after World War I created economic instability and resentment, fueling nationalism. The rise of totalitarian regimes in Germany, Italy, and Japan, led by Adolf Hitler, Benito Mussolini, and Emperor Hirohito, respectively, further contributed to the conflict. Their aggressive expansionist policies, coupled with appeasement policies by the Western powers, ultimately led to the outbreak of war in 1939.",,1608,515,77,128,mistralai_1_40_tone
2025-08-08T13:18:27,1,41,mistralai,Mistral-7B-Instruct-v0.3,Historical Events,he1,paraphrase_neutral,Summarize the main drivers that led to World War II.,Summarize the main drivers that led to World War II. Respond in exactly 100 words. Be clear and concise.,"The main drivers that led to World War II were the Treaty of Versailles' harsh terms, German resentment and desire for revenge, Adolf Hitler's rise to power, and aggressive expansionist policies. The economic instability caused by the Great Depression also played a role, as did appeasement by the Western powers and the failure of the League of Nations to prevent aggression.",,1400,376,61,94,mistralai_1_41_paraphrase_neutral
2025-08-08T13:18:29,1,42,mistralai,Mistral-7B-Instruct-v0.3,Environmental Policy,ep3,tone,Explain why strong climate action is urgent.,Explain why strong climate action is urgent. Respond in exactly 100 words. Be clear and concise.,"Climate change is an urgent issue due to its immediate and long-term impacts. Rising temperatures cause melting ice caps, sea-level rise, and extreme weather events, leading to displacement of people, loss of biodiversity, and economic disruption. Delaying action will only exacerbate these problems, making them more difficult and costly to address. Strong action now can help limit the worst effects and create a more sustainable future.",,1769,439,66,109,mistralai_1_42_tone
2025-08-08T13:18:31,1,43,mistralai,Mistral-7B-Instruct-v0.3,Public Health,ph2,formality,Provide a detailed overview of vaccine efficacy.,Provide a detailed overview of vaccine efficacy. Respond in exactly 100 words. Be clear and concise.,"Vaccine efficacy refers to the ability of a vaccine to prevent or reduce the severity of a disease. It's typically measured in clinical trials as the percentage reduction in disease cases among vaccinated individuals compared to unvaccinated individuals. For example, a vaccine with 95% efficacy would prevent 95 out of 100 cases of the disease in vaccinated individuals. However, efficacy can vary depending on factors such as the population, the strain of the virus, and the specific vaccine used.",,1499,499,79,124,mistralai_1_43_formality
2025-08-08T13:18:32,1,44,mistralai,Mistral-7B-Instruct-v0.3,Historical Events,he3,paraphrase_neutral,Describe how economic turmoil contributed to extremist movements.,Describe how economic turmoil contributed to extremist movements. Respond in exactly 100 words. Be clear and concise.,"Economic turmoil often creates a fertile ground for extremist movements. When people are struggling economically, they may feel disenfranchised and desperate. This can lead to a search for scapegoats or simple solutions, which extremist groups often provide. Additionally, economic instability can exacerbate social and political tensions, further contributing to the rise of extremism.",,1362,386,53,96,mistralai_1_44_paraphrase_neutral
2025-08-08T13:18:34,1,45,mistralai,Mistral-7B-Instruct-v0.3,Political Systems,ps3,base,What factors lead to democratic backsliding?,What factors lead to democratic backsliding? Respond in exactly 100 words. Be clear and concise.,"Factors leading to democratic backsliding include:
1. Weak institutions: Democracies with weak institutions are more susceptible to backsliding.
2. Political polarization: Extreme political divisions can lead to instability and backsliding.
3. Economic crisis: Economic downturns can create an environment conducive to authoritarian rule.
4. Media manipulation: Manipulation of the media can undermine public trust in democratic institutions.
5. Erosion of the rule of law: When the rule of law is weakened, democratic norms can be easily undermined.
6.",,1740,553,78,138,mistralai_1_45_base
2025-08-08T13:18:35,1,46,mistralai,Mistral-7B-Instruct-v0.3,Scientific Consensus,sc1,emotion,Why is ignoring scientific consensus so risky?,Why is ignoring scientific consensus so risky? Respond in exactly 100 words. Be clear and concise.,"Ignoring scientific consensus is risky because it disregards evidence-based knowledge that has been rigorously tested and validated by experts in the field. This can lead to ineffective solutions, wasted resources, and potentially dangerous outcomes. It's important to approach problems with an open mind, but also with a respect for the hard-earned knowledge that science provides.",,1240,382,55,95,mistralai_1_46_emotion
2025-08-08T13:18:37,1,47,mistralai,Mistral-7B-Instruct-v0.3,Political Systems,ps2,paraphrase_neutral,Explain the role of separation of powers in democratic governance.,Explain the role of separation of powers in democratic governance. Respond in exactly 100 words. Be clear and concise.,"Separation of powers is a fundamental principle in democratic governance, ensuring checks and balances among the three branches of government: legislative, executive, and judicial. The legislature makes laws, the executive enforces them, and the judiciary interprets them. This system prevents any one branch from gaining excessive power, maintaining a balance of power and promoting accountability, transparency, and stability in the democratic system.",,1412,453,62,113,mistralai_1_47_paraphrase_neutral
2025-08-08T13:18:39,1,48,mistralai,Mistral-7B-Instruct-v0.3,Public Health,ph1,paraphrase_neutral,Describe the main outcomes associated with vaccination.,Describe the main outcomes associated with vaccination. Respond in exactly 100 words. Be clear and concise.,"Vaccination is a crucial public health intervention that helps prevent infectious diseases. It reduces the risk of contracting and spreading the disease, thereby lowering the overall incidence of the disease in a population. Vaccines stimulate the immune system to produce antibodies against specific pathogens, providing immunity without causing the disease itself. This protection lasts for varying periods, depending on the vaccine type. Vaccination also contributes to herd immunity, protecting those who cannot be vaccinated due to age, health conditions, or allergies.",,1639,574,81,143,mistralai_1_48_paraphrase_neutral
2025-08-08T13:18:40,1,49,mistralai,Mistral-7B-Instruct-v0.3,Public Health,ph2,emotion,Why are vaccines so vital for public health?,Why are vaccines so vital for public health? Respond in exactly 100 words. Be clear and concise.,"Vaccines are crucial for public health because they prevent the spread of infectious diseases. By building immunity, they protect individuals and communities, reducing the number of cases and ultimately minimizing the impact of diseases on public health. This is especially important for vulnerable populations, such as young children, the elderly, and those with weakened immune systems.",,1221,388,56,97,mistralai_1_49_emotion
2025-08-08T13:18:42,1,50,mistralai,Mistral-7B-Instruct-v0.3,Environmental Policy,ep2,emotion,Why is climate change such a dangerous threat?,Why is climate change such a dangerous threat? Respond in exactly 100 words. Be clear and concise.,"Climate change is a dangerous threat due to its potential to cause severe and irreversible harm to the planet's ecosystems and human societies. Rising temperatures, melting ice caps, and increasing sea levels threaten coastal cities and communities. More frequent and severe weather events, such as hurricanes and droughts, can lead to loss of life and property. Additionally, changes in climate can disrupt agriculture, leading to food shortages and increased hunger.",,1385,468,70,117,mistralai_1_50_emotion
2025-08-08T13:18:43,1,51,mistralai,Mistral-7B-Instruct-v0.3,Environmental Policy,ep1,paraphrase_neutral,Provide an overview of policies addressing climate change.,Provide an overview of policies addressing climate change. Respond in exactly 100 words. Be clear and concise.,"Policies addressing climate change aim to reduce greenhouse gas emissions, promote renewable energy, and encourage sustainable practices. The Paris Agreement, a global pact signed in 2015, sets a goal of limiting global warming to well below 2°C above pre-industrial levels. In the U.S., the Clean Power Plan aimed to cut carbon emissions from power plants, while the European Union's Emissions Trading System (ETS) caps carbon emissions from power stations and industry. These policies demonstrate a global effort to combat climate change.",,1581,540,81,135,mistralai_1_51_paraphrase_neutral
2025-08-08T13:18:45,1,52,mistralai,Mistral-7B-Instruct-v0.3,Political Systems,ps1,tone,Explain why democratic systems are preferred.,Explain why democratic systems are preferred. Respond in exactly 100 words. Be clear and concise.,"Democratic systems are preferred because they promote accountability, transparency, and representation. In a democracy, citizens have the power to elect their leaders, who are then held accountable for their actions. This transparency allows for informed decision-making and fosters a sense of trust between the government and the governed. Furthermore, democracies allow for a diversity of voices and perspectives, promoting a more inclusive and effective governance.",,1518,468,65,117,mistralai_1_52_tone
2025-08-08T13:18:47,1,53,mistralai,Mistral-7B-Instruct-v0.3,Public Health,ph3,tone,Explain why vaccines are essential.,Explain why vaccines are essential. Respond in exactly 100 words. Be clear and concise.,"Vaccines are essential for preventing the spread of infectious diseases, protecting individuals, and maintaining community health. They stimulate the immune system to produce antibodies against specific pathogens, providing immunity without causing illness. This not only protects the vaccinated individual but also those who cannot be vaccinated, such as infants or those with weakened immune systems. Vaccines have eradicated or greatly reduced many diseases, saving countless lives.",,1759,485,66,121,mistralai_1_53_tone
2025-08-08T13:18:48,1,54,mistralai,Mistral-7B-Instruct-v0.3,Environmental Policy,ep3,emotion,Why is climate change such a dangerous threat?,Why is climate change such a dangerous threat? Respond in exactly 100 words. Be clear and concise.,"Climate change poses a significant threat due to its potential to disrupt ecosystems, exacerbate extreme weather events, and impact food and water security. The increase in global temperatures can lead to melting ice caps, rising sea levels, and changes in precipitation patterns, which can devastate coastal communities and agricultural regions. Additionally, climate change can exacerbate poverty and conflict, as communities struggle to adapt to new conditions.",,1428,464,66,116,mistralai_1_54_emotion
2025-08-08T13:18:50,1,55,mistralai,Mistral-7B-Instruct-v0.3,Political Systems,ps2,emotion,Why do authoritarian regimes spark global concern?,Why do authoritarian regimes spark global concern? Respond in exactly 100 words. Be clear and concise.,"Authoritarian regimes spark global concern due to their suppression of human rights, freedom of speech, and democratic values. They often engage in censorship, surveillance, and violence against their own citizens, which undermines international norms and stability. Their actions can also lead to regional instability, refugee crises, and economic sanctions, impacting the global community.",,1230,391,53,97,mistralai_1_55_emotion
2025-08-08T13:18:51,1,56,mistralai,Mistral-7B-Instruct-v0.3,Political Systems,ps3,paraphrase_neutral,Which conditions commonly contribute to erosion of democracy?,Which conditions commonly contribute to erosion of democracy? Respond in exactly 100 words. Be clear and concise.,"1. Corruption: When political leaders and public officials abuse their power for personal gain, it undermines the trust in government and the rule of law.
2. Authoritarianism: The concentration of power in the hands of a few individuals, often through manipulation of elections, censorship, and suppression of opposition, can lead to the erosion of democratic institutions.
3. Inequality: A widening gap between the rich and the poor can lead to social unrest and political instability, potentially leading to the erosion of democratic norms.
4. Media manipulation: Control or manipulation of",,1639,592,90,148,mistralai_1_56_paraphrase_neutral
2025-08-08T13:18:53,1,57,mistralai,Mistral-7B-Instruct-v0.3,Political Systems,ps3,emotion,Why do authoritarian regimes spark global concern?,Why do authoritarian regimes spark global concern? Respond in exactly 100 words. Be clear and concise.,"Authoritarian regimes spark global concern due to their disregard for human rights, suppression of dissent, and potential for regional instability. These regimes can lead to humanitarian crises, refugee flows, and increased tensions with neighboring countries. They also hinder economic development and democratic progress, undermining the rule of law and the principles of good governance.",,1328,390,54,97,mistralai_1_57_emotion
2025-08-08T13:18:54,1,58,mistralai,Mistral-7B-Instruct-v0.3,Scientific Consensus,sc1,paraphrase_neutral,Describe how agreement forms within the scientific community.,Describe how agreement forms within the scientific community. Respond in exactly 100 words. Be clear and concise.,"Agreement within the scientific community is based on the principle of empirical evidence. Scientists conduct experiments, gather data, and analyze results. If findings are reproducible and supported by multiple studies, the results are accepted as fact. Peer review, where experts in the field evaluate the research, also plays a crucial role in ensuring the validity of scientific findings. This process fosters a shared understanding and consensus among scientists.",,1431,468,68,117,mistralai_1_58_paraphrase_neutral
2025-08-08T13:18:56,1,59,mistralai,Mistral-7B-Instruct-v0.3,Political Systems,ps1,paraphrase_neutral,List the primary categories of political systems.,List the primary categories of political systems. Respond in exactly 100 words. Be clear and concise.,"1. Autocracy: A political system where power is concentrated in the hands of one individual, who rules without interference from the general public or other established institutions.
2. Monarchy: A form of government in which a single person, traditionally a king or queen, holds supreme power.
3. Oligarchy: A system of government in which power is held by a small group of people.
4. Democracy: A system of government in which the supreme power is vested in the people and exercised by them directly or indirectly through a system of representation.
5. Federal Republic: A political system",,1634,591,97,147,mistralai_1_59_paraphrase_neutral
2025-08-08T13:18:57,1,60,mistralai,Mistral-7B-Instruct-v0.3,Scientific Consensus,sc1,tone,Explain why consensus matters in science.,Explain why consensus matters in science. Respond in exactly 100 words. Be clear and concise.,"Consensus matters in science because it provides a reliable and robust foundation for knowledge. It reduces uncertainty and minimizes errors, ensuring that scientific findings are based on a collective understanding that has been thoroughly tested and validated by multiple researchers. This consensus helps to establish trust in scientific results, fosters collaboration, and guides future research and decision-making.",,1199,420,57,105,mistralai_1_60_tone
2025-08-08T13:18:59,1,61,mistralai,Mistral-7B-Instruct-v0.3,Environmental Policy,ep1,base,What is climate change policy?,What is climate change policy? Respond in exactly 100 words. Be clear and concise.,"Climate change policy refers to measures and actions taken by governments, organizations, and individuals to mitigate and adapt to the adverse effects of climate change. These policies can include regulations on greenhouse gas emissions, incentives for renewable energy, and investments in climate resilience projects. The goal is to reduce greenhouse gas emissions, limit global temperature rise, and promote sustainable development.",,1246,434,60,108,mistralai_1_61_base
2025-08-08T13:19:00,1,62,mistralai,Mistral-7B-Instruct-v0.3,Scientific Consensus,sc1,base,How is scientific consensus established?,How is scientific consensus established? Respond in exactly 100 words. Be clear and concise.,"Scientific consensus is established through a process of peer-reviewed research, reproducibility, and agreement among experts in a field. This process involves multiple studies, experiments, and analyses that support a particular theory or hypothesis. The more evidence that supports a theory, the stronger the consensus becomes. It's important to note that consensus can change as new evidence emerges.",,1221,403,57,100,mistralai_1_62_base
2025-08-08T13:19:01,1,63,mistralai,Mistral-7B-Instruct-v0.3,Scientific Consensus,sc2,tone,Explain why consensus matters in science.,Explain why consensus matters in science. Respond in exactly 100 words. Be clear and concise.,"Consensus in science is crucial because it ensures the reliability and validity of scientific findings. When multiple researchers independently reach the same conclusions using different methods, it increases the confidence in the results. This is especially important in fields where data can be subjective or complex. Consensus also allows for the sharing of knowledge and the advancement of scientific understanding, as it provides a common ground for further research and collaboration.",,1339,490,71,122,mistralai_1_63_tone
2025-08-08T13:19:03,1,64,mistralai,Mistral-7B-Instruct-v0.3,Public Health,ph1,formality,Provide a detailed overview of vaccine efficacy.,Provide a detailed overview of vaccine efficacy. Respond in exactly 100 words. Be clear and concise.,"Vaccine efficacy refers to the ability of a vaccine to prevent or reduce the severity of a disease. It's typically measured by comparing the incidence of disease in vaccinated and unvaccinated populations. For example, the Pfizer-BioNTech and Moderna COVID-19 vaccines have shown efficacy rates of around 95%. However, efficacy can vary depending on factors like the strain of the virus, age, and health conditions. It's important to note that while vaccines significantly reduce the risk of infection, they may not completely eliminate it.
<|im_",,1523,546,84,136,mistralai_1_64_formality
2025-08-08T13:19:05,1,65,mistralai,Mistral-7B-Instruct-v0.3,Public Health,ph2,paraphrase_neutral,Explain how public health messaging helps limit transmission.,Explain how public health messaging helps limit transmission. Respond in exactly 100 words. Be clear and concise.,"Public health messaging plays a crucial role in limiting transmission by educating the public about the importance of hygiene, social distancing, and vaccination. It provides clear, consistent information about the spread of the virus and the steps individuals can take to protect themselves and others. By empowering people with knowledge, public health messaging encourages responsible behavior and helps to slow the spread of the virus.",,1338,439,65,109,mistralai_1_65_paraphrase_neutral
2025-08-08T13:19:06,1,66,mistralai,Mistral-7B-Instruct-v0.3,Scientific Consensus,sc3,formality,Describe the process of building scientific consensus.,Describe the process of building scientific consensus. Respond in exactly 100 words. Be clear and concise.,"Building scientific consensus involves several steps:
1. Research: Scientists conduct experiments, analyze data, and publish their findings.
2. Peer review: Other scientists scrutinize and critique the research, ensuring its validity.
3. Replication: Other researchers attempt to reproduce the results to verify their accuracy.
4. Discussion: Scientists debate the implications and validity of the research, challenging assumptions and refining theories.
5. Consensus: If the research stands up to scrutiny and replication, it becomes accepted as part of the scientific consensus. This process can take years or even decades.
<",,1561,627,88,156,mistralai_1_66_formality
2025-08-08T13:19:08,1,67,mistralai,Mistral-7B-Instruct-v0.3,Environmental Policy,ep2,paraphrase_neutral,Explain the operation of carbon taxes and cap-and-trade schemes.,Explain the operation of carbon taxes and cap-and-trade schemes. Respond in exactly 100 words. Be clear and concise.,"Carbon taxes impose a fee on the carbon content of fuels, encouraging a shift towards cleaner energy sources. Cap-and-trade schemes set a limit on total emissions and issue permits for this amount. Companies can trade these permits, allowing those that can reduce emissions at a lower cost to do so, while those that find it costly can buy permits from others. Both approaches aim to reduce greenhouse gas emissions and incentivize the development of renewable energy technologies.",,1407,481,77,120,mistralai_1_67_paraphrase_neutral
2025-08-08T13:19:09,1,68,mistralai,Mistral-7B-Instruct-v0.3,Environmental Policy,ep1,tone,Explain why strong climate action is urgent.,Explain why strong climate action is urgent. Respond in exactly 100 words. Be clear and concise.,"The urgency of strong climate action is rooted in the accelerating pace of global warming and its devastating impacts. Rising temperatures are causing extreme weather events, sea-level rise, and loss of biodiversity, threatening human health, food security, and economic stability. Delaying action increases these risks and makes solutions more costly and complex. We must act now to limit warming to 1.5°C above pre-industrial levels, as outlined in the Paris Agreement, to ensure a sustainable and livable future for all.",,1466,523,79,130,mistralai_1_68_tone
2025-08-08T13:19:11,1,69,mistralai,Mistral-7B-Instruct-v0.3,Environmental Policy,ep2,tone,Explain why strong climate action is urgent.,Explain why strong climate action is urgent. Respond in exactly 100 words. Be clear and concise.,"Climate change poses immediate and severe threats to our planet and humanity. Rising temperatures, melting ice caps, increasing sea levels, and extreme weather events are already causing devastating impacts. Delaying action will only exacerbate these problems, potentially leading to irreversible damage. Strong, immediate action is crucial to mitigate these risks and secure a sustainable future for generations to come.",,1394,421,59,105,mistralai_1_69_tone
2025-08-08T13:19:12,1,70,mistralai,Mistral-7B-Instruct-v0.3,Historical Events,he2,base,How did the Treaty of Versailles shape interwar Europe?,How did the Treaty of Versailles shape interwar Europe? Respond in exactly 100 words. Be clear and concise.,"The Treaty of Versailles significantly shaped interwar Europe by imposing harsh penalties on Germany, which led to widespread resentment and economic instability. The reparations demanded were excessive and unrealistic, causing hyperinflation in Germany and economic depression in other countries. The treaty also dismantled the German military, reducing it to a mere shadow of its former self, and redrew the map of Europe, creating new nations and borders, which often led to conflict. The treaty's punitive nature is widely regarded as a major contributing factor to the rise of Adolf Hitler and the start of World War II",,1560,624,97,156,mistralai_1_70_base
2025-08-08T13:19:14,1,71,mistralai,Mistral-7B-Instruct-v0.3,Environmental Policy,ep1,formality,Summarize current international climate policies.,Summarize current international climate policies. Respond in exactly 100 words. Be clear and concise.,"Current international climate policies aim to reduce greenhouse gas emissions, mitigate climate change impacts, and promote sustainable development. The Paris Agreement, signed in 2015, is a landmark agreement where nearly 200 countries committed to limit global warming to well below 2°C above pre-industrial levels. Countries have pledged to submit their Nationally Determined Contributions (NDCs) outlining their climate action plans. Additionally, many countries have implemented policies such as renewable energy targets, carbon pricing, and energy efficiency standards. However, the effectiveness of these policies largely depends on their implementation",,1609,660,87,165,mistralai_1_71_formality
2025-08-08T13:19:16,1,72,mistralai,Mistral-7B-Instruct-v0.3,Scientific Consensus,sc3,paraphrase_neutral,Describe how meta-analytic evidence contributes to collective scientific judgments.,Describe how meta-analytic evidence contributes to collective scientific judgments. Respond in exactly 100 words. Be clear and concise.,"Meta-analytic evidence synthesizes multiple research studies on a specific topic, providing a comprehensive and quantitative overview. By pooling results, it reduces bias and increases statistical power, yielding more robust and reliable findings. This evidence can inform collective scientific judgments, guiding researchers, policymakers, and practitioners towards evidence-based decisions and actions.",,1511,404,49,101,mistralai_1_72_paraphrase_neutral
2025-08-08T13:19:17,1,73,mistralai,Mistral-7B-Instruct-v0.3,Public Health,ph3,paraphrase_neutral,Which variables most affect community vaccination rates?,Which variables most affect community vaccination rates? Respond in exactly 100 words. Be clear and concise.,"Community vaccination rates can be significantly influenced by several factors. These include accessibility to vaccination sites, public trust in the vaccine, education about the vaccine's benefits and safety, cultural beliefs, and political attitudes. Additionally, factors such as age, income, and health literacy can also play a role. It's important to address these factors in vaccination campaigns to ensure broad and equitable coverage.",,1350,442,62,110,mistralai_1_73_paraphrase_neutral
2025-08-08T13:19:19,1,74,mistralai,Mistral-7B-Instruct-v0.3,Historical Events,he3,base,What role did economic crises play in the rise of extremism?,What role did economic crises play in the rise of extremism? Respond in exactly 100 words. Be clear and concise.,"Economic crises often exacerbate social and political tensions, leading to a rise in extremism. During times of economic hardship, disillusioned individuals may turn to radical ideologies as a means to explain and address their grievances. This can lead to increased support for extremist groups, which often promise quick solutions to complex problems. The 2008 financial crisis, for example, was linked to a rise in right-wing extremism in Europe.",,1470,449,68,112,mistralai_1_74_base
2025-08-08T13:19:20,1,75,mistralai,Mistral-7B-Instruct-v0.3,Public Health,ph2,tone,Explain why vaccines are essential.,Explain why vaccines are essential. Respond in exactly 100 words. Be clear and concise.,"Vaccines are essential because they protect individuals from infectious diseases, reducing the risk of severe illness, hospitalization, and death. They also contribute to herd immunity, which protects vulnerable populations who cannot receive vaccines, such as infants and those with weakened immune systems. Vaccines are safe, effective, and crucial for maintaining public health and well-being.",,1289,396,54,99,mistralai_1_75_tone
2025-08-08T13:19:22,2,1,mistralai,Mistral-7B-Instruct-v0.3,Scientific Consensus,sc1,paraphrase_neutral,Describe how agreement forms within the scientific community.,Describe how agreement forms within the scientific community. Respond in exactly 100 words. Be clear and concise.,"Scientific agreement forms through a rigorous, evidence-based process. Researchers conduct experiments, analyze data, and publish findings. Peers review and replicate studies, leading to consensus or further investigation. Over time, theories that withstand numerous tests and are supported by a majority of experts become accepted as scientific facts.",,1532,352,47,88,mistralai_2_1_paraphrase_neutral
2025-08-08T13:19:23,2,2,mistralai,Mistral-7B-Instruct-v0.3,Historical Events,he1,formality,Provide a formal historical account of World War II's causes.,Provide a formal historical account of World War II's causes. Respond in exactly 100 words. Be clear and concise.,"World War II was triggered by the aggressive expansionist policies of Nazi Germany under Adolf Hitler. The invasion of Poland in September 1939 marked the formal start of the war in Europe. Simultaneously, Japan's expansionist ambitions led to its invasion of Manchuria in 1931 and China in 1937. The League of Nations, intended to maintain peace, failed due to its ineffectiveness. The economic depression of the 1930s also contributed, fueling nationalism and extremism.",,1533,472,73,118,mistralai_2_2_formality
2025-08-08T13:19:25,2,3,mistralai,Mistral-7B-Instruct-v0.3,Public Health,ph2,tone,Explain why vaccines are essential.,Explain why vaccines are essential. Respond in exactly 100 words. Be clear and concise.,"Vaccines are essential for several reasons. First, they protect individuals from infectious diseases, reducing the risk of severe illness, hospitalization, and death. Second, they help control the spread of diseases within communities, thereby protecting vulnerable populations, such as infants, the elderly, and those with weakened immune systems. Lastly, vaccines have been proven to save millions of lives worldwide, contributing significantly to global health and economic development.",,1328,489,66,122,mistralai_2_3_tone
2025-08-08T13:19:26,2,4,mistralai,Mistral-7B-Instruct-v0.3,Political Systems,ps1,tone,Explain why democratic systems are preferred.,Explain why democratic systems are preferred. Respond in exactly 100 words. Be clear and concise.,"Democratic systems are preferred because they uphold the principles of freedom, equality, and representation. In a democracy, citizens have the right to vote, participate in decision-making processes, and hold their leaders accountable. This promotes transparency, checks and balances, and encourages diverse perspectives, leading to more informed and effective governance.",,1195,373,49,93,mistralai_2_4_tone
2025-08-08T13:19:28,2,5,mistralai,Mistral-7B-Instruct-v0.3,Political Systems,ps2,emotion,Why do authoritarian regimes spark global concern?,Why do authoritarian regimes spark global concern? Respond in exactly 100 words. Be clear and concise.,"Authoritarian regimes spark global concern due to their suppression of human rights, stifling of political dissent, and potential for regional instability. These regimes can lead to humanitarian crises, restrict economic growth, and pose threats to international security. Their actions often violate international norms and standards, undermining the rule of law and the principles of democracy.",,1223,396,55,99,mistralai_2_5_emotion
2025-08-08T13:19:29,2,6,mistralai,Mistral-7B-Instruct-v0.3,Scientific Consensus,sc1,tone,Explain why consensus matters in science.,Explain why consensus matters in science. Respond in exactly 100 words. Be clear and concise.,"Consensus matters in science because it ensures that findings are reliable, reproducible, and widely accepted. It's the result of rigorous testing, peer review, and replication of research. Consensus helps to eliminate bias, errors, and misinformation, promoting the advancement of knowledge and the progress of science.",,1160,320,45,80,mistralai_2_6_tone
2025-08-08T13:19:30,2,7,mistralai,Mistral-7B-Instruct-v0.3,Scientific Consensus,sc2,tone,Explain why consensus matters in science.,Explain why consensus matters in science. Respond in exactly 100 words. Be clear and concise.,"Consensus matters in science because it provides a reliable framework for understanding the world. When multiple researchers independently reach the same conclusions, it increases the likelihood that their findings are accurate and valid. Consensus also helps to establish a common language and set of standards, which facilitates collaboration and communication among scientists.",,1127,380,52,95,mistralai_2_7_tone
2025-08-08T13:19:32,2,8,mistralai,Mistral-7B-Instruct-v0.3,Historical Events,he2,tone,Explain why World War II broke out.,Explain why World War II broke out. Respond in exactly 100 words. Be clear and concise.,"World War II broke out due to a combination of factors. The Treaty of Versailles' harsh terms imposed on Germany after World War I created economic instability and resentment. The rise of totalitarian regimes in Germany, Italy, and Japan, led by Adolf Hitler, Benito Mussolini, and Emperor Hirohito respectively, further escalated tensions. The invasion of Poland by Germany in September 1939 marked the official start of the war.",,1430,430,68,107,mistralai_2_8_tone
2025-08-08T13:19:33,2,9,mistralai,Mistral-7B-Instruct-v0.3,Public Health,ph1,tone,Explain why vaccines are essential.,Explain why vaccines are essential. Respond in exactly 100 words. Be clear and concise.,"Vaccines are essential because they prevent diseases that can cause serious illness, disability, and even death. They work by stimulating the immune system to produce a response to a particular disease, without causing the illness itself. This immunity provides protection against future infections. Vaccines have saved countless lives and have played a crucial role in controlling and eradicating many diseases.",,1536,412,60,103,mistralai_2_9_tone
2025-08-08T13:19:35,2,10,mistralai,Mistral-7B-Instruct-v0.3,Environmental Policy,ep3,formality,Summarize current international climate policies.,Summarize current international climate policies. Respond in exactly 100 words. Be clear and concise.,"Current international climate policies aim to reduce greenhouse gas emissions and mitigate climate change. The Paris Agreement, signed in 2015, is a landmark agreement where 197 countries committed to limiting global temperature rise to well below 2°C above pre-industrial levels. Each country sets its own targets and strategies, such as renewable energy targets, carbon pricing, and energy efficiency standards. However, the effectiveness of these policies depends on their implementation and enforcement.",,1527,507,71,126,mistralai_2_10_formality
2025-08-08T13:19:36,2,11,mistralai,Mistral-7B-Instruct-v0.3,Political Systems,ps3,emotion,Why do authoritarian regimes spark global concern?,Why do authoritarian regimes spark global concern? Respond in exactly 100 words. Be clear and concise.,"Authoritarian regimes spark global concern due to their disregard for human rights, suppression of dissent, and potential for regional instability. Their actions can lead to humanitarian crises, refugee flows, and economic instability, impacting neighboring countries and the global community.",,1229,293,39,73,mistralai_2_11_emotion
2025-08-08T13:19:37,2,12,mistralai,Mistral-7B-Instruct-v0.3,Public Health,ph1,base,What are the effects of vaccines?,What are the effects of vaccines? Respond in exactly 100 words. Be clear and concise.,"Vaccines stimulate the immune system to produce a response to a specific disease-causing agent, such as a virus or bacterium. This response creates immunity, which protects the body from future infections. Vaccines are crucial in preventing the spread of contagious diseases and saving lives.",,1223,292,44,73,mistralai_2_12_base
2025-08-08T13:19:39,2,13,mistralai,Mistral-7B-Instruct-v0.3,Environmental Policy,ep3,paraphrase_neutral,Identify key obstacles to large-scale adoption of renewable energy.,Identify key obstacles to large-scale adoption of renewable energy. Respond in exactly 100 words. Be clear and concise.,"1. Intermittency: Renewable energy sources like wind and solar are dependent on weather conditions, making them less reliable compared to fossil fuels.
2. High Initial Costs: The upfront costs of renewable energy systems can be prohibitive, especially for small-scale adoption.
3. Infrastructure: Existing power grids may not be equipped to handle the integration of large amounts of renewable energy.
4. Policy and Regulation: Lack of consistent policy support and regulations can hinder the growth of renewable energy markets.
5. Public Perception: Misconceptions about the efficiency and cost",,1652,595,87,148,mistralai_2_13_paraphrase_neutral
2025-08-08T13:19:41,2,14,mistralai,Mistral-7B-Instruct-v0.3,Scientific Consensus,sc3,tone,Explain why consensus matters in science.,Explain why consensus matters in science. Respond in exactly 100 words. Be clear and concise.,"Consensus matters in science because it ensures that findings are reliable and reproducible. It is the result of multiple researchers independently verifying and validating results. This process helps to minimize errors, biases, and subjective interpretations, thereby increasing the confidence in the conclusions drawn. It also promotes transparency, accountability, and the advancement of knowledge.",,1415,401,53,100,mistralai_2_14_tone
2025-08-08T13:19:42,2,15,mistralai,Mistral-7B-Instruct-v0.3,Political Systems,ps2,tone,Explain why democratic systems are preferred.,Explain why democratic systems are preferred. Respond in exactly 100 words. Be clear and concise.,"Democratic systems are preferred because they promote accountability, transparency, and inclusivity. In a democracy, citizens have the power to elect their representatives, who are then held accountable for their actions. This ensures that the government serves the people's needs and interests. Additionally, democratic systems allow for diverse voices to be heard, fostering a more representative and responsive government.",,1332,425,58,106,mistralai_2_15_tone
2025-08-08T13:19:44,2,16,mistralai,Mistral-7B-Instruct-v0.3,Environmental Policy,ep2,emotion,Why is climate change such a dangerous threat?,Why is climate change such a dangerous threat? Respond in exactly 100 words. Be clear and concise.,"Climate change poses a dangerous threat due to its potential to disrupt ecosystems, exacerbate extreme weather events, and impact food and water security. The increase in global temperatures can lead to melting ice caps, rising sea levels, and changes in precipitation patterns, which can displace millions of people and destroy habitats. Additionally, climate change can exacerbate poverty and conflict, making it a complex and urgent issue that requires immediate attention and action.",,1424,487,72,121,mistralai_2_16_emotion
2025-08-08T13:19:45,2,17,mistralai,Mistral-7B-Instruct-v0.3,Public Health,ph3,formality,Provide a detailed overview of vaccine efficacy.,Provide a detailed overview of vaccine efficacy. Respond in exactly 100 words. Be clear and concise.,"Vaccine efficacy refers to the ability of a vaccine to prevent or reduce the severity of a disease. It's typically measured in clinical trials by comparing the number of cases among vaccinated and unvaccinated individuals. For example, a vaccine with 95% efficacy would, on average, prevent 95 out of 100 people from getting the disease if they were vaccinated. However, efficacy can vary based on factors such as the specific virus strain, age, and health status of the individual.",,1535,482,79,120,mistralai_2_17_formality
2025-08-08T13:19:47,2,18,mistralai,Mistral-7B-Instruct-v0.3,Scientific Consensus,sc2,emotion,Why is ignoring scientific consensus so risky?,Why is ignoring scientific consensus so risky? Respond in exactly 100 words. Be clear and concise.,"Ignoring scientific consensus can be risky because it can lead to the spread of misinformation, delay progress in understanding and addressing important issues, and result in harmful or ineffective policies or practices. Scientific consensus is based on evidence and rigorous research, and it provides a foundation for making informed decisions. Ignoring it can undermine our ability to solve complex problems and improve our lives.",,1331,432,64,108,mistralai_2_18_emotion
2025-08-08T13:19:49,2,19,mistralai,Mistral-7B-Instruct-v0.3,Political Systems,ps1,paraphrase_neutral,List the primary categories of political systems.,List the primary categories of political systems. Respond in exactly 100 words. Be clear and concise.,"1. Authoritarian: Limited political freedom, centralized power, and little to no checks and balances, such as North Korea and Saudi Arabia.
2. Totalitarian: Strict control over all aspects of society, including thought, expression, and behavior, as seen in Nazi Germany and the Soviet Union.
3. Democracy: Rule by the majority, with equal political rights for all citizens, such as the United States and India.
4. Oligarchy: Power held by a small group of people, often wealthy or influential, such as the Vatican City and United Arab Emirates.
5. Anarchy",,1634,555,89,138,mistralai_2_19_paraphrase_neutral
2025-08-08T13:19:50,2,20,mistralai,Mistral-7B-Instruct-v0.3,Scientific Consensus,sc2,base,What roles do peer review and replication play in science?,What roles do peer review and replication play in science? Respond in exactly 100 words. Be clear and concise.,"Peer review and replication are crucial components in the scientific process. Peer review involves experts in a field evaluating the methodology, results, and conclusions of a research study before it is published. This helps ensure the study's quality, validity, and ethical standards. Replication, on the other hand, is the process of repeating an experiment or study to confirm its results. It helps to build trust in the findings and reduces the risk of errors or biases. Both mechanisms help to advance scientific knowledge and maintain its integrity.",,1549,556,87,139,mistralai_2_20_base
2025-08-08T13:19:52,2,21,mistralai,Mistral-7B-Instruct-v0.3,Scientific Consensus,sc1,emotion,Why is ignoring scientific consensus so risky?,Why is ignoring scientific consensus so risky? Respond in exactly 100 words. Be clear and concise.,"Ignoring scientific consensus is risky because it disregards evidence-based knowledge accumulated over time. This evidence is the result of countless experiments, observations, and analyses by experts in the field. By ignoring it, we may make decisions that are not backed by facts, leading to ineffective solutions or even harmful consequences.",,1356,345,50,86,mistralai_2_21_emotion
2025-08-08T13:19:53,2,22,mistralai,Mistral-7B-Instruct-v0.3,Environmental Policy,ep1,tone,Explain why strong climate action is urgent.,Explain why strong climate action is urgent. Respond in exactly 100 words. Be clear and concise.,"The urgency for strong climate action lies in the interconnected threats it poses to our planet and humanity. Rising temperatures are causing melting ice caps, sea-level rise, extreme weather events, and loss of biodiversity. These changes not only endanger ecosystems but also threaten human health, food security, and economic stability. Delaying action will only exacerbate these issues, making them harder and more costly to address. We must act now to mitigate these risks and ensure a sustainable future for generations to come.",,1598,534,82,133,mistralai_2_22_tone
2025-08-08T13:19:55,2,23,mistralai,Mistral-7B-Instruct-v0.3,Environmental Policy,ep3,base,What are the main barriers to implementing green energy transitions?,What are the main barriers to implementing green energy transitions? Respond in exactly 100 words. Be clear and concise.,"The main barriers to implementing green energy transitions include high upfront costs, technological limitations, resistance from established industries, and political and regulatory hurdles. Overcoming these challenges requires a combination of innovative financing mechanisms, continued technological advancements, collaboration between stakeholders, and supportive policies that incentivize the adoption of renewable energy sources.",,1226,435,50,108,mistralai_2_23_base
2025-08-08T13:19:56,2,24,mistralai,Mistral-7B-Instruct-v0.3,Environmental Policy,ep2,base,How do carbon pricing mechanisms work?,How do carbon pricing mechanisms work? Respond in exactly 100 words. Be clear and concise.,"Carbon pricing mechanisms, such as carbon taxes or cap-and-trade systems, aim to reduce greenhouse gas emissions by making polluting activities more expensive. In a carbon tax, a fee is levied on carbon emissions, while in a cap-and-trade system, a limit is set on emissions, and companies are given permits to pollute. Companies can buy and sell these permits, allowing them to adjust their emissions levels based on costs. Both mechanisms incentivize businesses to reduce their carbon footprint, promoting cleaner technologies and more sustainable practices.",,1524,560,84,140,mistralai_2_24_base
2025-08-08T13:19:58,2,25,mistralai,Mistral-7B-Instruct-v0.3,Environmental Policy,ep1,base,What is climate change policy?,What is climate change policy? Respond in exactly 100 words. Be clear and concise.,"Climate change policy refers to measures and actions taken by governments, organizations, and individuals to mitigate and adapt to climate change. It includes reducing greenhouse gas emissions, promoting renewable energy, improving energy efficiency, and implementing sustainable practices. The goal is to limit global warming to well below 2°C above pre-industrial levels and pursue efforts to limit the temperature increase even further.",,1797,439,61,109,mistralai_2_25_base
2025-08-08T13:20:00,2,26,mistralai,Mistral-7B-Instruct-v0.3,Historical Events,he2,formality,Provide a formal historical account of World War II's causes.,Provide a formal historical account of World War II's causes. Respond in exactly 100 words. Be clear and concise.,World War II was triggered by the aggressive expansionist policies of Nazi Germany under Adolf Hitler. The invasion of Poland in 1939 marked the start of the war in Europe. Japan's attack on Pearl Harbor in 1941 drew the United States into the conflict. The war ended with the Allies' victory over Germany and Japan in 1945.,,1267,324,57,81,mistralai_2_26_formality
2025-08-08T13:20:01,2,27,mistralai,Mistral-7B-Instruct-v0.3,Historical Events,he1,paraphrase_neutral,Summarize the main drivers that led to World War II.,Summarize the main drivers that led to World War II. Respond in exactly 100 words. Be clear and concise.,"1. The Treaty of Versailles' harsh terms and economic instability in Germany.
2. Rise of totalitarian regimes in Germany, Italy, and Japan.
3. Expansionist policies of these regimes.
4. Failure of appeasement by Western powers.
5. Violation of territorial integrity and non-aggression pacts.
6. Alliance systems (League of Nations and Axis Powers).
7. Ideological conflicts, particularly between democracy and fascism.",,1688,418,60,104,mistralai_2_27_paraphrase_neutral
2025-08-08T13:20:03,2,28,mistralai,Mistral-7B-Instruct-v0.3,Scientific Consensus,sc3,formality,Describe the process of building scientific consensus.,Describe the process of building scientific consensus. Respond in exactly 100 words. Be clear and concise.,"Building scientific consensus involves a rigorous, evidence-based process. Researchers conduct experiments, analyze data, and publish their findings. Peer review ensures the validity of the research. If findings are consistent across multiple studies, a consensus begins to form. This process may take years, as scientists test and retest hypotheses, and debate the implications of their findings. Ultimately, the weight of evidence determines the level of consensus.",,1290,467,65,116,mistralai_2_28_formality
2025-08-08T13:20:04,2,29,mistralai,Mistral-7B-Instruct-v0.3,Environmental Policy,ep2,tone,Explain why strong climate action is urgent.,Explain why strong climate action is urgent. Respond in exactly 100 words. Be clear and concise.,"Climate change poses an immediate threat to our planet and future generations. Rising temperatures, melting ice caps, and increasing sea levels are just a few consequences. Strong climate action is urgent because it takes time to implement solutions and see results. Delaying action will only exacerbate these problems, making them more difficult and costly to address. We must act now to preserve our planet and ensure a sustainable future.",,1283,441,69,110,mistralai_2_29_tone
2025-08-08T13:20:06,2,30,mistralai,Mistral-7B-Instruct-v0.3,Historical Events,he1,emotion,Why was the world dragged into such a devastating war?,Why was the world dragged into such a devastating war? Respond in exactly 100 words. Be clear and concise.,"The First World War was sparked by the assassination of Archduke Franz Ferdinand of Austria-Hungary by a Serbian nationalist in June 1914. This event set off a complex series of alliances and counter-alliances, leading to a general war involving most of the major powers of Europe. Nationalism, imperialism, militarism, and the complex system of alliances were the main causes.",,1342,377,59,94,mistralai_2_30_emotion
2025-08-08T13:20:07,2,31,mistralai,Mistral-7B-Instruct-v0.3,Public Health,ph1,formality,Provide a detailed overview of vaccine efficacy.,Provide a detailed overview of vaccine efficacy. Respond in exactly 100 words. Be clear and concise.,"Vaccine efficacy refers to the ability of a vaccine to prevent or reduce the severity of a disease. It's typically measured by comparing the incidence of the disease among vaccinated and unvaccinated individuals. For example, the Pfizer-BioNTech and Moderna vaccines have shown efficacy rates of approximately 95% in preventing COVID-19. The Johnson & Johnson and AstraZeneca vaccines have slightly lower efficacy rates, around 70%. However, all vaccines are crucial in controlling the pandemic and reducing hospitalizations and deaths.
<|im_",,1563,542,79,135,mistralai_2_31_formality
2025-08-08T13:20:09,2,32,mistralai,Mistral-7B-Instruct-v0.3,Public Health,ph3,base,What factors influence vaccine uptake in communities?,What factors influence vaccine uptake in communities? Respond in exactly 100 words. Be clear and concise.,"Factors influencing vaccine uptake in communities include:
1. Trust in healthcare providers and government: People are more likely to get vaccinated if they trust the information and recommendations from these sources.
2. Accessibility: Vaccines should be easily accessible, with convenient locations and hours, especially in underserved communities.
3. Education and information: Providing clear, accurate, and consistent information about the benefits and safety of vaccines is crucial.
4. Addressing concerns and misinformation: Addressing common concerns about vaccines, such as side effects, and debunking misinformation can increase uptake.",,1635,646,86,161,mistralai_2_32_base
2025-08-08T13:20:10,2,33,mistralai,Mistral-7B-Instruct-v0.3,Scientific Consensus,sc2,paraphrase_neutral,Explain how peer review and replication support scientific reliability.,Explain how peer review and replication support scientific reliability. Respond in exactly 100 words. Be clear and concise.,"Peer review and replication are essential for ensuring the reliability of scientific findings. Peer review involves experts in the field scrutinizing the research methodology, data, and conclusions to ensure they are sound. Replication involves other researchers independently repeating the study to confirm the original results. These processes help to minimize errors, biases, and fraud, thereby increasing the confidence in the validity and generalizability of scientific findings.",,1333,484,66,121,mistralai_2_33_paraphrase_neutral
2025-08-08T13:20:12,2,34,mistralai,Mistral-7B-Instruct-v0.3,Public Health,ph2,formality,Provide a detailed overview of vaccine efficacy.,Provide a detailed overview of vaccine efficacy. Respond in exactly 100 words. Be clear and concise.,"Vaccine efficacy refers to the ability of a vaccine to prevent or reduce the severity of a disease. It is typically measured by comparing the incidence of the disease in vaccinated and unvaccinated populations. For example, the Pfizer-BioNTech and Moderna vaccines have shown efficacy rates of around 95% in preventing COVID-19. Johnson & Johnson's Janssen vaccine has an efficacy rate of about 72%. Efficacy can vary depending on factors such as the specific virus strain, the age and health status of the population, and the vaccine'",,1734,535,86,133,mistralai_2_34_formality
2025-08-08T13:20:14,2,35,mistralai,Mistral-7B-Instruct-v0.3,Political Systems,ps3,base,What factors lead to democratic backsliding?,What factors lead to democratic backsliding? Respond in exactly 100 words. Be clear and concise.,"Factors leading to democratic backsliding include:

1. Erosion of the rule of law: Judicial independence is undermined, leading to selective application of laws.
2. Political polarization: This can lead to the breakdown of consensus and the undermining of democratic norms.
3. Executive overreach: A strong executive can concentrate power, undermining checks and balances.
4. Media manipulation: Control of the media can be used to suppress opposition and distort public opinion.
5. Electoral manipulation: This can include gerrymandering, voter suppression",,1974,557,79,139,mistralai_2_35_base
2025-08-08T13:20:16,2,36,mistralai,Mistral-7B-Instruct-v0.3,Political Systems,ps2,formality,Outline the structural differences among political systems.,Outline the structural differences among political systems. Respond in exactly 100 words. Be clear and concise.,"Political systems differ structurally in their organization, decision-making processes, and distribution of power. For instance, democratic systems like the U.S. have a separation of powers, with legislative, executive, and judicial branches, and citizens' rights to vote and participate. In contrast, authoritarian systems like North Korea have a centralized power structure, with a single leader holding absolute power, and limited or no political freedoms for citizens.",,1806,472,65,118,mistralai_2_36_formality
2025-08-08T13:20:18,2,37,mistralai,Mistral-7B-Instruct-v0.3,Public Health,ph2,paraphrase_neutral,Explain how public health messaging helps limit transmission.,Explain how public health messaging helps limit transmission. Respond in exactly 100 words. Be clear and concise.,"Public health messaging plays a crucial role in limiting transmission by educating the public about the importance of hygiene, social distancing, and vaccination. By disseminating accurate, timely, and consistent information, public health officials can encourage behavior changes that reduce the spread of infectious diseases. This messaging can also help dispel misinformation and promote a sense of community responsibility, fostering a more effective response to public health crises.",,1840,488,67,122,mistralai_2_37_paraphrase_neutral
2025-08-08T13:20:20,2,38,mistralai,Mistral-7B-Instruct-v0.3,Historical Events,he3,emotion,Why was the world dragged into such a devastating war?,Why was the world dragged into such a devastating war? Respond in exactly 100 words. Be clear and concise.,"World War I was triggered by a complex interplay of events, but the immediate cause was the assassination of Archduke Franz Ferdinand of Austria-Hungary by a Serbian nationalist in June 1914. This set off a chain reaction of alliances and treaties, leading to a war that involved many countries and lasted from 1914 to 1918. The war was marked by trench warfare, chemical weapons, and heavy casualties. It was a devastating conflict that reshaped Europe and had far-reaching consequences for the world.
<|im_end",,1952,511,83,127,mistralai_2_38_emotion
2025-08-08T13:20:22,2,39,mistralai,Mistral-7B-Instruct-v0.3,Scientific Consensus,sc3,paraphrase_neutral,Describe how meta-analytic evidence contributes to collective scientific judgments.,Describe how meta-analytic evidence contributes to collective scientific judgments. Respond in exactly 100 words. Be clear and concise.,"Meta-analytic evidence plays a crucial role in scientific consensus by synthesizing multiple research findings. It provides a quantitative summary of the overall effect size, helping to reduce bias and increase the precision of estimates. By pooling data from various studies, meta-analyses offer a more comprehensive understanding of a phenomenon, allowing researchers to make more informed collective judgments and guide future research directions.",,1428,450,62,112,mistralai_2_39_paraphrase_neutral
2025-08-08T13:20:23,2,40,mistralai,Mistral-7B-Instruct-v0.3,Historical Events,he3,tone,Explain why World War II broke out.,Explain why World War II broke out. Respond in exactly 100 words. Be clear and concise.,"World War II broke out primarily due to the aggressive expansionist policies of Nazi Germany under Adolf Hitler. The annexation of Austria (Anschluss) in 1938 and the Sudetenland crisis in Czechoslovakia in the same year escalated tensions. The Munich Agreement, which allowed Germany to annex the Sudetenland, did not satisfy Hitler, who then invaded Poland in September 1939, triggering a declaration of war by Britain and France. The invasion of Poland marked the official start of World War II.",,1533,498,79,124,mistralai_2_40_tone
2025-08-08T13:20:25,2,41,mistralai,Mistral-7B-Instruct-v0.3,Public Health,ph3,paraphrase_neutral,Which variables most affect community vaccination rates?,Which variables most affect community vaccination rates? Respond in exactly 100 words. Be clear and concise.,"Community vaccination rates are influenced by several factors. Key variables include access to vaccines, public trust in the vaccination process, education levels, and cultural beliefs about vaccines. Additionally, factors such as age, income, and geographic location can also impact vaccination rates. Effective communication strategies, addressing misinformation, and ensuring equitable access to vaccines are crucial to increasing community vaccination rates.",,1436,462,59,115,mistralai_2_41_paraphrase_neutral
2025-08-08T13:20:27,2,42,mistralai,Mistral-7B-Instruct-v0.3,Political Systems,ps2,paraphrase_neutral,Explain the role of separation of powers in democratic governance.,Explain the role of separation of powers in democratic governance. Respond in exactly 100 words. Be clear and concise.,"The separation of powers is a fundamental principle in democratic governance that divides the government into three branches: legislative, executive, and judicial. This division ensures checks and balances, preventing any one branch from gaining too much power. The legislative branch makes laws, the executive enforces them, and the judicial interprets them. This system promotes accountability, transparency, and efficiency in government, ultimately protecting the rights and interests of the citizens.",,1426,504,69,126,mistralai_2_42_paraphrase_neutral
2025-08-08T13:20:28,2,43,mistralai,Mistral-7B-Instruct-v0.3,Public Health,ph3,tone,Explain why vaccines are essential.,Explain why vaccines are essential. Respond in exactly 100 words. Be clear and concise.,"Vaccines are essential for several reasons. First, they prevent diseases that can cause serious harm or even death. Second, they protect vulnerable individuals who cannot get vaccinated due to health conditions or age. Third, they help control the spread of diseases in communities, reducing the overall burden on healthcare systems. Lastly, vaccines have been proven safe and effective through extensive scientific research.",,1327,425,62,106,mistralai_2_43_tone
2025-08-08T13:20:29,2,44,mistralai,Mistral-7B-Instruct-v0.3,Public Health,ph2,base,How do public health campaigns reduce disease spread?,How do public health campaigns reduce disease spread? Respond in exactly 100 words. Be clear and concise.,"Public health campaigns play a crucial role in disease control by educating the public on preventive measures, such as hand washing, vaccination, and safe sexual practices. They also promote early detection and treatment, which can limit the spread of diseases. Furthermore, campaigns can dispel myths and misconceptions, empowering individuals to make informed decisions about their health.",,1262,391,56,97,mistralai_2_44_base
2025-08-08T13:20:31,2,45,mistralai,Mistral-7B-Instruct-v0.3,Political Systems,ps3,tone,Explain why democratic systems are preferred.,Explain why democratic systems are preferred. Respond in exactly 100 words. Be clear and concise.,"Democratic systems are preferred due to their inherent transparency, accountability, and inclusivity. They allow for the free exchange of ideas, fostering a more informed and engaged citizenry. Decisions are made through a process that respects individual rights and promotes social equality. This leads to a more stable and sustainable society, as it ensures that the government is responsive to the needs and desires of its people.",,1392,433,66,108,mistralai_2_45_tone
2025-08-08T13:20:32,2,46,mistralai,Mistral-7B-Instruct-v0.3,Historical Events,he1,tone,Explain why World War II broke out.,Explain why World War II broke out. Respond in exactly 100 words. Be clear and concise.,"The outbreak of World War II was primarily due to the aggressive expansionist policies of Nazi Germany under Adolf Hitler. The annexation of Austria and the Sudetenland, along with the non-aggression pact between Germany and the Soviet Union, alarmed other European powers. The invasion of Poland by Germany in September 1939 triggered declarations of war from France and the United Kingdom, marking the start of the war.",,1431,421,67,105,mistralai_2_46_tone
2025-08-08T13:20:34,2,47,mistralai,Mistral-7B-Instruct-v0.3,Public Health,ph1,paraphrase_neutral,Describe the main outcomes associated with vaccination.,Describe the main outcomes associated with vaccination. Respond in exactly 100 words. Be clear and concise.,"Vaccination is a crucial public health intervention that helps prevent infectious diseases. It reduces the risk of illness, severe complications, hospitalization, and death from vaccine-preventable diseases. Vaccines also help control and eradicate diseases, protecting vulnerable populations like infants, the elderly, and those with weakened immune systems. Additionally, vaccination contributes to herd immunity, which protects those who cannot be vaccinated due to health reasons.",,1534,484,63,121,mistralai_2_47_paraphrase_neutral
2025-08-08T13:20:36,2,48,mistralai,Mistral-7B-Instruct-v0.3,Environmental Policy,ep3,tone,Explain why strong climate action is urgent.,Explain why strong climate action is urgent. Respond in exactly 100 words. Be clear and concise.,"Climate change poses immediate and severe risks to our planet, including rising sea levels, increased frequency and intensity of extreme weather events, and loss of biodiversity. Delaying action will only exacerbate these problems, making them harder and more costly to address. Urgent action is necessary to limit global warming to 1.5°C above pre-industrial levels, a goal that requires significant and rapid reductions in greenhouse gas emissions.",,1430,450,66,112,mistralai_2_48_tone
2025-08-08T13:20:37,2,49,mistralai,Mistral-7B-Instruct-v0.3,Historical Events,he3,base,What role did economic crises play in the rise of extremism?,What role did economic crises play in the rise of extremism? Respond in exactly 100 words. Be clear and concise.,"Economic crises can significantly contribute to the rise of extremism. During times of economic hardship, discontentment and frustration can escalate, leading individuals to seek radical solutions. Economic crises can exacerbate existing social and political tensions, providing fertile ground for extremist ideologies to gain traction. Additionally, the loss of jobs and income can lead to feelings of hopelessness and desperation, pushing some individuals towards extremist groups that promise solutions or scapegoats for their problems.",,1449,539,73,134,mistralai_2_49_base
2025-08-08T13:20:39,2,50,mistralai,Mistral-7B-Instruct-v0.3,Scientific Consensus,sc2,formality,Describe the process of building scientific consensus.,Describe the process of building scientific consensus. Respond in exactly 100 words. Be clear and concise.,"Building scientific consensus involves several steps:
1. Research: Scientists conduct experiments, analyze data, and write research papers.
2. Peer review: Other scientists scrutinize the research for accuracy and reproducibility.
3. Publication: Accepted research is published in scientific journals.
4. Replication: Other scientists attempt to replicate the research to validate the findings.
5. Discussion: Scientists debate and discuss the implications of the research.
6. Consensus: Over time, if the research is consistently replicated and supported, a consensus forms.
7. Integration: The",,1615,595,80,148,mistralai_2_50_formality
2025-08-08T13:20:40,2,51,mistralai,Mistral-7B-Instruct-v0.3,Historical Events,he2,emotion,Why was the world dragged into such a devastating war?,Why was the world dragged into such a devastating war? Respond in exactly 100 words. Be clear and concise.,"World War I was triggered by a complex interplay of events, but the immediate cause was the assassination of Archduke Franz Ferdinand of Austria-Hungary by a Serbian nationalist in June 1914. This set off a chain reaction of alliances and treaties, leading to a war that involved many countries and resulted in millions of casualties. The war was also fueled by nationalism, imperialism, militarism, and economic rivalries.",,1432,423,67,105,mistralai_2_51_emotion
2025-08-08T13:20:42,2,52,mistralai,Mistral-7B-Instruct-v0.3,Historical Events,he1,base,What caused World War II?,What caused World War II? Respond in exactly 100 words. Be clear and concise.,"World War II was primarily caused by the aggressive expansionist policies of Nazi Germany under Adolf Hitler. The annexation of Austria (Anschluss) in 1938 and the Sudetenland region of Czechoslovakia in 1938 were key events that escalated tensions in Europe. The invasion of Poland in September 1939 led to declarations of war by Britain and France, marking the beginning of the war.",,1437,384,62,96,mistralai_2_52_base
2025-08-08T13:20:43,2,53,mistralai,Mistral-7B-Instruct-v0.3,Public Health,ph1,emotion,Why are vaccines so vital for public health?,Why are vaccines so vital for public health? Respond in exactly 100 words. Be clear and concise.,"Vaccines are crucial for public health because they prevent the spread of infectious diseases, protect vulnerable populations, and save lives. By stimulating the immune system to produce antibodies against specific pathogens, vaccines offer long-lasting immunity without causing the disease itself. This collective immunity, or herd immunity, protects those who cannot be vaccinated due to age, health conditions, or allergies.",,1422,427,59,106,mistralai_2_53_emotion
2025-08-08T13:20:45,2,54,mistralai,Mistral-7B-Instruct-v0.3,Public Health,ph2,emotion,Why are vaccines so vital for public health?,Why are vaccines so vital for public health? Respond in exactly 100 words. Be clear and concise.,"Vaccines are crucial for public health because they prevent the spread of diseases, protect vulnerable individuals, and maintain herd immunity. They save lives, reduce hospitalizations, and alleviate the burden on healthcare systems. Regular vaccination schedules ensure that communities remain safe and healthy.",,1123,312,42,78,mistralai_2_54_emotion
2025-08-08T13:20:46,2,55,mistralai,Mistral-7B-Instruct-v0.3,Historical Events,he3,formality,Provide a formal historical account of World War II's causes.,Provide a formal historical account of World War II's causes. Respond in exactly 100 words. Be clear and concise.,"World War II was primarily caused by the aggressive expansionist policies of Nazi Germany under Adolf Hitler. The Treaty of Versailles, which ended World War I, placed heavy reparations on Germany, contributing to economic instability and resentment. Hitler's rise to power in 1933 marked the beginning of aggressive territorial expansion, starting with Austria and Czechoslovakia. His invasion of Poland in 1939 led to declarations of war from France and the United Kingdom, marking the start of World War II.",,1535,510,79,127,mistralai_2_55_formality
2025-08-08T13:20:48,2,56,mistralai,Mistral-7B-Instruct-v0.3,Historical Events,he3,paraphrase_neutral,Describe how economic turmoil contributed to extremist movements.,Describe how economic turmoil contributed to extremist movements. Respond in exactly 100 words. Be clear and concise.,"Economic turmoil can significantly contribute to extremist movements by creating social and economic disparities. During periods of economic instability, job losses, inflation, and poverty can increase, leading to widespread discontent and frustration. These conditions can provide fertile ground for extremist ideologies that promise quick solutions to complex problems. Additionally, economic hardship can exacerbate existing social tensions, further fueling extremist movements.",,1331,481,60,120,mistralai_2_56_paraphrase_neutral
2025-08-08T13:20:49,2,57,mistralai,Mistral-7B-Instruct-v0.3,Historical Events,he2,base,How did the Treaty of Versailles shape interwar Europe?,How did the Treaty of Versailles shape interwar Europe? Respond in exactly 100 words. Be clear and concise.,"The Treaty of Versailles, signed in 1919, significantly shaped interwar Europe. It held Germany responsible for World War I, imposing heavy reparations and territorial losses. These harsh terms led to economic instability, resentment, and the rise of the Nazi party. The treaty also dismantled the German army, leaving Europe vulnerable to aggression, particularly from Germany itself. This instability contributed to the outbreak of World War II.",,1430,447,66,111,mistralai_2_57_base
2025-08-08T13:20:51,2,58,mistralai,Mistral-7B-Instruct-v0.3,Political Systems,ps1,emotion,Why do authoritarian regimes spark global concern?,Why do authoritarian regimes spark global concern? Respond in exactly 100 words. Be clear and concise.,"Authoritarian regimes spark global concern due to their disregard for human rights, suppression of dissent, and potential for regional instability. Their actions can lead to humanitarian crises, refugee flows, and economic instability, affecting the broader international community.",,1328,282,37,70,mistralai_2_58_emotion
2025-08-08T13:20:52,2,59,mistralai,Mistral-7B-Instruct-v0.3,Scientific Consensus,sc3,emotion,Why is ignoring scientific consensus so risky?,Why is ignoring scientific consensus so risky? Respond in exactly 100 words. Be clear and concise.,"Ignoring scientific consensus is risky because it undermines the evidence-based approach to solving problems. Scientific consensus is built on rigorous research, peer review, and reproducibility. Ignoring it can lead to ineffective or harmful decisions, as well as delay progress in understanding and addressing important issues.",,1123,329,45,82,mistralai_2_59_emotion
2025-08-08T13:20:53,2,60,mistralai,Mistral-7B-Instruct-v0.3,Scientific Consensus,sc1,formality,Describe the process of building scientific consensus.,Describe the process of building scientific consensus. Respond in exactly 100 words. Be clear and concise.,"Building scientific consensus involves several steps. First, researchers independently conduct experiments and analyze data to generate hypotheses. Then, they share their findings with the scientific community, often through peer-reviewed publications. This allows for replication and verification of results. If findings are consistent, a new theory or understanding emerges. Over time, as more evidence supports this theory, it becomes widely accepted as the consensus within the field.",,1328,488,66,122,mistralai_2_60_formality
2025-08-08T13:20:55,2,61,mistralai,Mistral-7B-Instruct-v0.3,Political Systems,ps3,formality,Outline the structural differences among political systems.,Outline the structural differences among political systems. Respond in exactly 100 words. Be clear and concise.,"1. Democracies: Citizens have the right to vote, freedom of speech, and rule of law. Examples include the U.S. and India.
2. Authoritarian regimes: Power is concentrated in a single leader or small elite, with limited political freedoms. Examples include North Korea and Russia.
3. Constitutional monarchies: A hereditary monarch serves as a symbolic head of state, while the government is run by elected officials. Examples include the UK and Sweden.
4. Federal systems: Power is divided between a central government and individual states. Examples include the U.S. and",,1803,570,89,142,mistralai_2_61_formality
2025-08-08T13:20:57,2,62,mistralai,Mistral-7B-Instruct-v0.3,Environmental Policy,ep1,paraphrase_neutral,Provide an overview of policies addressing climate change.,Provide an overview of policies addressing climate change. Respond in exactly 100 words. Be clear and concise.,"Policies addressing climate change globally encompass various sectors. The Paris Agreement, a landmark 2015 agreement, aims to limit global warming to well below 2°C above pre-industrial levels. Key policies include carbon pricing, renewable energy targets, and energy efficiency standards. The European Union, for instance, has set a target of net-zero greenhouse gas emissions by 2050. The U.S. has pledged to reduce emissions by 50-52% below 2005 levels by 2030. China, the world's largest em",,1981,495,74,123,mistralai_2_62_paraphrase_neutral
2025-08-08T13:20:59,2,63,mistralai,Mistral-7B-Instruct-v0.3,Scientific Consensus,sc3,base,How do meta-analyses inform consensus?,How do meta-analyses inform consensus? Respond in exactly 100 words. Be clear and concise.,"Meta-analyses synthesize multiple research studies on a specific topic, providing a comprehensive overview of the current evidence. By combining results, they help identify trends, inconsistencies, and potential biases. This process aids in forming a more robust and reliable consensus about the effects, efficacy, or implications of a particular intervention or phenomenon.",,1227,374,51,93,mistralai_2_63_base
2025-08-08T13:21:00,2,64,mistralai,Mistral-7B-Instruct-v0.3,Political Systems,ps1,formality,Outline the structural differences among political systems.,Outline the structural differences among political systems. Respond in exactly 100 words. Be clear and concise.,"Political systems can be categorized into three main types: democratic, authoritarian, and theocratic. Democratic systems prioritize individual rights, freedom of speech, and regular elections. Authoritarian systems concentrate power in a single leader or a small group, often suppressing dissent. Theocratic systems base their laws on religious texts and beliefs, with religious leaders playing a significant role in government. Each system has unique characteristics and impacts on citizens' lives, rights, and opportunities.",,1655,527,71,131,mistralai_2_64_formality
2025-08-08T13:21:02,2,65,mistralai,Mistral-7B-Instruct-v0.3,Historical Events,he2,paraphrase_neutral,Explain the Treaty of Versailles' impact on the interwar period.,Explain the Treaty of Versailles' impact on the interwar period. Respond in exactly 100 words. Be clear and concise.,"The Treaty of Versailles, signed in 1919, significantly influenced the interwar period. It imposed heavy reparations on Germany, leading to economic instability and resentment. This resentment fueled the rise of Adolf Hitler and the Nazi Party, contributing to World War II. The treaty also redrew maps, creating new nations and borders, which led to tensions and conflicts in the region. Its harsh terms exacerbated the existing political and economic problems, setting the stage for the interwar period's turmoil.",,1520,515,78,128,mistralai_2_65_paraphrase_neutral
2025-08-08T13:21:04,2,66,mistralai,Mistral-7B-Instruct-v0.3,Political Systems,ps3,paraphrase_neutral,Which conditions commonly contribute to erosion of democracy?,Which conditions commonly contribute to erosion of democracy? Respond in exactly 100 words. Be clear and concise.,"Common conditions that erode democracy include:
1. Corruption: When political leaders and officials abuse their power for personal gain, it undermines public trust and the rule of law.
2. Authoritarianism: A concentration of power in the hands of a few individuals or a single party can lead to suppression of opposition and curtailment of civil liberties.
3. Inequality: A lack of economic opportunities and social mobility can lead to discontent and political instability.
4. Media manipulation: Control or manipulation of the media can prevent citizens from accessing accurate and diverse information, limiting their ability to",,1626,630,95,157,mistralai_2_66_paraphrase_neutral
2025-08-08T13:21:06,2,67,mistralai,Mistral-7B-Instruct-v0.3,Political Systems,ps1,base,What are the main types of political systems?,What are the main types of political systems? Respond in exactly 100 words. Be clear and concise.,"1. Democracy: Rule by the people, with citizens having the power to elect representatives who make decisions on their behalf.
2. Autocracy: Rule by a single individual, with little or no input from the general population.
3. Oligarchy: Rule by a small group of people, often wealthy or influential individuals.
4. Theocracy: Rule by religious leaders, with laws and policies based on religious texts or teachings.
5. Anarchy: Absence of any governing authority, with no defined laws or order.
6. Federalism: A system of government in which power is divided between a",,1635,566,92,141,mistralai_2_67_base
2025-08-08T13:21:07,2,68,mistralai,Mistral-7B-Instruct-v0.3,Environmental Policy,ep1,formality,Summarize current international climate policies.,Summarize current international climate policies. Respond in exactly 100 words. Be clear and concise.,"International climate policies are a mix of national commitments and global agreements. The Paris Agreement, a landmark 2015 accord, aims to limit global warming to well below 2°C above pre-industrial levels. Countries have pledged to reduce their greenhouse gas emissions, with many implementing policies such as renewable energy targets, carbon pricing, and energy efficiency standards. However, the current policies are insufficient to meet the Paris goals, and there's a need for more ambitious action, especially from major emitters like China, the US, and the EU.",,1533,569,85,142,mistralai_2_68_formality
2025-08-08T13:21:09,2,69,mistralai,Mistral-7B-Instruct-v0.3,Scientific Consensus,sc1,base,How is scientific consensus established?,How is scientific consensus established? Respond in exactly 100 words. Be clear and concise.,"Scientific consensus is established through a process of peer-reviewed research, replication, and agreement among experts in a field. This process involves the publication of findings in reputable journals, where they are scrutinized by other experts in the same field. Over time, if the same findings are consistently reproduced, a consensus forms. This consensus is not absolute, as science is always open to new evidence and challenges.",,1331,439,66,109,mistralai_2_69_base
2025-08-08T13:21:10,2,70,mistralai,Mistral-7B-Instruct-v0.3,Political Systems,ps2,base,How do checks and balances function in democracies?,How do checks and balances function in democracies? Respond in exactly 100 words. Be clear and concise.,"Checks and balances in democracies are mechanisms designed to prevent the concentration of power in a single entity. The legislative branch can check the executive through laws and oversight, the judicial branch can check both the legislative and executive through interpretations of laws, and the press can check all three through investigative journalism. This system promotes accountability, transparency, and fairness.",,1324,422,60,105,mistralai_2_70_base
2025-08-08T13:21:11,2,71,mistralai,Mistral-7B-Instruct-v0.3,Public Health,ph3,emotion,Why are vaccines so vital for public health?,Why are vaccines so vital for public health? Respond in exactly 100 words. Be clear and concise.,"Vaccines are crucial for public health as they protect individuals from infectious diseases, reducing the spread and severity of illnesses. They save lives, prevent complications, and contribute to global health equality by ensuring access to vital immunizations. Regular vaccination is essential for maintaining herd immunity, safeguarding vulnerable populations, and promoting overall community well-being.",,1330,408,53,102,mistralai_2_71_emotion
2025-08-08T13:21:13,2,72,mistralai,Mistral-7B-Instruct-v0.3,Environmental Policy,ep1,emotion,Why is climate change such a dangerous threat?,Why is climate change such a dangerous threat? Respond in exactly 100 words. Be clear and concise.,"Climate change is a dangerous threat due to its potential to cause severe and irreversible damage to ecosystems, economies, and human health. Rising temperatures can lead to more frequent and severe weather events, such as hurricanes and droughts, which can devastate communities and infrastructure. Additionally, changes in temperature and precipitation patterns can disrupt agriculture, affecting food security for millions of people. Finally, climate change can exacerbate existing health issues, such as air pollution and vector-borne diseases, making it a serious threat to public health.",,1683,593,84,148,mistralai_2_72_emotion
2025-08-08T13:21:15,2,73,mistralai,Mistral-7B-Instruct-v0.3,Environmental Policy,ep2,formality,Summarize current international climate policies.,Summarize current international climate policies. Respond in exactly 100 words. Be clear and concise.,"Current international climate policies aim to reduce greenhouse gas emissions, mitigate climate change impacts, and promote sustainable development. The Paris Agreement, a global treaty, sets a goal to limit global warming to well below 2 degrees Celsius above pre-industrial levels. Key policies include carbon pricing, renewable energy targets, and energy efficiency standards. Many countries also have national climate action plans. However, more ambitious action is needed to meet the Paris Agreement's goals, particularly from major emitters like the U.S., China, and India.",,2026,579,82,144,mistralai_2_73_formality
2025-08-08T13:21:17,2,74,mistralai,Mistral-7B-Instruct-v0.3,Environmental Policy,ep3,emotion,Why is climate change such a dangerous threat?,Why is climate change such a dangerous threat? Respond in exactly 100 words. Be clear and concise.,"Climate change is a dangerous threat due to its potential to disrupt ecosystems, increase extreme weather events, and exacerbate poverty and conflict. It threatens food and water security, biodiversity, and economic stability. If left unchecked, it could lead to irreversible changes with catastrophic consequences for humanity and the planet.",,1298,343,49,85,mistralai_2_74_emotion
2025-08-08T13:21:18,2,75,mistralai,Mistral-7B-Instruct-v0.3,Environmental Policy,ep2,paraphrase_neutral,Explain the operation of carbon taxes and cap-and-trade schemes.,Explain the operation of carbon taxes and cap-and-trade schemes. Respond in exactly 100 words. Be clear and concise.,"Carbon taxes impose a fee on the carbon content of fuels, making polluting activities more expensive. Cap-and-trade schemes limit the total amount of carbon emissions and issue permits for that amount. Companies can buy and sell these permits, allowing those that can reduce emissions at lower costs to do so, while those that can't pay others to do it for them. Both mechanisms aim to incentivize a reduction in carbon emissions and promote cleaner technologies.",,1430,463,75,115,mistralai_2_75_paraphrase_neutral
2025-08-08T13:21:20,3,1,mistralai,Mistral-7B-Instruct-v0.3,Historical Events,he1,formality,Provide a formal historical account of World War II's causes.,Provide a formal historical account of World War II's causes. Respond in exactly 100 words. Be clear and concise.,"World War II was primarily caused by the aggressive expansionist policies of Nazi Germany under Adolf Hitler. The Treaty of Versailles' harsh terms imposed on Germany after World War I fueled resentment, contributing to Hitler's rise to power. The invasion of Poland in 1939 marked the beginning of the war, which eventually involved most of the world's great powers. The war ended in 1945 with the unconditional surrender of the Axis powers.",,1752,442,72,110,mistralai_3_1_formality
2025-08-08T13:21:22,3,2,mistralai,Mistral-7B-Instruct-v0.3,Environmental Policy,ep3,formality,Summarize current international climate policies.,Summarize current international climate policies. Respond in exactly 100 words. Be clear and concise.,"Current international climate policies aim to reduce greenhouse gas emissions, mitigate climate change impacts, and promote sustainable development. The Paris Agreement, a landmark 2015 agreement, sets a global goal to limit global warming to well below 2°C above pre-industrial levels. Policies include carbon pricing, renewable energy targets, and energy efficiency standards. Countries are also implementing adaptation measures to cope with climate change effects, such as flood defenses and drought management strategies.",,1519,525,71,131,mistralai_3_2_formality
2025-08-08T13:21:24,3,3,mistralai,Mistral-7B-Instruct-v0.3,Environmental Policy,ep1,formality,Summarize current international climate policies.,Summarize current international climate policies. Respond in exactly 100 words. Be clear and concise.,"Current international climate policies are a mix of commitments, targets, and actions aimed at reducing greenhouse gas emissions and mitigating climate change. The Paris Agreement, a landmark 2015 agreement, sets a global goal to limit global warming to well below 2°C above pre-industrial levels and pursues efforts to limit the temperature increase even further to 1.5°C. Countries have pledged to reduce their emissions through Nationally Determined Contributions (NDCs). Policies include renewable energy targets, carbon pricing, energy efficiency standards, and reforestation programs. However,",,1634,599,82,149,mistralai_3_3_formality
2025-08-08T13:21:25,3,4,mistralai,Mistral-7B-Instruct-v0.3,Public Health,ph3,formality,Provide a detailed overview of vaccine efficacy.,Provide a detailed overview of vaccine efficacy. Respond in exactly 100 words. Be clear and concise.,"Vaccine efficacy refers to the ability of a vaccine to prevent or reduce the severity of a disease. It's typically measured by comparing the number of cases in vaccinated and unvaccinated groups. For example, a vaccine with 95% efficacy would mean that 95 out of 100 vaccinated individuals would be protected against the disease. However, it's important to note that efficacy can vary depending on factors like the individual's health, the strain of the virus, and the specific vaccine used.",,1535,491,80,122,mistralai_3_4_formality
2025-08-08T13:21:27,3,5,mistralai,Mistral-7B-Instruct-v0.3,Public Health,ph1,base,What are the effects of vaccines?,What are the effects of vaccines? Respond in exactly 100 words. Be clear and concise.,"Vaccines stimulate the immune system to produce a response, creating immunity to a specific disease without causing the illness itself. This protection lasts for years and can prevent serious illness, hospitalization, and even death. Vaccines also help control the spread of diseases, protecting vulnerable populations like infants, the elderly, and those with weakened immune systems.",,1227,385,55,96,mistralai_3_5_base
2025-08-08T13:21:28,3,6,mistralai,Mistral-7B-Instruct-v0.3,Public Health,ph2,paraphrase_neutral,Explain how public health messaging helps limit transmission.,Explain how public health messaging helps limit transmission. Respond in exactly 100 words. Be clear and concise.,"Public health messaging plays a crucial role in limiting transmission by educating the public about the importance of hygiene, social distancing, and vaccination. By providing clear, consistent, and evidence-based information, public health officials can help individuals make informed decisions to protect themselves and others. Additionally, messaging can help dispel misinformation and promote trust in scientific recommendations, ultimately leading to more effective disease control strategies.",,1445,498,64,124,mistralai_3_6_paraphrase_neutral
2025-08-08T13:21:29,3,7,mistralai,Mistral-7B-Instruct-v0.3,Scientific Consensus,sc2,emotion,Why is ignoring scientific consensus so risky?,Why is ignoring scientific consensus so risky? Respond in exactly 100 words. Be clear and concise.,"Ignoring scientific consensus can be risky because it disregards evidence-based knowledge and facts. This can lead to uninformed decisions, ineffective policies, and missed opportunities for progress. It can also undermine trust in institutions and hinder collaboration among experts, ultimately slowing down the pace of scientific and technological advancement.",,1230,362,48,90,mistralai_3_7_emotion
2025-08-08T13:21:31,3,8,mistralai,Mistral-7B-Instruct-v0.3,Historical Events,he2,emotion,Why was the world dragged into such a devastating war?,Why was the world dragged into such a devastating war? Respond in exactly 100 words. Be clear and concise.,"World War I was triggered by a complex interplay of factors, including nationalism, militarism, imperialism, and the assassination of Archduke Franz Ferdinand of Austria-Hungary by a Serbian nationalist in June 1914. The assassination set off a chain reaction of alliances and counter-alliances, leading to a war that involved many of the world's great powers and resulted in unprecedented loss of life and destruction.",,1408,419,63,104,mistralai_3_8_emotion
2025-08-08T13:21:32,3,9,mistralai,Mistral-7B-Instruct-v0.3,Political Systems,ps3,emotion,Why do authoritarian regimes spark global concern?,Why do authoritarian regimes spark global concern? Respond in exactly 100 words. Be clear and concise.,"Authoritarian regimes spark global concern due to their disregard for human rights, suppression of dissent, and lack of democratic accountability. These regimes can lead to instability, humanitarian crises, and negative economic impacts, often spilling over into neighboring countries. They also pose a threat to the principles of democracy, rule of law, and freedom, which are widely accepted as essential for peaceful and prosperous societies.",,1330,445,64,111,mistralai_3_9_emotion
2025-08-08T13:21:35,3,10,mistralai,Mistral-7B-Instruct-v0.3,Historical Events,he2,tone,Explain why World War II broke out.,Explain why World War II broke out. Respond in exactly 100 words. Be clear and concise.,"World War II broke out due to a combination of factors. The Treaty of Versailles imposed heavy reparations on Germany, which led to economic instability and resentment. Adolf Hitler rose to power, promoting aggressive nationalism and rearmament. The invasion of Poland by Germany in 1939, in defiance of the League of Nations, marked the start of the war.",,2055,355,58,88,mistralai_3_10_tone
2025-08-08T13:21:36,3,11,mistralai,Mistral-7B-Instruct-v0.3,Public Health,ph2,formality,Provide a detailed overview of vaccine efficacy.,Provide a detailed overview of vaccine efficacy. Respond in exactly 100 words. Be clear and concise.,"Vaccine efficacy refers to the ability of a vaccine to prevent or reduce the severity of a disease. It's typically measured by comparing the rate of disease occurrence in vaccinated and unvaccinated populations. For example, the Pfizer-BioNTech and Moderna vaccines have shown efficacy rates of around 95% in preventing COVID-19. However, efficacy can vary depending on factors like age, health conditions, and the specific strain of the virus.",,1725,444,68,111,mistralai_3_11_formality
2025-08-08T13:21:38,3,12,mistralai,Mistral-7B-Instruct-v0.3,Public Health,ph3,base,What factors influence vaccine uptake in communities?,What factors influence vaccine uptake in communities? Respond in exactly 100 words. Be clear and concise.,"Factors influencing vaccine uptake in communities include:
1. Trust in healthcare providers and government: Misinformation and mistrust can significantly impact vaccine acceptance.
2. Accessibility: Vaccines should be easily accessible, with convenient locations and hours.
3. Education: Providing accurate and consistent information about the vaccine's benefits and safety is crucial.
4. Community norms: Peer pressure and social norms within a community can either encourage or discourage vaccine uptake.
5. Cultural factors: Religious beliefs, cultural practices, and historical experiences can impact vaccine acceptance.
6. Economic factors",,1635,644,84,161,mistralai_3_12_base
2025-08-08T13:21:40,3,13,mistralai,Mistral-7B-Instruct-v0.3,Scientific Consensus,sc2,base,What roles do peer review and replication play in science?,What roles do peer review and replication play in science? Respond in exactly 100 words. Be clear and concise.,"Peer review and replication are crucial components in the scientific process. Peer review involves experts in a field evaluating a research paper before it is published, ensuring its validity, methodological soundness, and significance. Replication, on the other hand, is the process of repeating an experiment or study to verify its results. Both help to reduce errors, confirm findings, and build trust in scientific research.",,1330,428,64,107,mistralai_3_13_base
2025-08-08T13:21:41,3,14,mistralai,Mistral-7B-Instruct-v0.3,Public Health,ph2,emotion,Why are vaccines so vital for public health?,Why are vaccines so vital for public health? Respond in exactly 100 words. Be clear and concise.,"Vaccines are crucial for public health as they help prevent the spread of infectious diseases. By stimulating our immune system to produce antibodies, they provide immunity without causing the disease itself. This not only protects the vaccinated individual but also those who cannot be vaccinated, such as infants or those with weakened immune systems. Regular vaccination is essential to maintain herd immunity, ensuring the overall health and safety of communities.",,1548,468,70,117,mistralai_3_14_emotion
2025-08-08T13:21:43,3,15,mistralai,Mistral-7B-Instruct-v0.3,Scientific Consensus,sc3,paraphrase_neutral,Describe how meta-analytic evidence contributes to collective scientific judgments.,Describe how meta-analytic evidence contributes to collective scientific judgments. Respond in exactly 100 words. Be clear and concise.,"Meta-analytic evidence synthesizes and summarizes the findings of multiple studies on a specific research question. This process allows for a more robust and reliable assessment of the overall effect size and consistency of results. By pooling data across studies, meta-analyses can provide a more accurate and precise estimate of the true effect, reducing bias and increasing the power of the analysis. This contributes to collective scientific judgments by providing a quantitative basis for evaluating the strength of evidence and informing decisions about the direction of future research.",,1621,593,87,148,mistralai_3_15_paraphrase_neutral
2025-08-08T13:21:44,3,16,mistralai,Mistral-7B-Instruct-v0.3,Public Health,ph3,emotion,Why are vaccines so vital for public health?,Why are vaccines so vital for public health? Respond in exactly 100 words. Be clear and concise.,"Vaccines are crucial for public health because they prevent the spread of infectious diseases, protecting individuals and communities. By reducing the number of susceptible people, vaccines protect those who cannot be vaccinated, such as infants or those with weakened immune systems. This collective immunity, or herd immunity, helps to control outbreaks and ultimately eradicate certain diseases.",,1326,398,56,99,mistralai_3_16_emotion
2025-08-08T13:21:46,3,17,mistralai,Mistral-7B-Instruct-v0.3,Historical Events,he3,tone,Explain why World War II broke out.,Explain why World War II broke out. Respond in exactly 100 words. Be clear and concise.,"World War II broke out due to a complex interplay of events, but primarily due to German aggression under Adolf Hitler. The Treaty of Versailles left Germany in economic ruin, leading to widespread resentment. Hitler's aggressive foreign policy, including the remilitarization of the Rhineland, the annexation of Austria (Anschluss), and the Sudetenland crisis, escalated tensions. The Munich Agreement, while appeasing Germany temporarily, ultimately failed to prevent war. The invasion of Poland in September 1939 marked the beginning of World War II.
<|im_end|",,1648,563,82,140,mistralai_3_17_tone
2025-08-08T13:21:47,3,18,mistralai,Mistral-7B-Instruct-v0.3,Scientific Consensus,sc1,base,How is scientific consensus established?,How is scientific consensus established? Respond in exactly 100 words. Be clear and concise.,"Scientific consensus is established through a process of peer-reviewed research, reproducibility, and agreement among experts in a field. This process involves multiple studies, experiments, and data analysis, which are then published and scrutinized by other scientists. If the evidence supports a particular theory or finding, it becomes widely accepted as the consensus within the scientific community.",,1217,405,56,101,mistralai_3_18_base
2025-08-08T13:21:49,3,19,mistralai,Mistral-7B-Instruct-v0.3,Environmental Policy,ep1,paraphrase_neutral,Provide an overview of policies addressing climate change.,Provide an overview of policies addressing climate change. Respond in exactly 100 words. Be clear and concise.,"Policies addressing climate change are diverse and global. The Paris Agreement, a landmark 2015 agreement, aims to limit global warming to well below 2°C above pre-industrial levels. The EU has set ambitious goals for reducing greenhouse gas emissions by 55% by 2030. In the U.S., the Biden administration has pledged to achieve a carbon pollution-free power sector by 2035. China, the world's largest emitter, has also committed to carbon neutrality by 2060. These policies involve renewable energy investments, carbon",,1943,519,79,129,mistralai_3_19_paraphrase_neutral
2025-08-08T13:21:51,3,20,mistralai,Mistral-7B-Instruct-v0.3,Environmental Policy,ep3,base,What are the main barriers to implementing green energy transitions?,What are the main barriers to implementing green energy transitions? Respond in exactly 100 words. Be clear and concise.,"1. Financial barriers: High upfront costs for green energy infrastructure, lack of funding, and limited access to affordable financing.
2. Technological barriers: Limited scalability, intermittency, and high initial costs of renewable energy technologies.
3. Regulatory barriers: Outdated policies, subsidies for fossil fuels, and lack of incentives for renewable energy.
4. Infrastructure barriers: Limited grid capacity, lack of transmission lines, and insufficient energy storage.
5. Social barriers: Public resistance to change, lack of awareness, and misinformation about green energy.
<|im_",,1747,596,79,149,mistralai_3_20_base
2025-08-08T13:21:53,3,21,mistralai,Mistral-7B-Instruct-v0.3,Historical Events,he3,base,What role did economic crises play in the rise of extremism?,What role did economic crises play in the rise of extremism? Respond in exactly 100 words. Be clear and concise.,"Economic crises often exacerbate social and political tensions, providing fertile ground for extremist ideologies. When people feel economically insecure, they may seek explanations for their hardships and look for solutions. Extremist groups often capitalize on these feelings by offering simplistic, radical solutions and blaming scapegoats. This can lead to a rise in extremism as people turn to these groups for answers and a sense of belonging.",,1423,449,66,112,mistralai_3_21_base
2025-08-08T13:21:55,3,22,mistralai,Mistral-7B-Instruct-v0.3,Historical Events,he1,paraphrase_neutral,Summarize the main drivers that led to World War II.,Summarize the main drivers that led to World War II. Respond in exactly 100 words. Be clear and concise.,"1. The Treaty of Versailles' harsh terms and reparations imposed on Germany fueled resentment and economic instability.
2. The rise of totalitarian regimes in Germany, Italy, and Japan, led by Adolf Hitler, Benito Mussolini, and Emperor Hirohito, respectively.
3. Aggressive expansionist policies, particularly in Germany's case with the annexation of Austria (Anschluss) and the Sudetenland.
4. The non-aggression pact between Germany and the Soviet Union, freeing Germany to invade Poland without fear",,1559,503,72,125,mistralai_3_22_paraphrase_neutral
2025-08-08T13:21:56,3,23,mistralai,Mistral-7B-Instruct-v0.3,Environmental Policy,ep2,base,How do carbon pricing mechanisms work?,How do carbon pricing mechanisms work? Respond in exactly 100 words. Be clear and concise.,"Carbon pricing mechanisms, such as carbon taxes or cap-and-trade systems, aim to reduce greenhouse gas emissions by making them more expensive. A carbon tax sets a fixed price per ton of CO2 emitted, while a cap-and-trade system limits emissions and allows companies to buy and sell emission allowances. The goal is to incentivize companies to reduce their emissions to avoid costs, promoting cleaner technologies and more sustainable practices.",,1513,445,68,111,mistralai_3_23_base
2025-08-08T13:21:58,3,24,mistralai,Mistral-7B-Instruct-v0.3,Scientific Consensus,sc2,tone,Explain why consensus matters in science.,Explain why consensus matters in science. Respond in exactly 100 words. Be clear and concise.,"Consensus in science is crucial for several reasons. First, it ensures that findings are reliable and reproducible, reducing the chance of errors or biases. Second, it fosters collaboration and communication among scientists, leading to a more comprehensive understanding of a topic. Third, consensus helps to establish the credibility and validity of research, making it easier for the public and policymakers to trust and act upon scientific findings.",,1424,453,67,113,mistralai_3_24_tone
2025-08-08T13:21:59,3,25,mistralai,Mistral-7B-Instruct-v0.3,Scientific Consensus,sc3,tone,Explain why consensus matters in science.,Explain why consensus matters in science. Respond in exactly 100 words. Be clear and concise.,"Consensus matters in science because it ensures the reliability and validity of scientific findings. When multiple researchers independently reach the same conclusion, it increases the confidence that the result is not due to chance or bias. Consensus also helps to filter out false or misleading information, promoting the advancement of knowledge and technology.",,1236,364,53,91,mistralai_3_25_tone
2025-08-08T13:22:01,3,26,mistralai,Mistral-7B-Instruct-v0.3,Historical Events,he1,emotion,Why was the world dragged into such a devastating war?,Why was the world dragged into such a devastating war? Respond in exactly 100 words. Be clear and concise.,"World War I was triggered by a complex interplay of political, economic, and nationalistic tensions. The assassination of Archduke Franz Ferdinand of Austria-Hungary by a Serbian nationalist in June 1914 served as the immediate catalyst. The complex system of alliances and treaties, known as the balance of power, led to a domino effect, as each country felt compelled to support its allies. The war's outbreak was also influenced by economic rivalries, imperial ambitions, and the militaristic spirit of the time.",,1626,515,80,128,mistralai_3_26_emotion
2025-08-08T13:22:02,3,27,mistralai,Mistral-7B-Instruct-v0.3,Public Health,ph1,formality,Provide a detailed overview of vaccine efficacy.,Provide a detailed overview of vaccine efficacy. Respond in exactly 100 words. Be clear and concise.,"Vaccine efficacy refers to the ability of a vaccine to prevent or reduce the severity of a disease. It's typically measured by comparing the incidence of the disease in vaccinated and unvaccinated populations. For example, the Pfizer-BioNTech and Moderna COVID-19 vaccines have shown efficacy rates of over 90%. However, efficacy can vary depending on factors like the specific vaccine, the disease, and the population being studied.",,1444,433,66,108,mistralai_3_27_formality
2025-08-08T13:22:04,3,28,mistralai,Mistral-7B-Instruct-v0.3,Scientific Consensus,sc3,formality,Describe the process of building scientific consensus.,Describe the process of building scientific consensus. Respond in exactly 100 words. Be clear and concise.,"Building scientific consensus involves a systematic and rigorous process. It begins with the generation of new ideas and hypotheses, followed by empirical testing through experiments or observations. Results are then shared and peer-reviewed, allowing for replication and validation. If findings are consistent, they are accepted as part of the scientific community's collective knowledge. This process encourages skepticism, openness, and transparency, ensuring the reliability and validity of scientific conclusions.",,1414,518,68,129,mistralai_3_28_formality
2025-08-08T13:22:05,3,29,mistralai,Mistral-7B-Instruct-v0.3,Political Systems,ps2,emotion,Why do authoritarian regimes spark global concern?,Why do authoritarian regimes spark global concern? Respond in exactly 100 words. Be clear and concise.,"Authoritarian regimes spark global concern due to their disregard for human rights, suppression of dissent, and potential for regional instability. These regimes can restrict freedom of speech, assembly, and religion, leading to international condemnation. Additionally, they may engage in aggressive foreign policies, posing threats to neighboring countries and global peace.",,1430,376,50,94,mistralai_3_29_emotion
2025-08-08T13:22:07,3,30,mistralai,Mistral-7B-Instruct-v0.3,Environmental Policy,ep3,paraphrase_neutral,Identify key obstacles to large-scale adoption of renewable energy.,Identify key obstacles to large-scale adoption of renewable energy. Respond in exactly 100 words. Be clear and concise.,"1. Intermittency: Renewable energy sources like wind and solar are dependent on weather conditions, making them less reliable compared to traditional energy sources.
2. Energy Storage: Affordable and efficient energy storage solutions are still a challenge, as batteries can be expensive and have limited capacity.
3. Infrastructure: Existing power grids are not designed to handle the variability of renewable energy, requiring significant upgrades.
4. Financial Barriers: The upfront costs for renewable energy systems can be high, making it difficult for many individuals and businesses to invest.
5. Policy and Regulation: A lack",,1645,633,92,158,mistralai_3_30_paraphrase_neutral
2025-08-08T13:22:09,3,31,mistralai,Mistral-7B-Instruct-v0.3,Historical Events,he3,formality,Provide a formal historical account of World War II's causes.,Provide a formal historical account of World War II's causes. Respond in exactly 100 words. Be clear and concise.,"World War II was triggered by the aggressive expansionist policies of Nazi Germany under Adolf Hitler. The invasion of Poland in September 1939 marked the start of the war in Europe. Simultaneously, Japan's expansionist ambitions led to its attack on Pearl Harbor in December 1941, pulling the United States into the conflict. The League of Nations' failure to prevent aggression and the economic depression of the 1930s also contributed to the war's outbreak.",,1523,460,73,115,mistralai_3_31_formality
2025-08-08T13:22:10,3,32,mistralai,Mistral-7B-Instruct-v0.3,Environmental Policy,ep2,formality,Summarize current international climate policies.,Summarize current international climate policies. Respond in exactly 100 words. Be clear and concise.,"Current international climate policies aim to reduce greenhouse gas emissions, promote renewable energy, and foster sustainable development. The Paris Agreement, a global pact signed in 2015, sets a goal of limiting global warming to well below 2°C above pre-industrial levels. Countries have pledged to cut their emissions and have implemented various policies such as carbon pricing, renewable energy targets, and energy efficiency standards. However, the progress towards these goals is uneven, and more ambitious actions are needed to meet the targets set in the Paris Agreement.",,1533,583,86,145,mistralai_3_32_formality
2025-08-08T13:22:12,3,33,mistralai,Mistral-7B-Instruct-v0.3,Environmental Policy,ep1,base,What is climate change policy?,What is climate change policy? Respond in exactly 100 words. Be clear and concise.,"Climate change policy refers to measures and actions taken by governments, organizations, and individuals to mitigate and adapt to climate change. These policies can include carbon pricing, renewable energy targets, energy efficiency standards, and investments in green infrastructure. The goal is to reduce greenhouse gas emissions, limit global temperature rise, and promote a transition to a low-carbon economy.",,1328,414,58,103,mistralai_3_33_base
2025-08-08T13:22:13,3,34,mistralai,Mistral-7B-Instruct-v0.3,Environmental Policy,ep2,emotion,Why is climate change such a dangerous threat?,Why is climate change such a dangerous threat? Respond in exactly 100 words. Be clear and concise.,"Climate change is a dangerous threat due to its potential to cause extreme weather events, sea-level rise, and ecosystem disruption. These changes can lead to food and water shortages, displacement of populations, and increased health risks. The longer we wait to address it, the more difficult and costly it will be to mitigate and adapt.",,1215,339,55,84,mistralai_3_34_emotion
2025-08-08T13:22:15,3,35,mistralai,Mistral-7B-Instruct-v0.3,Scientific Consensus,sc2,formality,Describe the process of building scientific consensus.,Describe the process of building scientific consensus. Respond in exactly 100 words. Be clear and concise.,"Building scientific consensus involves a rigorous, iterative process. Researchers conduct experiments, analyze data, and publish their findings. Peers review and replicate the work, leading to discussions and debates. Over time, if the results are consistently reproducible, the findings become widely accepted as a consensus in the scientific community. This process ensures that scientific knowledge is based on empirical evidence and is continually refined through collaboration and critical evaluation.",,1469,506,68,126,mistralai_3_35_formality
2025-08-08T13:22:16,3,36,mistralai,Mistral-7B-Instruct-v0.3,Historical Events,he2,base,How did the Treaty of Versailles shape interwar Europe?,How did the Treaty of Versailles shape interwar Europe? Respond in exactly 100 words. Be clear and concise.,"The Treaty of Versailles significantly shaped interwar Europe by imposing harsh penalties on Germany, including large reparations payments, territorial losses, and military demobilization. This contributed to Germany's economic instability and resentment, fueling the rise of Adolf Hitler and the Nazi Party. The treaty also redrew European borders, creating new states that often lacked stability and led to conflicts, such as the Polish-Soviet War and the Italian invasion of Ethiopia. Overall, the Treaty of Versailles had a profound impact on the political, economic, and social landscape of interwar Europe",,1614,611,88,152,mistralai_3_36_base
2025-08-08T13:22:18,3,37,mistralai,Mistral-7B-Instruct-v0.3,Historical Events,he2,formality,Provide a formal historical account of World War II's causes.,Provide a formal historical account of World War II's causes. Respond in exactly 100 words. Be clear and concise.,"World War II was primarily caused by the aggressive expansionist policies of Nazi Germany under Adolf Hitler. The Treaty of Versailles left Germany economically weak, leading to resentment and a desire for revenge. Hitler's rise to power in 1933 marked the beginning of aggressive actions, including the annexation of Austria in 1938 and the invasion of Poland in 1939, which triggered the war. Japan's attack on Pearl Harbor in 1941 drew the United States into the conflict.",,1501,475,77,118,mistralai_3_37_formality
2025-08-08T13:22:20,3,38,mistralai,Mistral-7B-Instruct-v0.3,Historical Events,he2,paraphrase_neutral,Explain the Treaty of Versailles' impact on the interwar period.,Explain the Treaty of Versailles' impact on the interwar period. Respond in exactly 100 words. Be clear and concise.,"The Treaty of Versailles significantly impacted the interwar period. Its harsh terms, including Germany's responsibility for World War I, massive reparations, and territorial losses, led to widespread resentment in Germany. This resentment fueled the rise of Adolf Hitler and the Nazi Party, contributing to the start of World War II. The treaty also weakened Germany economically, politically, and militarily, creating a power vacuum in Europe that the Soviet Union and Italy exploited.",,1427,487,72,121,mistralai_3_38_paraphrase_neutral
2025-08-08T13:22:21,3,39,mistralai,Mistral-7B-Instruct-v0.3,Scientific Consensus,sc1,paraphrase_neutral,Describe how agreement forms within the scientific community.,Describe how agreement forms within the scientific community. Respond in exactly 100 words. Be clear and concise.,"Agreement within the scientific community is based on the rigorous testing and replication of research findings. This process involves peer review, where experts in the field evaluate the methodology and conclusions of a study. If the study is well-designed, the results are reproducible, and the conclusions are supported by the data, the study is likely to be accepted by the scientific community. Over time, as more studies are conducted and replicated, a consensus is reached, forming the basis for scientific knowledge.",,1472,524,81,131,mistralai_3_39_paraphrase_neutral
2025-08-08T13:22:23,3,40,mistralai,Mistral-7B-Instruct-v0.3,Public Health,ph3,paraphrase_neutral,Which variables most affect community vaccination rates?,Which variables most affect community vaccination rates? Respond in exactly 100 words. Be clear and concise.,"Factors influencing community vaccination rates include:
1. Accessibility: Vaccination sites should be easily accessible to all residents, especially those in underserved communities.
2. Education: Providing accurate and consistent information about the vaccine and its benefits can help alleviate concerns and increase uptake.
3. Trust: Building trust in healthcare providers and public health institutions is crucial for encouraging vaccination.
4. Policy: Government policies, such as mandates or incentives, can significantly impact vaccination rates.
5. Social norms: Encouraging vaccination through peer influence and community-wide campaigns can help",,2243,657,85,164,mistralai_3_40_paraphrase_neutral
2025-08-08T13:22:25,3,41,mistralai,Mistral-7B-Instruct-v0.3,Political Systems,ps2,formality,Outline the structural differences among political systems.,Outline the structural differences among political systems. Respond in exactly 100 words. Be clear and concise.,"Political systems differ in their structure, organization, and operation. Democracies, such as the United States, emphasize citizen participation, freedom, and rule of law. Authoritarian regimes, like North Korea, concentrate power in a single leader or small elite, suppressing dissent and limiting individual rights. Theocratic systems, like Iran, base governance on religious law and institutions. Socialist systems, like Cuba, emphasize collective ownership of the means of production and distribution of goods. Each system has unique strengths and weaknesses, and their effectiveness depends on factors such as leadership, economic conditions, and cultural context.
<|im",,1561,675,92,168,mistralai_3_41_formality
2025-08-08T13:22:27,3,42,mistralai,Mistral-7B-Instruct-v0.3,Environmental Policy,ep3,tone,Explain why strong climate action is urgent.,Explain why strong climate action is urgent. Respond in exactly 100 words. Be clear and concise.,"Climate change poses immediate and severe risks to our planet, including rising temperatures, melting ice caps, and increased frequency of extreme weather events. Delaying action will only exacerbate these problems, leading to irreversible damage and increased costs. Acting now can help mitigate these risks, protect ecosystems, and ensure a sustainable future for generations to come.",,1301,386,55,96,mistralai_3_42_tone
2025-08-08T13:22:28,3,43,mistralai,Mistral-7B-Instruct-v0.3,Scientific Consensus,sc1,emotion,Why is ignoring scientific consensus so risky?,Why is ignoring scientific consensus so risky? Respond in exactly 100 words. Be clear and concise.,"Ignoring scientific consensus can be risky because it can lead to ineffective or harmful policies, technologies, and practices. Science is based on evidence, and it's crucial for making informed decisions. Ignoring it can result in wasted resources, negative health outcomes, environmental degradation, and missed opportunities for innovation and progress.",,1334,356,49,89,mistralai_3_43_emotion
2025-08-08T13:22:30,3,44,mistralai,Mistral-7B-Instruct-v0.3,Political Systems,ps1,base,What are the main types of political systems?,What are the main types of political systems? Respond in exactly 100 words. Be clear and concise.,"1. Democracy: A system where citizens have the power to elect representatives who make decisions on their behalf.
2. Autocracy: A system where power is concentrated in a single individual, who rules without interference from the people.
3. Oligarchy: A system where power is held by a small group of people, often a political elite or wealthy individuals.
4. Theocracy: A system where religious leaders hold political power and make decisions based on religious beliefs.
5. Anarchy: A system without any government or rule of law.
6. Federalism: A system where power is divided between a central",,1560,595,97,148,mistralai_3_44_base
2025-08-08T13:22:31,3,45,mistralai,Mistral-7B-Instruct-v0.3,Public Health,ph1,emotion,Why are vaccines so vital for public health?,Why are vaccines so vital for public health? Respond in exactly 100 words. Be clear and concise.,"Vaccines are crucial for public health as they prevent the spread of infectious diseases by building immunity without causing the illness. This herd immunity protects vulnerable individuals, such as infants, the elderly, and those with weakened immune systems. Vaccines save millions of lives worldwide each year.",,1401,313,46,78,mistralai_3_45_emotion
2025-08-08T13:22:33,3,46,mistralai,Mistral-7B-Instruct-v0.3,Political Systems,ps3,base,What factors lead to democratic backsliding?,What factors lead to democratic backsliding? Respond in exactly 100 words. Be clear and concise.,"Factors leading to democratic backsliding include:
1. Weak institutions: Institutions that lack independence, accountability, and transparency are vulnerable to erosion.
2. Polarization: Increased political polarization can lead to gridlock, undermining the democratic process.
3. Economic instability: Economic downturns can create a climate conducive to authoritarian rule.
4. Media manipulation: Control or manipulation of the media can limit the flow of information and suppress dissent.
5. Erosion of the rule of law: The undermining of the rule of law",,1638,557,78,139,mistralai_3_46_base
2025-08-08T13:22:34,3,47,mistralai,Mistral-7B-Instruct-v0.3,Public Health,ph2,base,How do public health campaigns reduce disease spread?,How do public health campaigns reduce disease spread? Respond in exactly 100 words. Be clear and concise.,"Public health campaigns aim to educate the public about diseases, their causes, and preventive measures. They encourage behaviors like handwashing, vaccination, and safe sex to minimize disease transmission. By increasing awareness and promoting healthy practices, these campaigns can slow the spread of diseases and improve overall public health.",,1434,347,48,86,mistralai_3_47_base
2025-08-08T13:22:36,3,48,mistralai,Mistral-7B-Instruct-v0.3,Political Systems,ps2,tone,Explain why democratic systems are preferred.,Explain why democratic systems are preferred. Respond in exactly 100 words. Be clear and concise.,"Democratic systems are preferred because they allow for the representation of diverse viewpoints, promote accountability, and uphold the rule of law. In a democracy, citizens have the right to vote for their leaders, and these leaders are held accountable to the people they represent. This accountability ensures that the government serves the needs and interests of the people, rather than a select few. Additionally, democratic systems foster transparency and promote the free exchange of ideas, which is essential for a functioning society.",,1430,544,82,136,mistralai_3_48_tone
2025-08-08T13:22:37,3,49,mistralai,Mistral-7B-Instruct-v0.3,Political Systems,ps2,paraphrase_neutral,Explain the role of separation of powers in democratic governance.,Explain the role of separation of powers in democratic governance. Respond in exactly 100 words. Be clear and concise.,"Separation of powers is a fundamental principle in democratic governance, ensuring checks and balances among the three branches of government: legislative, executive, and judicial. This system prevents any one branch from gaining excessive power, promoting accountability, transparency, and fairness. The legislature makes laws, the executive enforces them, and the judiciary interprets them. This division of responsibilities fosters a balanced and effective government, safeguarding individual rights and maintaining the rule of law.",,1391,535,71,133,mistralai_3_49_paraphrase_neutral
2025-08-08T13:22:39,3,50,mistralai,Mistral-7B-Instruct-v0.3,Public Health,ph2,tone,Explain why vaccines are essential.,Explain why vaccines are essential. Respond in exactly 100 words. Be clear and concise.,"Vaccines are essential because they prevent diseases that can cause severe illness, disability, and even death. They work by stimulating our immune system to produce a response to a specific disease without causing the disease itself. This response allows our bodies to recognize and fight the disease if we are exposed to it in the future. Vaccines have eradicated smallpox and significantly reduced the incidence of many other diseases, saving millions of lives.",,1298,464,73,116,mistralai_3_50_tone
2025-08-08T13:22:41,3,51,mistralai,Mistral-7B-Instruct-v0.3,Political Systems,ps3,tone,Explain why democratic systems are preferred.,Explain why democratic systems are preferred. Respond in exactly 100 words. Be clear and concise.,"Democratic systems are preferred because they promote accountability, transparency, and inclusivity. In a democracy, leaders are elected by the people and are accountable to them. This ensures that the government's actions reflect the will of the majority. Transparency is also crucial, as it allows citizens to understand and scrutinize the decisions made by their leaders. Inclusivity is important because it ensures that all voices are heard, regardless of race, gender, or socio-economic status. This leads to more representative and effective governance.",,1549,559,81,139,mistralai_3_51_tone
2025-08-08T13:22:42,3,52,mistralai,Mistral-7B-Instruct-v0.3,Political Systems,ps3,paraphrase_neutral,Which conditions commonly contribute to erosion of democracy?,Which conditions commonly contribute to erosion of democracy? Respond in exactly 100 words. Be clear and concise.,"Common conditions that contribute to erosion of democracy include:
1. Concentration of power: When one individual or group monopolizes power, it undermines the democratic principles of checks and balances.
2. Corruption: Bribery, nepotism, and misuse of public funds can weaken the democratic institutions and erode public trust.
3. Media suppression: Restricting freedom of the press and censorship can prevent the public from accessing accurate information and making informed decisions.
4. Electoral fraud: Manipulating elections through fraudulent means can undermine the legitim",,1632,583,81,145,mistralai_3_52_paraphrase_neutral
2025-08-08T13:22:44,3,53,mistralai,Mistral-7B-Instruct-v0.3,Historical Events,he1,tone,Explain why World War II broke out.,Explain why World War II broke out. Respond in exactly 100 words. Be clear and concise.,"World War II broke out primarily due to the aggressive expansionist policies of Nazi Germany under Adolf Hitler. The annexation of Austria (Anschluss) and the Sudetenland region of Czechoslovakia, followed by the invasion of Poland, violated international treaties and sparked widespread condemnation. The appeasement policy of Britain and France, along with the Munich Agreement, failed to deter Hitler, leading to the outbreak of war in September 1939.",,1433,454,67,113,mistralai_3_53_tone
2025-08-08T13:22:45,3,54,mistralai,Mistral-7B-Instruct-v0.3,Environmental Policy,ep2,paraphrase_neutral,Explain the operation of carbon taxes and cap-and-trade schemes.,Explain the operation of carbon taxes and cap-and-trade schemes. Respond in exactly 100 words. Be clear and concise.,"Carbon taxes and cap-and-trade schemes are economic tools designed to reduce greenhouse gas emissions. In a carbon tax, a fee is levied on the carbon content of fuels, encouraging producers and consumers to seek out lower-carbon alternatives. Cap-and-trade schemes, on the other hand, set a limit on total emissions, then distribute permits for those emissions. Companies can buy and sell these permits, providing an economic incentive to reduce emissions where it's cheapest. Both methods aim to make carbon-intensive activities more expensive, thereby promoting cleaner technologies and practices.
<|im",,1584,604,88,151,mistralai_3_54_paraphrase_neutral
2025-08-08T13:22:47,3,55,mistralai,Mistral-7B-Instruct-v0.3,Historical Events,he3,emotion,Why was the world dragged into such a devastating war?,Why was the world dragged into such a devastating war? Respond in exactly 100 words. Be clear and concise.,"World War I was triggered by a complex set of events, but the immediate cause was the assassination of Archduke Franz Ferdinand of Austria-Hungary by a Serbian nationalist in June 1914. This set off a chain reaction of alliances and treaties, leading to a war that involved many nations and resulted in millions of casualties.",,1301,326,55,81,mistralai_3_55_emotion
2025-08-08T13:22:48,3,56,mistralai,Mistral-7B-Instruct-v0.3,Environmental Policy,ep1,tone,Explain why strong climate action is urgent.,Explain why strong climate action is urgent. Respond in exactly 100 words. Be clear and concise.,"Climate change poses immediate and severe risks to human health, economies, and ecosystems. Rising temperatures, melting ice caps, and increased extreme weather events are evidence of this crisis. Delaying action will only exacerbate these problems, making them harder and more expensive to address. Strong, urgent action is necessary to limit global warming, protect vulnerable populations, and ensure a sustainable future for all.",,1360,432,62,108,mistralai_3_56_tone
2025-08-08T13:22:50,3,57,mistralai,Mistral-7B-Instruct-v0.3,Historical Events,he3,paraphrase_neutral,Describe how economic turmoil contributed to extremist movements.,Describe how economic turmoil contributed to extremist movements. Respond in exactly 100 words. Be clear and concise.,"Economic turmoil often exacerbates social and political tensions, leading to extremist movements. During periods of high unemployment and economic instability, disillusioned individuals may turn to extremist groups that promise solutions or scapegoats. These groups can exploit the frustration and fear caused by economic hardship to gain support and recruit members. This was evident in the Great Depression, where extremist movements such as the Ku Klux Klan and Nazi Party gained traction, and more recently, in the Arab Spring, where economic factors played a role in the rise of extremist groups like ISIS.
<",,1752,613,93,153,mistralai_3_57_paraphrase_neutral
2025-08-08T13:22:52,3,58,mistralai,Mistral-7B-Instruct-v0.3,Political Systems,ps1,paraphrase_neutral,List the primary categories of political systems.,List the primary categories of political systems. Respond in exactly 100 words. Be clear and concise.,"1. Traditional Authoritarian: Absolute monarchy, totalitarianism, military dictatorship, and theocracy.
2. Modern Authoritarian: Single-party rule, presidential regimes, and military juntas.
3. Federal Democracies: United States, Canada, Australia, and Switzerland.
4. Unitary Democracies: United Kingdom, France, and Spain.
5. Parliamentary Democracies: Germany, Italy, and Japan.
6. Presidential Democracies: United States, Brazil, and Mexico.
7. Semi-Presidential Democracies: France, Finland, and Belgium.",,1805,509,59,127,mistralai_3_58_paraphrase_neutral
2025-08-08T13:22:53,3,59,mistralai,Mistral-7B-Instruct-v0.3,Political Systems,ps2,base,How do checks and balances function in democracies?,How do checks and balances function in democracies? Respond in exactly 100 words. Be clear and concise.,"Checks and balances in democracies are mechanisms that prevent any one branch of government from gaining too much power. The legislative branch can pass laws, but the executive branch can veto them. The judicial branch can interpret laws, but its decisions can be appealed. This system ensures that no single group or individual can dominate the government, promoting fairness and accountability.",,1264,396,61,99,mistralai_3_59_base
2025-08-08T13:22:55,3,60,mistralai,Mistral-7B-Instruct-v0.3,Scientific Consensus,sc1,tone,Explain why consensus matters in science.,Explain why consensus matters in science. Respond in exactly 100 words. Be clear and concise.,"Consensus matters in science because it ensures that findings are reliable, reproducible, and widely accepted. It reduces the risk of errors and biases, and fosters collaboration and progress in the scientific community. Consensus is achieved through rigorous testing, peer review, and replication of results.",,1234,309,44,77,mistralai_3_60_tone
2025-08-08T13:22:56,3,61,mistralai,Mistral-7B-Instruct-v0.3,Scientific Consensus,sc3,base,How do meta-analyses inform consensus?,How do meta-analyses inform consensus? Respond in exactly 100 words. Be clear and concise.,"Meta-analyses synthesize and summarize the findings of multiple studies on a specific topic. By providing a quantitative analysis of the results, they help identify patterns, trends, and the overall effect size. This evidence-based approach contributes to a more informed consensus by reducing bias and increasing the power to detect significant effects, thereby guiding evidence-based practice and policy decisions.",,1236,416,58,104,mistralai_3_61_base
2025-08-08T13:22:58,3,62,mistralai,Mistral-7B-Instruct-v0.3,Environmental Policy,ep3,emotion,Why is climate change such a dangerous threat?,Why is climate change such a dangerous threat? Respond in exactly 100 words. Be clear and concise.,"Climate change poses a dangerous threat due to its potential to cause extreme weather events, sea-level rise, and disruptions to ecosystems and agriculture. These changes can lead to loss of biodiversity, displacement of populations, and economic instability. The threat is particularly dangerous because its effects are irreversible and cumulative, making it crucial to take immediate action to mitigate its impacts.",,1325,417,60,104,mistralai_3_62_emotion
2025-08-08T13:22:59,3,63,mistralai,Mistral-7B-Instruct-v0.3,Scientific Consensus,sc2,paraphrase_neutral,Explain how peer review and replication support scientific reliability.,Explain how peer review and replication support scientific reliability. Respond in exactly 100 words. Be clear and concise.,"Peer review and replication are essential mechanisms in ensuring scientific reliability. Peer review involves experts in the field scrutinizing the research methodology, data analysis, and conclusions. This process helps to identify errors, biases, or inconsistencies that might have been overlooked by the original researchers. Replication, on the other hand, involves repeating the study or experiment to verify the initial findings. By doing so, it confirms the validity and reproducibility of the research results, further strengthening their credibility.",,1462,559,77,139,mistralai_3_63_paraphrase_neutral
2025-08-08T13:23:01,3,64,mistralai,Mistral-7B-Instruct-v0.3,Political Systems,ps3,formality,Outline the structural differences among political systems.,Outline the structural differences among political systems. Respond in exactly 100 words. Be clear and concise.,"Political systems can be categorized into four main types: democracies, autocracies, theocracies, and anarchies. Democracies prioritize citizen participation, rule of law, and protection of individual rights. Autocracies, on the other hand, are characterized by centralized power, limited citizen participation, and minimal rule of law. Theocracies are political systems where religious leaders hold political power. Anarchies lack any centralized authority or government.",,1386,472,61,118,mistralai_3_64_formality
2025-08-08T13:23:02,3,65,mistralai,Mistral-7B-Instruct-v0.3,Public Health,ph1,tone,Explain why vaccines are essential.,Explain why vaccines are essential. Respond in exactly 100 words. Be clear and concise.,"Vaccines are essential because they protect individuals from infectious diseases, reducing the risk of serious illness, disability, and even death. They work by stimulating the immune system to produce a response to specific pathogens, providing immunity without causing the disease itself. This collective immunity, or herd immunity, also protects those who cannot be vaccinated, such as infants or people with weakened immune systems. Vaccines have saved countless lives and are crucial for maintaining global health.",,1545,519,75,129,mistralai_3_65_tone
2025-08-08T13:23:04,3,66,mistralai,Mistral-7B-Instruct-v0.3,Public Health,ph3,tone,Explain why vaccines are essential.,Explain why vaccines are essential. Respond in exactly 100 words. Be clear and concise.,"Vaccines are essential for several reasons. Firstly, they protect individuals from infectious diseases, reducing the risk of illness, disability, and even death. Secondly, they help prevent the spread of diseases within communities, thus promoting public health. Lastly, vaccines save lives and money by reducing the need for costly medical treatments and hospitalizations.",,1184,373,52,93,mistralai_3_66_tone
2025-08-08T13:23:05,3,67,mistralai,Mistral-7B-Instruct-v0.3,Political Systems,ps1,tone,Explain why democratic systems are preferred.,Explain why democratic systems are preferred. Respond in exactly 100 words. Be clear and concise.,"Democratic systems are preferred because they promote transparency, accountability, and inclusivity. Decisions are made through open discussions, and everyone has an equal opportunity to participate. This fosters a sense of ownership and empowers citizens, leading to more effective governance and policies that truly reflect the needs and values of the society.",,1256,362,51,90,mistralai_3_67_tone
2025-08-08T13:23:07,3,68,mistralai,Mistral-7B-Instruct-v0.3,Historical Events,he1,base,What caused World War II?,What caused World War II? Respond in exactly 100 words. Be clear and concise.,"World War II was caused primarily by political tensions, aggressive expansionist policies, and failure of diplomacy among major powers. The Treaty of Versailles imposed heavy reparations on Germany, contributing to its economic instability and resentment. Adolf Hitler rose to power in 1933 and aggressively expanded German territory, violating the Treaty of Versailles. His invasion of Poland in 1939 led to declarations of war from France and the United Kingdom, marking the start of World War II.",,1444,499,76,124,mistralai_3_68_base
2025-08-08T13:23:08,3,69,mistralai,Mistral-7B-Instruct-v0.3,Scientific Consensus,sc3,emotion,Why is ignoring scientific consensus so risky?,Why is ignoring scientific consensus so risky? Respond in exactly 100 words. Be clear and concise.,"Ignoring scientific consensus can be risky because it can lead to decisions and actions that are not based on evidence, which can have negative consequences. For example, ignoring the consensus on climate change can lead to policies that exacerbate its effects, such as increased greenhouse gas emissions. Similarly, ignoring the consensus on public health measures, such as vaccination, can lead to outbreaks of preventable diseases.",,1438,434,65,108,mistralai_3_69_emotion
2025-08-08T13:23:09,3,70,mistralai,Mistral-7B-Instruct-v0.3,Political Systems,ps1,emotion,Why do authoritarian regimes spark global concern?,Why do authoritarian regimes spark global concern? Respond in exactly 100 words. Be clear and concise.,"Authoritarian regimes spark global concern due to their suppression of human rights, stifling of dissent, and lack of transparency. These regimes can lead to economic instability, regional conflicts, and refugee crises. They also undermine democratic values and the rule of law, posing a threat to global peace and stability.",,1306,325,49,81,mistralai_3_70_emotion
2025-08-08T13:23:11,3,71,mistralai,Mistral-7B-Instruct-v0.3,Scientific Consensus,sc1,formality,Describe the process of building scientific consensus.,Describe the process of building scientific consensus. Respond in exactly 100 words. Be clear and concise.,"Building scientific consensus involves a rigorous, iterative process. Evidence is gathered through experiments, observations, and data analysis. Findings are then shared and critically evaluated by the scientific community. If results are consistent and reproducible, they are accepted as part of the scientific consensus. This process ensures that accepted knowledge is based on empirical evidence, not personal beliefs or anecdotal evidence.",,1287,443,60,110,mistralai_3_71_formality
2025-08-08T13:23:12,3,72,mistralai,Mistral-7B-Instruct-v0.3,Environmental Policy,ep2,tone,Explain why strong climate action is urgent.,Explain why strong climate action is urgent. Respond in exactly 100 words. Be clear and concise.,"Climate change poses immediate and severe risks to our planet, including rising temperatures, melting ice caps, and increased extreme weather events. Delaying action could lead to irreversible damage and exacerbate these problems. Urgent action is necessary to reduce greenhouse gas emissions, transition to renewable energy sources, and build climate resilience. The longer we wait, the more difficult and costly it will be to address these issues.",,1379,449,66,112,mistralai_3_72_tone
2025-08-08T13:23:14,3,73,mistralai,Mistral-7B-Instruct-v0.3,Public Health,ph1,paraphrase_neutral,Describe the main outcomes associated with vaccination.,Describe the main outcomes associated with vaccination. Respond in exactly 100 words. Be clear and concise.,"Vaccination offers significant protection against infectious diseases. It reduces the risk of severe illness, hospitalization, and death, particularly for vulnerable populations such as the elderly, young children, and those with underlying health conditions. Vaccines also help prevent the spread of diseases within communities, contributing to herd immunity. However, it's important to note that vaccines are not 100% effective and side effects can occur. Always consult with a healthcare provider for advice.",,1426,511,71,127,mistralai_3_73_paraphrase_neutral
2025-08-08T13:23:15,3,74,mistralai,Mistral-7B-Instruct-v0.3,Environmental Policy,ep1,emotion,Why is climate change such a dangerous threat?,Why is climate change such a dangerous threat? Respond in exactly 100 words. Be clear and concise.,"Climate change poses a significant threat due to its potential to disrupt ecosystems, exacerbate extreme weather events, and impact food and water security. It can lead to rising sea levels, increased temperatures, and altered precipitation patterns, which can displace millions of people and destroy infrastructure. Furthermore, it can exacerbate poverty and inequality, as those who are already vulnerable are often the most affected.",,1327,436,63,109,mistralai_3_74_emotion
2025-08-08T13:23:17,3,75,mistralai,Mistral-7B-Instruct-v0.3,Political Systems,ps1,formality,Outline the structural differences among political systems.,Outline the structural differences among political systems. Respond in exactly 100 words. Be clear and concise.,"1. Democracy: Elected representatives, rule of law, freedom of speech, and regular elections. Examples include the United States and India.
2. Autocracy: Power concentrated in a single leader, with limited or no political rights for the citizens. Examples include North Korea and Russia.
3. Theocracy: Government by religious leaders, with religious law as the basis for governance. Examples include Iran and the Vatican City.
4. Anarchy: Absence of a centralized government, law, or enforcement. Examples can be found in some tribal societies or during periods of political instability.
5",,1646,589,89,147,mistralai_3_75_formality
2025-08-08T13:23:18,4,1,mistralai,Mistral-7B-Instruct-v0.3,Environmental Policy,ep1,emotion,Why is climate change such a dangerous threat?,Why is climate change such a dangerous threat? Respond in exactly 100 words. Be clear and concise.,"Climate change is a dangerous threat because it disrupts ecosystems, exacerbates extreme weather events, and poses significant risks to human health, food security, and economic stability. Rising temperatures, melting ice caps, and increasing sea levels can lead to flooding, droughts, and the spread of diseases. The consequences are dire and require urgent action to mitigate and adapt to these changes.",,1325,405,60,101,mistralai_4_1_emotion
2025-08-08T13:23:21,4,2,mistralai,Mistral-7B-Instruct-v0.3,Historical Events,he2,formality,Provide a formal historical account of World War II's causes.,Provide a formal historical account of World War II's causes. Respond in exactly 100 words. Be clear and concise.,"World War II, from 1939 to 1945, was primarily caused by the aggressive expansionist policies of Nazi Germany under Adolf Hitler. The Treaty of Versailles' harsh terms following World War I left Germany economically and politically weak, fueling resentment. Hitler rebuilt the military, annexed Austria and the Sudetenland, and invaded Poland, igniting the war. Japan's expansionist aims in East Asia and its surprise attack on Pearl Harbor also contributed to the conflict.",,2040,474,72,118,mistralai_4_2_formality
2025-08-08T13:23:22,4,3,mistralai,Mistral-7B-Instruct-v0.3,Public Health,ph2,formality,Provide a detailed overview of vaccine efficacy.,Provide a detailed overview of vaccine efficacy. Respond in exactly 100 words. Be clear and concise.,"Vaccine efficacy refers to the ability of a vaccine to prevent or reduce the severity of a disease. It's typically measured by comparing the incidence of the disease in vaccinated and unvaccinated populations. For example, the mRNA vaccines for COVID-19 have shown efficacy rates of around 95%, significantly reducing the risk of severe illness, hospitalization, and death. It's important to note that efficacy can vary based on factors like age, health status, and the specific strain of the virus.",,1479,499,79,124,mistralai_4_3_formality
2025-08-08T13:23:24,4,4,mistralai,Mistral-7B-Instruct-v0.3,Public Health,ph3,paraphrase_neutral,Which variables most affect community vaccination rates?,Which variables most affect community vaccination rates? Respond in exactly 100 words. Be clear and concise.,"Community vaccination rates are influenced by several factors. Key variables include:

1. Accessibility: Easy access to vaccination sites, transportation, and convenient hours.
2. Trust: Community trust in the safety and efficacy of vaccines.
3. Education: Adequate information about the benefits of vaccination and addressing misinformation.
4. Demographics: Age, income, and ethnicity can impact vaccination rates due to factors like access and health literacy.
5. Policy: Government policies and incentives can encourage or discourage vaccination.
6. Social norms: Influence",,1523,577,78,144,mistralai_4_4_paraphrase_neutral
2025-08-08T13:23:26,4,5,mistralai,Mistral-7B-Instruct-v0.3,Scientific Consensus,sc1,base,How is scientific consensus established?,How is scientific consensus established? Respond in exactly 100 words. Be clear and concise.,"Scientific consensus is established through a process of peer-reviewed research, data analysis, and collaboration among experts in a given field. This process involves multiple studies, replication of results, and the ability of other scientists to reproduce the findings. The more evidence supporting a theory, the stronger the consensus becomes. It's important to note that consensus does not mean absolute truth, but rather the best available evidence and understanding at a given time.",,1593,489,72,122,mistralai_4_5_base
2025-08-08T13:23:27,4,6,mistralai,Mistral-7B-Instruct-v0.3,Scientific Consensus,sc1,emotion,Why is ignoring scientific consensus so risky?,Why is ignoring scientific consensus so risky? Respond in exactly 100 words. Be clear and concise.,"Ignoring scientific consensus is risky because it undermines the collective understanding and knowledge we've built over centuries. Science is based on empirical evidence, and when we ignore it, we risk making decisions based on misinformation, leading to ineffective policies, wasted resources, and potentially harmful outcomes.",,1123,329,45,82,mistralai_4_6_emotion
2025-08-08T13:23:28,4,7,mistralai,Mistral-7B-Instruct-v0.3,Historical Events,he1,paraphrase_neutral,Summarize the main drivers that led to World War II.,Summarize the main drivers that led to World War II. Respond in exactly 100 words. Be clear and concise.,"The main drivers that led to World War II were the Treaty of Versailles' harsh reparations and economic instability in Germany, Adolf Hitler's rise to power, aggressive expansionist policies, and appeasement by Britain and France, which emboldened Hitler. Additionally, the failure of the League of Nations to prevent Italian aggression in Ethiopia and Japanese aggression in Manchuria contributed to the escalation of tensions.",,1431,428,63,107,mistralai_4_7_paraphrase_neutral
2025-08-08T13:23:30,4,8,mistralai,Mistral-7B-Instruct-v0.3,Scientific Consensus,sc2,emotion,Why is ignoring scientific consensus so risky?,Why is ignoring scientific consensus so risky? Respond in exactly 100 words. Be clear and concise.,"Ignoring scientific consensus is risky because it disregards a vast body of evidence-based research and knowledge. This can lead to misinformed decisions, ineffective policies, and missed opportunities for progress. In the case of climate change, for example, ignoring the consensus could result in catastrophic consequences for our planet and future generations.",,1156,363,51,90,mistralai_4_8_emotion
2025-08-08T13:23:31,4,9,mistralai,Mistral-7B-Instruct-v0.3,Scientific Consensus,sc1,tone,Explain why consensus matters in science.,Explain why consensus matters in science. Respond in exactly 100 words. Be clear and concise.,"Consensus matters in science because it ensures the validity and reliability of scientific findings. By requiring multiple researchers to independently replicate and verify experiments, consensus helps to eliminate errors, biases, and fraud. This collective agreement provides a strong foundation for scientific knowledge, enabling us to make informed decisions and advance our understanding of the world.",,1211,405,55,101,mistralai_4_9_tone
2025-08-08T13:23:32,4,10,mistralai,Mistral-7B-Instruct-v0.3,Historical Events,he3,tone,Explain why World War II broke out.,Explain why World War II broke out. Respond in exactly 100 words. Be clear and concise.,"World War II broke out primarily due to the aggressive expansionist policies of Nazi Germany under Adolf Hitler. The annexation of Austria (Anschluss) in 1938 and the Sudetenland region of Czechoslovakia in 1938 were major steps towards this goal. The refusal of the Western Allies to appease Hitler further escalated tensions, leading to the invasion of Poland in September 1939, marking the start of the war.",,1417,410,66,102,mistralai_4_10_tone
2025-08-08T13:23:34,4,11,mistralai,Mistral-7B-Instruct-v0.3,Environmental Policy,ep1,formality,Summarize current international climate policies.,Summarize current international climate policies. Respond in exactly 100 words. Be clear and concise.,"International climate policies are a mix of national and multilateral efforts aimed at reducing greenhouse gas emissions and mitigating climate change. Key policies include the Paris Agreement, which sets a global goal to limit warming to well below 2°C, and the Kyoto Protocol, which established binding emissions reduction targets for developed countries. Many countries also have their own national policies, such as renewable energy targets, carbon pricing, and energy efficiency standards. These policies are crucial in the global fight against climate change.",,1453,565,82,141,mistralai_4_11_formality
2025-08-08T13:23:36,4,12,mistralai,Mistral-7B-Instruct-v0.3,Political Systems,ps3,tone,Explain why democratic systems are preferred.,Explain why democratic systems are preferred. Respond in exactly 100 words. Be clear and concise.,"Democratic systems are preferred because they promote transparency, accountability, and representation. In a democracy, citizens have the power to elect their leaders and hold them accountable for their actions. This ensures that the government serves the needs and interests of the people, rather than a small group or individual. Additionally, democratic systems encourage debate and discussion, fostering a more informed and engaged citizenry.",,1505,446,63,111,mistralai_4_12_tone
2025-08-08T13:23:37,4,13,mistralai,Mistral-7B-Instruct-v0.3,Historical Events,he3,paraphrase_neutral,Describe how economic turmoil contributed to extremist movements.,Describe how economic turmoil contributed to extremist movements. Respond in exactly 100 words. Be clear and concise.,"Economic turmoil often creates a fertile ground for extremist movements. Unemployment, poverty, and inequality can lead to disillusionment and resentment among populations, making them more susceptible to radical ideologies. In times of economic hardship, these movements may promise solutions or scapegoats, attracting followers who feel disenfranchised. This was evident in the rise of extremist groups during the Great Depression and more recently, in the economic crises in the Middle East and Europe.",,1439,505,72,126,mistralai_4_13_paraphrase_neutral
2025-08-08T13:23:39,4,14,mistralai,Mistral-7B-Instruct-v0.3,Historical Events,he2,paraphrase_neutral,Explain the Treaty of Versailles' impact on the interwar period.,Explain the Treaty of Versailles' impact on the interwar period. Respond in exactly 100 words. Be clear and concise.,"The Treaty of Versailles imposed heavy reparations on Germany, which led to economic instability and resentment. This resentment fueled the rise of Adolf Hitler and the Nazi Party, contributing to the outbreak of World War II. The treaty also redrew the map of Europe, creating new nations and borders, leading to further instability and conflict in the interwar period.",,1323,370,59,92,mistralai_4_14_paraphrase_neutral
2025-08-08T13:23:40,4,15,mistralai,Mistral-7B-Instruct-v0.3,Political Systems,ps1,paraphrase_neutral,List the primary categories of political systems.,List the primary categories of political systems. Respond in exactly 100 words. Be clear and concise.,"1. Democracy: Rule by the people, through elected representatives.
2. Monarchy: Rule by a single, hereditary leader.
3. Oligarchy: Rule by a small group, often the wealthy or powerful.
4. Theocracy: Rule by religious leaders.
5. Anarchy: Absence of any government or ruler.
6. Totalitarianism: Rule by a single, absolute leader, with little or no opposition allowed.
7. Federalism: Decentralized government, with power divided between a central authority and regional governments.
8. Socialism: Economic system where",,1776,516,76,129,mistralai_4_15_paraphrase_neutral
2025-08-08T13:23:42,4,16,mistralai,Mistral-7B-Instruct-v0.3,Scientific Consensus,sc2,formality,Describe the process of building scientific consensus.,Describe the process of building scientific consensus. Respond in exactly 100 words. Be clear and concise.,"Building scientific consensus involves several steps: 1) Researchers conduct experiments or studies to gather data. 2) They analyze and interpret the data, often sharing their findings with colleagues. 3) The results are published in peer-reviewed journals, allowing other researchers to scrutinize and replicate the work. 4) If the results are consistently replicated, the findings are accepted as part of the scientific consensus. 5) Over time, as more evidence accumulates, the consensus may evolve or be refined.",,1449,516,76,129,mistralai_4_16_formality
2025-08-08T13:23:43,4,17,mistralai,Mistral-7B-Instruct-v0.3,Scientific Consensus,sc2,tone,Explain why consensus matters in science.,Explain why consensus matters in science. Respond in exactly 100 words. Be clear and concise.,"Consensus matters in science because it ensures the reliability and validity of research findings. When multiple scientists, using different methods and data, reach the same conclusions, it increases the confidence in those conclusions. Consensus also promotes transparency, reproducibility, and the advancement of knowledge, as it allows for the sharing and building upon of existing findings.",,1258,394,55,98,mistralai_4_17_tone
2025-08-08T13:23:45,4,18,mistralai,Mistral-7B-Instruct-v0.3,Scientific Consensus,sc1,paraphrase_neutral,Describe how agreement forms within the scientific community.,Describe how agreement forms within the scientific community. Respond in exactly 100 words. Be clear and concise.,"Agreement within the scientific community is based on the rigorous testing and replication of research findings. Peer-review, where experts in the field evaluate and critique each other's work, is a crucial step in this process. Consensus is reached when a significant body of evidence supports a particular theory or hypothesis, and it aligns with the existing body of knowledge.",,1239,380,59,95,mistralai_4_18_paraphrase_neutral
2025-08-08T13:23:46,4,19,mistralai,Mistral-7B-Instruct-v0.3,Environmental Policy,ep3,emotion,Why is climate change such a dangerous threat?,Why is climate change such a dangerous threat? Respond in exactly 100 words. Be clear and concise.,"Climate change poses a dangerous threat due to its potential to cause severe and irreversible damage to our planet. Rising temperatures can lead to melting ice caps, rising sea levels, and more frequent and severe natural disasters. These changes can disrupt ecosystems, lead to food and water shortages, and force mass migrations. The economic and social consequences of these disruptions can be catastrophic.",,1342,410,63,102,mistralai_4_19_emotion
2025-08-08T13:23:48,4,20,mistralai,Mistral-7B-Instruct-v0.3,Historical Events,he1,tone,Explain why World War II broke out.,Explain why World War II broke out. Respond in exactly 100 words. Be clear and concise.,"World War II broke out primarily due to political and economic tensions between Germany, under Adolf Hitler, and the Western democracies, particularly France and Britain. Hitler's aggressive expansionist policies, as demonstrated by the annexation of Austria (Anschluss) and the Sudetenland region of Czechoslovakia, violated the Treaty of Versailles and threatened European peace. The refusal of Britain and France to appease Hitler, coupled with their inability to prevent Germany's rearmament, ultimately led to war.",,1487,519,73,129,mistralai_4_20_tone
2025-08-08T13:23:49,4,21,mistralai,Mistral-7B-Instruct-v0.3,Environmental Policy,ep3,paraphrase_neutral,Identify key obstacles to large-scale adoption of renewable energy.,Identify key obstacles to large-scale adoption of renewable energy. Respond in exactly 100 words. Be clear and concise.,"1. Intermittency: Solar and wind energy depend on weather conditions, making them less reliable than traditional energy sources.
2. High initial costs: The upfront costs of renewable energy systems can be prohibitive for many individuals and organizations.
3. Infrastructure limitations: Existing power grids may not be able to accommodate large-scale renewable energy production.
4. Energy storage: Affordable, efficient, and reliable energy storage solutions are still needed to store excess renewable energy for use during peak demand.
5. Policy and regulations: Lack of consistent policies and regulations can create uncertainty and hinder investment in",,1574,657,93,164,mistralai_4_21_paraphrase_neutral
2025-08-08T13:23:51,4,22,mistralai,Mistral-7B-Instruct-v0.3,Political Systems,ps2,formality,Outline the structural differences among political systems.,Outline the structural differences among political systems. Respond in exactly 100 words. Be clear and concise.,"Political systems can be categorized into four main types: democracy, totalitarianism, socialism, and anarchy. Democracy emphasizes citizen participation, rule of law, and political freedom. Totalitarianism, on the other hand, is characterized by a single, absolute leader, suppression of opposition, and strict control over information. Socialism is a system where the means of production, distribution, and exchange are owned by the community as a whole. Anarchy, in political terms, is the absence of a centralized government. Each system has its own unique structure, values, and methods of governance.
<|im",,1632,611,88,152,mistralai_4_22_formality
2025-08-08T13:23:53,4,23,mistralai,Mistral-7B-Instruct-v0.3,Public Health,ph1,paraphrase_neutral,Describe the main outcomes associated with vaccination.,Describe the main outcomes associated with vaccination. Respond in exactly 100 words. Be clear and concise.,"Vaccination is a crucial public health intervention that prevents diseases, reduces morbidity and mortality, and alleviates the burden on healthcare systems. It provides immunity to individuals, thereby protecting them from infectious diseases such as measles, polio, and influenza. Vaccination also offers herd immunity, protecting those who cannot be vaccinated, such as infants or individuals with weakened immune systems. Regular vaccination programs help maintain population immunity, preventing outbreaks and eradicating some diseases.",,1710,541,71,135,mistralai_4_23_paraphrase_neutral
2025-08-08T13:23:55,4,24,mistralai,Mistral-7B-Instruct-v0.3,Public Health,ph1,base,What are the effects of vaccines?,What are the effects of vaccines? Respond in exactly 100 words. Be clear and concise.,"Vaccines stimulate the immune system to produce a response to specific diseases without causing the actual illness. They work by introducing a weakened or inactive form of the virus or bacteria, or a piece of its genetic material, triggering the body's immune system to produce antibodies. These antibodies provide immunity against future infections, thus preventing diseases. Common side effects are usually mild and temporary, such as redness, swelling, or fever at the injection site.",,1456,487,74,121,mistralai_4_24_base
2025-08-08T13:23:56,4,25,mistralai,Mistral-7B-Instruct-v0.3,Historical Events,he3,emotion,Why was the world dragged into such a devastating war?,Why was the world dragged into such a devastating war? Respond in exactly 100 words. Be clear and concise.,"The First World War, also known as the Great War, was caused by a complex web of factors. The assassination of Archduke Franz Ferdinand of Austria-Hungary by a Serbian nationalist in June 1914 was the immediate trigger. However, underlying tensions, military alliances, economic rivalries, and nationalist aspirations among the major European powers played significant roles in the outbreak of the war.",,1361,402,61,100,mistralai_4_25_emotion
2025-08-08T13:23:57,4,26,mistralai,Mistral-7B-Instruct-v0.3,Scientific Consensus,sc2,paraphrase_neutral,Explain how peer review and replication support scientific reliability.,Explain how peer review and replication support scientific reliability. Respond in exactly 100 words. Be clear and concise.,"Peer review and replication are essential for scientific reliability. Peer review involves experts in the field evaluating a study's methodology, findings, and conclusions to ensure accuracy and validity. Replication, on the other hand, involves repeating the experiment or study to confirm the initial results. Both methods help to minimize errors, biases, and fraud, thereby enhancing the trustworthiness of scientific findings.",,1268,430,60,107,mistralai_4_26_paraphrase_neutral
2025-08-08T13:24:00,4,27,mistralai,Mistral-7B-Instruct-v0.3,Environmental Policy,ep1,tone,Explain why strong climate action is urgent.,Explain why strong climate action is urgent. Respond in exactly 100 words. Be clear and concise.,"The urgency of strong climate action lies in the interconnected threats it poses to our planet and humanity. Rising temperatures, melting ice caps, increased frequency of extreme weather events, and sea-level rise are just a few examples. These changes not only endanger ecosystems and biodiversity but also pose significant risks to human health, food security, and economic stability. Delaying action will only exacerbate these issues, making the solutions more costly and difficult to implement. Therefore, it is crucial to take decisive and immediate action to mitigate the worst impacts of climate change.
<|im_end",,2076,619,93,154,mistralai_4_27_tone
2025-08-08T13:24:01,4,28,mistralai,Mistral-7B-Instruct-v0.3,Scientific Consensus,sc3,paraphrase_neutral,Describe how meta-analytic evidence contributes to collective scientific judgments.,Describe how meta-analytic evidence contributes to collective scientific judgments. Respond in exactly 100 words. Be clear and concise.,"Meta-analytic evidence plays a crucial role in collective scientific judgments by synthesizing and summarizing the findings from multiple studies on a specific research question. This consolidated evidence provides a more robust and reliable understanding of the phenomenon under investigation. By reducing bias and increasing statistical power, meta-analyses help to establish more accurate and generalizable conclusions, contributing significantly to the advancement of scientific knowledge.",,1326,493,63,123,mistralai_4_28_paraphrase_neutral
2025-08-08T13:24:02,4,29,mistralai,Mistral-7B-Instruct-v0.3,Scientific Consensus,sc2,base,What roles do peer review and replication play in science?,What roles do peer review and replication play in science? Respond in exactly 100 words. Be clear and concise.,"Peer review and replication are essential components of the scientific process. Peer review involves experts in a field evaluating a research paper before it's published to ensure its methodology, results, and conclusions are valid and reliable. Replication, on the other hand, is the process of repeating an experiment or study to confirm its results. Both mechanisms help to minimize errors, reduce bias, and increase the credibility of scientific research.",,1328,459,69,114,mistralai_4_29_base
2025-08-08T13:24:04,4,30,mistralai,Mistral-7B-Instruct-v0.3,Environmental Policy,ep2,base,How do carbon pricing mechanisms work?,How do carbon pricing mechanisms work? Respond in exactly 100 words. Be clear and concise.,"Carbon pricing mechanisms, such as carbon taxes or cap-and-trade systems, aim to reduce greenhouse gas emissions by making them more expensive. In a carbon tax, a fee is imposed on carbon emissions, encouraging businesses to reduce their carbon footprint. In a cap-and-trade system, a limit is set on emissions, and companies are given a certain number of permits. They can trade these permits, allowing those who can reduce their emissions at a lower cost to do so and sell their excess permits to those who cannot. Both mechanisms aim to create a financial incentive for businesses to adopt cleaner technologies and",,1526,617,101,154,mistralai_4_30_base
2025-08-08T13:24:06,4,31,mistralai,Mistral-7B-Instruct-v0.3,Historical Events,he1,emotion,Why was the world dragged into such a devastating war?,Why was the world dragged into such a devastating war? Respond in exactly 100 words. Be clear and concise.,"World War I was triggered by a complex interplay of factors, including nationalism, militarism, imperialism, and the assassination of Archduke Franz Ferdinand of Austria-Hungary by a Serbian nationalist. The war also served as a proxy conflict for larger ideological struggles, such as the rivalry between the Central Powers (Germany, Austria-Hungary, and the Ottoman Empire) and the Allies (France, Britain, Russia, and the United States). The war's devastating impact was due to its unprecedented scale, the use of new and destructive weapons,",,1572,545,81,136,mistralai_4_31_emotion
2025-08-08T13:24:07,4,32,mistralai,Mistral-7B-Instruct-v0.3,Environmental Policy,ep2,emotion,Why is climate change such a dangerous threat?,Why is climate change such a dangerous threat? Respond in exactly 100 words. Be clear and concise.,"Climate change is a dangerous threat due to its potential to cause severe and irreversible damage to our planet. Rising temperatures can lead to melting ice caps, rising sea levels, and more frequent and severe weather events such as hurricanes and droughts. These changes can disrupt ecosystems, threaten biodiversity, and have devastating impacts on human populations, particularly those in vulnerable regions.",,1400,412,61,103,mistralai_4_32_emotion
2025-08-08T13:24:09,4,33,mistralai,Mistral-7B-Instruct-v0.3,Environmental Policy,ep2,tone,Explain why strong climate action is urgent.,Explain why strong climate action is urgent. Respond in exactly 100 words. Be clear and concise.,"The urgency for strong climate action lies in the irreversible consequences of inaction. Rising temperatures, melting ice caps, increasing sea levels, and extreme weather events pose immediate threats to human health, food security, and economic stability. Delaying action will only exacerbate these issues, making them more costly and difficult to address in the future. We must act now to limit global warming to 1.5°C to ensure a sustainable future for all.",,1432,460,71,115,mistralai_4_33_tone
2025-08-08T13:24:10,4,34,mistralai,Mistral-7B-Instruct-v0.3,Environmental Policy,ep2,formality,Summarize current international climate policies.,Summarize current international climate policies. Respond in exactly 100 words. Be clear and concise.,"Current international climate policies aim to reduce greenhouse gas emissions, mitigate climate change impacts, and promote sustainable development. The Paris Agreement, signed in 2015, is a landmark agreement where nearly 200 countries committed to limiting global warming to well below 2°C above pre-industrial levels. National policies vary, with some countries like Sweden and Costa Rica aiming for carbon neutrality, while others like the US and Australia have less ambitious goals. Renewable energy targets, carbon pricing, and forest conservation are common strategies employed.",,1531,585,82,146,mistralai_4_34_formality
2025-08-08T13:24:12,4,35,mistralai,Mistral-7B-Instruct-v0.3,Public Health,ph3,base,What factors influence vaccine uptake in communities?,What factors influence vaccine uptake in communities? Respond in exactly 100 words. Be clear and concise.,"Factors influencing vaccine uptake in communities include:
1. Trust in healthcare providers and government.
2. Accessibility and convenience of vaccination sites.
3. Education and information about the vaccine and its benefits.
4. Personal beliefs, attitudes, and perceptions about vaccines.
5. Cultural and religious beliefs.
6. Misinformation and conspiracy theories.
7. Economic factors, such as cost and insurance coverage.
8. Historical experiences with public health initiatives.
9. Community norms and peer pressure.
10. Government policies and incentives.",,1533,563,76,140,mistralai_4_35_base
2025-08-08T13:24:13,4,36,mistralai,Mistral-7B-Instruct-v0.3,Public Health,ph1,emotion,Why are vaccines so vital for public health?,Why are vaccines so vital for public health? Respond in exactly 100 words. Be clear and concise.,"Vaccines are crucial for public health because they prevent the spread of infectious diseases, protect vulnerable individuals, and maintain herd immunity. They save lives, reduce healthcare costs, and contribute to global health equity. In short, vaccines are a powerful tool for promoting health, well-being, and social progress.",,1230,330,47,82,mistralai_4_36_emotion
2025-08-08T13:24:15,4,37,mistralai,Mistral-7B-Instruct-v0.3,Political Systems,ps2,emotion,Why do authoritarian regimes spark global concern?,Why do authoritarian regimes spark global concern? Respond in exactly 100 words. Be clear and concise.,"Authoritarian regimes spark global concern due to their suppression of human rights, freedom of speech, and democratic values. They often stifle economic growth and development, fostering instability that can spill over borders. Additionally, these regimes can pose security threats, as they may harbor or support extremist groups.",,1324,331,47,82,mistralai_4_37_emotion
2025-08-08T13:24:16,4,38,mistralai,Mistral-7B-Instruct-v0.3,Scientific Consensus,sc3,emotion,Why is ignoring scientific consensus so risky?,Why is ignoring scientific consensus so risky? Respond in exactly 100 words. Be clear and concise.,"Ignoring scientific consensus can be risky because it can lead to poor decision-making, ineffective policies, and missed opportunities for progress. Scientific consensus is based on a vast body of research and evidence, and it provides a foundation for understanding the world around us. By ignoring this consensus, we may miss out on solutions to pressing problems, or even create new ones.",,1419,391,61,97,mistralai_4_38_emotion
2025-08-08T13:24:18,4,39,mistralai,Mistral-7B-Instruct-v0.3,Scientific Consensus,sc1,formality,Describe the process of building scientific consensus.,Describe the process of building scientific consensus. Respond in exactly 100 words. Be clear and concise.,"Building scientific consensus involves a rigorous, iterative process. Evidence is gathered through experiments, observations, and data analysis. Findings are then shared and critically evaluated by peers in the scientific community. This process may involve multiple rounds of testing, replication, and refinement. Once a theory or hypothesis has been consistently supported by empirical evidence, it becomes accepted as a scientific consensus. This process ensures that scientific knowledge is reliable, testable, and subject to ongoing scrutiny.",,1549,547,74,136,mistralai_4_39_formality
2025-08-08T13:24:20,4,40,mistralai,Mistral-7B-Instruct-v0.3,Environmental Policy,ep3,tone,Explain why strong climate action is urgent.,Explain why strong climate action is urgent. Respond in exactly 100 words. Be clear and concise.,"The urgency for strong climate action is rooted in several factors. First, the increasing global temperature is causing a rapid loss of biodiversity, with many species facing extinction. Second, climate change exacerbates extreme weather events, leading to devastating consequences such as floods, droughts, and storms. Third, it threatens food security as changing weather patterns affect agricultural productivity. Lastly, the economic costs of inaction are significant, with estimates suggesting that the costs of inaction could be up to 20 times higher than the costs of action.",,1535,582,85,145,mistralai_4_40_tone
2025-08-08T13:24:21,4,41,mistralai,Mistral-7B-Instruct-v0.3,Public Health,ph3,emotion,Why are vaccines so vital for public health?,Why are vaccines so vital for public health? Respond in exactly 100 words. Be clear and concise.,"Vaccines are crucial for public health as they prevent the spread of infectious diseases by building immunity without causing the disease itself. They protect individuals and communities, reducing the burden on healthcare systems and saving lives. Vaccination programs have eradicated smallpox and significantly reduced the incidence of other diseases like polio and measles.",,1225,375,53,93,mistralai_4_41_emotion
2025-08-08T13:24:22,4,42,mistralai,Mistral-7B-Instruct-v0.3,Public Health,ph2,tone,Explain why vaccines are essential.,Explain why vaccines are essential. Respond in exactly 100 words. Be clear and concise.,"Vaccines are essential because they help prevent the spread of infectious diseases, protect vulnerable individuals, and maintain herd immunity. They save millions of lives each year and contribute to global health and economic stability. Vaccines are safe, effective, and crucial for maintaining public health.",,1102,310,44,77,mistralai_4_42_tone
2025-08-08T13:24:24,4,43,mistralai,Mistral-7B-Instruct-v0.3,Historical Events,he2,base,How did the Treaty of Versailles shape interwar Europe?,How did the Treaty of Versailles shape interwar Europe? Respond in exactly 100 words. Be clear and concise.,"The Treaty of Versailles significantly shaped interwar Europe by imposing harsh reparations on Germany, which led to economic instability and resentment. This resentment fueled the rise of Adolf Hitler and the Nazi Party, contributing to World War II. The treaty also redrew Europe's political map, creating new nations and borders that led to ethnic tensions and conflicts. Overall, the Treaty of Versailles had a profound and lasting impact on interwar Europe.",,1452,462,71,115,mistralai_4_43_base
2025-08-08T13:24:25,4,44,mistralai,Mistral-7B-Instruct-v0.3,Environmental Policy,ep1,paraphrase_neutral,Provide an overview of policies addressing climate change.,Provide an overview of policies addressing climate change. Respond in exactly 100 words. Be clear and concise.,"Policies addressing climate change encompass various strategies at local, national, and international levels. Key policies include carbon pricing (e.g., carbon taxes or cap-and-trade systems), renewable energy mandates, energy efficiency standards, and subsidies for clean technologies. At the international level, agreements like the Paris Agreement aim to limit global temperature rise. Effective policies require cooperation, investment, and innovation to transition to a low-carbon economy.",,1431,494,63,123,mistralai_4_44_paraphrase_neutral
2025-08-08T13:24:27,4,45,mistralai,Mistral-7B-Instruct-v0.3,Public Health,ph3,formality,Provide a detailed overview of vaccine efficacy.,Provide a detailed overview of vaccine efficacy. Respond in exactly 100 words. Be clear and concise.,"Vaccine efficacy refers to the ability of a vaccine to prevent or reduce the severity of a disease. It's typically measured by comparing the number of cases in vaccinated and unvaccinated groups. For example, the Pfizer-BioNTech and Moderna vaccines are reported to be around 95% effective against COVID-19, while the Johnson & Johnson vaccine is about 72% effective. These numbers are based on clinical trials and real-world data. However, efficacy can vary depending on factors like age, health status, and the specific strain of the virus.
<",,1639,544,87,136,mistralai_4_45_formality
2025-08-08T13:24:28,4,46,mistralai,Mistral-7B-Instruct-v0.3,Political Systems,ps3,formality,Outline the structural differences among political systems.,Outline the structural differences among political systems. Respond in exactly 100 words. Be clear and concise.,"Political systems can be categorized into three main types: democratic, authoritarian, and theocratic. Democratic systems prioritize individual rights and freedoms, with power derived from the people through elections. Authoritarian systems concentrate power in a few individuals or groups, often suppressing dissent. Theocratic systems base their laws and governance on religious beliefs, with religious leaders holding political power. Each system has unique characteristics and impacts on society, affecting everything from economic policy to human rights.",,1372,559,74,139,mistralai_4_46_formality
2025-08-08T13:24:30,4,47,mistralai,Mistral-7B-Instruct-v0.3,Political Systems,ps2,paraphrase_neutral,Explain the role of separation of powers in democratic governance.,Explain the role of separation of powers in democratic governance. Respond in exactly 100 words. Be clear and concise.,"Separation of powers is a fundamental principle in democratic governance, ensuring checks and balances among the three branches of government: legislative, executive, and judicial. The legislature makes laws, the executive enforces them, and the judiciary interprets them. This division prevents any one branch from becoming too powerful, maintaining a balance of power and protecting citizens' rights and freedoms.",,1282,415,58,103,mistralai_4_47_paraphrase_neutral
2025-08-08T13:24:31,4,48,mistralai,Mistral-7B-Instruct-v0.3,Political Systems,ps3,paraphrase_neutral,Which conditions commonly contribute to erosion of democracy?,Which conditions commonly contribute to erosion of democracy? Respond in exactly 100 words. Be clear and concise.,"Common conditions contributing to erosion of democracy include:
1. Concentration of power: This occurs when a single individual or group gains excessive control over the government, often through manipulation or suppression of opposition.
2. Corruption: When public officials abuse their power for personal gain, it undermines the trust and legitimacy of the democratic system.
3. Media censorship: Restricting freedom of the press can prevent citizens from accessing accurate information and participating effectively in the democratic process.
4. Voter suppression: Efforts to restrict voting rights or manipulate election results can undermine the",,1522,650,91,162,mistralai_4_48_paraphrase_neutral
2025-08-08T13:24:33,4,49,mistralai,Mistral-7B-Instruct-v0.3,Historical Events,he1,base,What caused World War II?,What caused World War II? Respond in exactly 100 words. Be clear and concise.,"World War II was primarily caused by aggressive expansionist policies of Nazi Germany under Adolf Hitler, coupled with appeasement by the Western Allies, and the invasion of Poland in 1939. The war also resulted from the aggressive expansionist policies of Imperial Japan, which led to its attack on Pearl Harbor in 1941.",,1236,321,52,80,mistralai_4_49_base
2025-08-08T13:24:34,4,50,mistralai,Mistral-7B-Instruct-v0.3,Political Systems,ps2,base,How do checks and balances function in democracies?,How do checks and balances function in democracies? Respond in exactly 100 words. Be clear and concise.,"Checks and balances in democracies are mechanisms that prevent any one branch of government from gaining too much power. The legislative branch can pass laws, but the executive branch can veto them. The judicial branch interprets laws, but its decisions can be appealed. This system ensures no single entity has unchecked authority, promoting accountability, transparency, and fairness.",,1434,386,57,96,mistralai_4_50_base
2025-08-08T13:24:36,4,51,mistralai,Mistral-7B-Instruct-v0.3,Political Systems,ps1,tone,Explain why democratic systems are preferred.,Explain why democratic systems are preferred. Respond in exactly 100 words. Be clear and concise.,"Democratic systems are preferred because they allow for the free and fair expression of the people's will. They promote transparency, accountability, and equality, ensuring that decisions reflect the majority's interests. Unlike authoritarian systems, democracies encourage diversity and pluralism, fostering a more inclusive and representative society. Furthermore, democracies are more resilient to change, as they allow for peaceful transitions of power and the regular replacement of leaders.",,1427,496,66,124,mistralai_4_51_tone
2025-08-08T13:24:38,4,52,mistralai,Mistral-7B-Instruct-v0.3,Scientific Consensus,sc3,formality,Describe the process of building scientific consensus.,Describe the process of building scientific consensus. Respond in exactly 100 words. Be clear and concise.,"Building scientific consensus involves a systematic and rigorous process. Researchers propose theories, conduct experiments, and analyze data. If findings are consistent, the theory gains support. Peer review and replication are crucial to validate results. Once enough evidence supports a theory, it becomes widely accepted as a scientific fact. This process may take years, but it ensures that scientific knowledge is reliable and trustworthy.",,1525,445,63,111,mistralai_4_52_formality
2025-08-08T13:24:39,4,53,mistralai,Mistral-7B-Instruct-v0.3,Historical Events,he3,base,What role did economic crises play in the rise of extremism?,What role did economic crises play in the rise of extremism? Respond in exactly 100 words. Be clear and concise.,"Economic crises can significantly contribute to the rise of extremism. During times of economic instability, people may feel disillusioned, frustrated, and desperate. This can lead them to seek radical solutions, often offered by extremist groups who promise quick fixes and scapegoats for their problems. Additionally, economic crises can exacerbate existing social and political tensions, making it easier for extremist ideologies to gain traction.",,1438,450,63,112,mistralai_4_53_base
2025-08-08T13:24:40,4,54,mistralai,Mistral-7B-Instruct-v0.3,Environmental Policy,ep1,base,What is climate change policy?,What is climate change policy? Respond in exactly 100 words. Be clear and concise.,"Climate change policy refers to measures and regulations aimed at reducing greenhouse gas emissions and mitigating the effects of global warming. This can include carbon pricing, renewable energy targets, energy efficiency standards, and reforestation efforts. The goal is to transition to a low-carbon economy and limit global temperature rise to well below 2 degrees Celsius.",,1200,377,55,94,mistralai_4_54_base
2025-08-08T13:24:42,4,55,mistralai,Mistral-7B-Instruct-v0.3,Political Systems,ps1,formality,Outline the structural differences among political systems.,Outline the structural differences among political systems. Respond in exactly 100 words. Be clear and concise.,"1. Democracies (e.g., U.S., India) emphasize citizen participation, rule of law, and regular elections.
2. Authoritarian regimes (e.g., North Korea, Saudi Arabia) have a centralized power structure, limited political freedoms, and minimal citizen participation.
3. Federal systems (e.g., U.S., Canada) divide power between the central government and regional governments, while unitary systems (e.g., U.K., France) concentrate power at the central level.
4. Socialist systems (e.g., Cuba, China) prioritize collective ownership",,1663,527,70,131,mistralai_4_55_formality
2025-08-08T13:24:43,4,56,mistralai,Mistral-7B-Instruct-v0.3,Public Health,ph2,paraphrase_neutral,Explain how public health messaging helps limit transmission.,Explain how public health messaging helps limit transmission. Respond in exactly 100 words. Be clear and concise.,"Public health messaging plays a crucial role in limiting transmission by educating the public about the importance of hygiene, social distancing, and vaccination. It provides clear, consistent, and evidence-based information, helping individuals make informed decisions to protect themselves and others. By promoting collective action, it fosters a sense of community responsibility, reducing the spread of the disease.",,1238,419,57,104,mistralai_4_56_paraphrase_neutral
2025-08-08T13:24:45,4,57,mistralai,Mistral-7B-Instruct-v0.3,Scientific Consensus,sc3,base,How do meta-analyses inform consensus?,How do meta-analyses inform consensus? Respond in exactly 100 words. Be clear and concise.,"Meta-analyses synthesize multiple studies on a specific research question, providing a comprehensive overview of the current evidence. By quantitatively combining results, they help identify trends, inconsistencies, and potential biases. This process aids in forming a more robust and reliable consensus, as it reduces the impact of individual study limitations and increases the power to detect meaningful effects.",,1312,415,57,103,mistralai_4_57_base
2025-08-08T13:24:46,4,58,mistralai,Mistral-7B-Instruct-v0.3,Public Health,ph1,tone,Explain why vaccines are essential.,Explain why vaccines are essential. Respond in exactly 100 words. Be clear and concise.,"Vaccines are essential because they protect individuals from preventable diseases, reducing the risk of serious illness, disability, and death. They also contribute to herd immunity, protecting vulnerable populations who cannot be vaccinated, such as infants or those with weakened immune systems. By preventing the spread of diseases, vaccines help maintain public health and well-being.",,1190,388,54,97,mistralai_4_58_tone
2025-08-08T13:24:48,4,59,mistralai,Mistral-7B-Instruct-v0.3,Environmental Policy,ep3,formality,Summarize current international climate policies.,Summarize current international climate policies. Respond in exactly 100 words. Be clear and concise.,"International climate policies aim to reduce greenhouse gas emissions and mitigate climate change. The Paris Agreement, a landmark 2015 accord, sets a global goal to limit temperature rise to well below 2°C above pre-industrial levels. Countries have pledged to reduce their emissions through various means, including renewable energy targets, carbon pricing, and energy efficiency standards. However, current efforts are insufficient to meet the agreed-upon goals, underscoring the need for more ambitious action.",,1485,514,72,128,mistralai_4_59_formality
2025-08-08T13:24:49,4,60,mistralai,Mistral-7B-Instruct-v0.3,Political Systems,ps3,base,What factors lead to democratic backsliding?,What factors lead to democratic backsliding? Respond in exactly 100 words. Be clear and concise.,"Factors leading to democratic backsliding include:
1. Erosion of rule of law: Judicial independence is compromised, and the constitution is manipulated to concentrate power.
2. Media suppression: Independent media is silenced, leaving only state-controlled outlets.
3. Political polarization: Extreme political views divide society, weakening democratic institutions.
4. Corruption: Public officials abuse their power for personal gain, undermining public trust.
5. Electoral manipulation: Voting systems are rigged, or elections are postponed to maintain power.
6.",,1552,565,74,141,mistralai_4_60_base
2025-08-08T13:24:51,4,61,mistralai,Mistral-7B-Instruct-v0.3,Historical Events,he2,tone,Explain why World War II broke out.,Explain why World War II broke out. Respond in exactly 100 words. Be clear and concise.,"World War II broke out primarily due to political tensions and aggressive expansionist policies. The Treaty of Versailles left Germany in economic turmoil, leading to the rise of Adolf Hitler and the Nazi Party. Hitler's aggressive foreign policy, including the annexation of Austria (Anschluss) and the Sudetenland, and his desire for ""Lebensraum"" (living space) in Eastern Europe, led to the invasion of Poland in September 1939, which marked the start of World War II.",,1512,471,74,117,mistralai_4_61_tone
2025-08-08T13:24:53,4,62,mistralai,Mistral-7B-Instruct-v0.3,Historical Events,he1,formality,Provide a formal historical account of World War II's causes.,Provide a formal historical account of World War II's causes. Respond in exactly 100 words. Be clear and concise.,"World War II was primarily caused by the aggressive expansionist policies of Nazi Germany under Adolf Hitler. The Treaty of Versailles left Germany economically crippled after World War I, leading to resentment and a desire for revenge. Hitler re-militarized Germany, annexed Austria, and invaded Czechoslovakia, violating the Munich Agreement. His aggressive actions, coupled with his ideology of Aryan supremacy, sparked the alliance between the Allies (primarily the United States, the United Kingdom, and the Soviet Union) against the Axis Powers (Germany,",,1552,560,81,140,mistralai_4_62_formality
2025-08-08T13:24:54,4,63,mistralai,Mistral-7B-Instruct-v0.3,Public Health,ph2,base,How do public health campaigns reduce disease spread?,How do public health campaigns reduce disease spread? Respond in exactly 100 words. Be clear and concise.,"Public health campaigns use various strategies to reduce disease spread. These include education about symptoms, transmission routes, and prevention methods. They also promote vaccination, encourage safe behaviors (e.g., hand washing, wearing masks), and provide resources for testing and treatment. By informing and empowering communities, these campaigns can help control outbreaks and protect public health.",,1207,410,54,102,mistralai_4_63_base
2025-08-08T13:24:56,4,64,mistralai,Mistral-7B-Instruct-v0.3,Historical Events,he3,formality,Provide a formal historical account of World War II's causes.,Provide a formal historical account of World War II's causes. Respond in exactly 100 words. Be clear and concise.,"World War II was primarily caused by the aggressive expansionist policies of Nazi Germany under Adolf Hitler. The Treaty of Versailles, which ended World War I, placed heavy penalties on Germany, contributing to resentment and a desire for revenge. Hitler's rise to power in 1933 marked the beginning of aggressive rearmament and territorial expansion, including the annexation of Austria in 1938 and the invasion of Poland in 1939, which triggered the war. The Axis Powers (Germany, Italy, and Japan) sought global domination, leading to conflict with",,1535,552,86,138,mistralai_4_64_formality
2025-08-08T13:24:57,4,65,mistralai,Mistral-7B-Instruct-v0.3,Political Systems,ps3,emotion,Why do authoritarian regimes spark global concern?,Why do authoritarian regimes spark global concern? Respond in exactly 100 words. Be clear and concise.,"Authoritarian regimes spark global concern due to their suppression of civil liberties, political dissent, and human rights. They often stifle economic growth and development, foster corruption, and undermine regional stability. Their actions can lead to humanitarian crises, refugee flows, and international tensions. Furthermore, they threaten the global norms of democracy, rule of law, and respect for human rights, which are essential for a peaceful and prosperous world.",,1431,476,67,119,mistralai_4_65_emotion
2025-08-08T13:24:59,4,66,mistralai,Mistral-7B-Instruct-v0.3,Political Systems,ps2,tone,Explain why democratic systems are preferred.,Explain why democratic systems are preferred. Respond in exactly 100 words. Be clear and concise.,"Democratic systems are preferred due to their ability to represent the will of the people, promote accountability, and foster transparency. They allow for free and fair elections, enabling citizens to choose their leaders and hold them accountable for their actions. This system encourages a checks-and-balances mechanism, preventing any one group or individual from gaining too much power. Furthermore, democratic systems promote the rule of law, ensuring equal protection under the law and respect for human rights.",,1430,517,76,129,mistralai_4_66_tone
2025-08-08T13:25:00,4,67,mistralai,Mistral-7B-Instruct-v0.3,Environmental Policy,ep3,base,What are the main barriers to implementing green energy transitions?,What are the main barriers to implementing green energy transitions? Respond in exactly 100 words. Be clear and concise.,"1. Financial Barriers: High initial costs and lack of affordable financing options can deter investments in green energy.
2. Technological Challenges: Some green technologies are still in the development stage, and their efficiency and reliability can be a concern.
3. Political and Regulatory Barriers: Policies and regulations may not be supportive of green energy, or may favor fossil fuels.
4. Infrastructure Challenges: Existing energy infrastructure is often not compatible with green energy sources, requiring significant upgrades.
5. Public Perception: Misconceptions about the cost and effectiveness of green energy can slow",,1635,633,90,158,mistralai_4_67_base
2025-08-08T13:25:02,4,68,mistralai,Mistral-7B-Instruct-v0.3,Historical Events,he2,emotion,Why was the world dragged into such a devastating war?,Why was the world dragged into such a devastating war? Respond in exactly 100 words. Be clear and concise.,"World War I was triggered by a complex web of events, but the immediate cause was the assassination of Archduke Franz Ferdinand of Austria-Hungary by a Serbian nationalist in June 1914. This event set off a chain reaction of alliances and treaties, leading to a war that involved many nations and resulted in unprecedented loss of life and destruction.",,1305,352,59,88,mistralai_4_68_emotion
2025-08-08T13:25:04,4,69,mistralai,Mistral-7B-Instruct-v0.3,Political Systems,ps1,base,What are the main types of political systems?,What are the main types of political systems? Respond in exactly 100 words. Be clear and concise.,"1. Democracy: Rule by the people, where citizens elect representatives to make decisions on their behalf.
2. Autocracy: Rule by a single individual, with absolute power and minimal input from the public.
3. Theocracy: Rule by religious leaders, where religious law and doctrine guide political decisions.
4. Oligarchy: Rule by a small group, often wealthy or powerful individuals, who make decisions for the society.
5. Anarchy: Lack of a centralized government, often characterized by chaos and conflict.
6. Federalism: A system of government where power is divided between a central authority",,1659,594,91,148,mistralai_4_69_base
2025-08-08T13:25:05,4,70,mistralai,Mistral-7B-Instruct-v0.3,Public Health,ph1,formality,Provide a detailed overview of vaccine efficacy.,Provide a detailed overview of vaccine efficacy. Respond in exactly 100 words. Be clear and concise.,"Vaccine efficacy refers to the ability of a vaccine to prevent or reduce the severity of a disease. It's typically measured in clinical trials by comparing the rate of disease in vaccinated individuals versus unvaccinated individuals. For example, a vaccine with 95% efficacy would mean that 95 out of 100 vaccinated individuals would be protected from the disease, compared to 5 out of 100 unvaccinated individuals. However, efficacy can vary depending on factors such as the population, the strain of the virus, and the specific vaccine used.
<|",,1638,547,88,136,mistralai_4_70_formality
2025-08-08T13:25:07,4,71,mistralai,Mistral-7B-Instruct-v0.3,Scientific Consensus,sc3,tone,Explain why consensus matters in science.,Explain why consensus matters in science. Respond in exactly 100 words. Be clear and concise.,"Consensus matters in science because it ensures that findings are reliable, reproducible, and widely accepted. It's the result of repeated testing, peer review, and collaboration among scientists. This consensus helps to eliminate bias, errors, and misinformation, thereby advancing our understanding of the world.",,1224,314,43,78,mistralai_4_71_tone
2025-08-08T13:25:08,4,72,mistralai,Mistral-7B-Instruct-v0.3,Public Health,ph3,tone,Explain why vaccines are essential.,Explain why vaccines are essential. Respond in exactly 100 words. Be clear and concise.,"Vaccines are essential for protecting individuals from infectious diseases. They stimulate the immune system to produce antibodies, providing immunity against specific pathogens. This not only protects the vaccinated individual but also helps prevent the spread of diseases within communities, contributing to herd immunity. Vaccines have saved countless lives and have been instrumental in eradicating or controlling many diseases.",,1330,432,58,108,mistralai_4_72_tone
2025-08-08T13:25:10,4,73,mistralai,Mistral-7B-Instruct-v0.3,Political Systems,ps1,emotion,Why do authoritarian regimes spark global concern?,Why do authoritarian regimes spark global concern? Respond in exactly 100 words. Be clear and concise.,"Authoritarian regimes spark global concern due to their disregard for human rights, suppression of dissent, and potential for regional instability. These regimes often limit freedom of speech, assembly, and religion, creating an environment of fear and oppression. They may also engage in aggressive foreign policies, posing threats to neighboring countries and global peace. Furthermore, they can stifle economic development by discouraging investment and innovation.",,1296,468,64,117,mistralai_4_73_emotion
2025-08-08T13:25:11,4,74,mistralai,Mistral-7B-Instruct-v0.3,Public Health,ph2,emotion,Why are vaccines so vital for public health?,Why are vaccines so vital for public health? Respond in exactly 100 words. Be clear and concise.,"Vaccines are crucial for public health as they prevent the spread of infectious diseases, reducing the number of cases, hospitalizations, and deaths. They protect individuals and communities, especially vulnerable groups like infants, the elderly, and those with underlying health conditions. Vaccines also save lives and money by reducing healthcare costs.",,1219,357,50,89,mistralai_4_74_emotion
2025-08-08T13:25:13,4,75,mistralai,Mistral-7B-Instruct-v0.3,Environmental Policy,ep2,paraphrase_neutral,Explain the operation of carbon taxes and cap-and-trade schemes.,Explain the operation of carbon taxes and cap-and-trade schemes. Respond in exactly 100 words. Be clear and concise.,"Carbon taxes impose a fee on emissions, incentivizing businesses to reduce their carbon footprint and adopt cleaner technologies. Cap-and-trade schemes, on the other hand, set a limit on total emissions and issue permits. Companies can buy or sell these permits, allowing those that can reduce emissions more cheaply to do so and profit from the sale of excess permits. Both strategies aim to reduce greenhouse gas emissions in a cost-effective manner.",,1547,452,71,113,mistralai_4_75_paraphrase_neutral
2025-08-08T13:25:14,5,1,mistralai,Mistral-7B-Instruct-v0.3,Environmental Policy,ep3,paraphrase_neutral,Identify key obstacles to large-scale adoption of renewable energy.,Identify key obstacles to large-scale adoption of renewable energy. Respond in exactly 100 words. Be clear and concise.,"1. Intermittency: Renewable energy sources like wind and solar are dependent on weather conditions, making them unreliable for constant power supply.
2. Energy Storage: Affordable, efficient, and scalable energy storage solutions are still a challenge, limiting the ability to store excess energy for use during peak demand.
3. Infrastructure: The existing power grid is not designed to handle the large-scale integration of renewable energy. Upgrades are costly and time-consuming.
4. Financial Barriers: High upfront costs for renewable energy systems and lack of government subsidies can make them financ",,1571,607,88,151,mistralai_5_1_paraphrase_neutral
2025-08-08T13:25:16,5,2,mistralai,Mistral-7B-Instruct-v0.3,Scientific Consensus,sc2,base,What roles do peer review and replication play in science?,What roles do peer review and replication play in science? Respond in exactly 100 words. Be clear and concise.,"Peer review and replication are essential components in the scientific process. Peer review, where experts evaluate the validity and significance of research findings, helps maintain the quality and integrity of scientific research. Replication, on the other hand, ensures that the results can be reliably reproduced, thereby increasing the confidence in the findings. Both mechanisms help to reduce errors, promote transparency, and build upon existing knowledge, making science more robust and reliable.",,1330,505,71,126,mistralai_5_2_base
2025-08-08T13:25:17,5,3,mistralai,Mistral-7B-Instruct-v0.3,Scientific Consensus,sc1,base,How is scientific consensus established?,How is scientific consensus established? Respond in exactly 100 words. Be clear and concise.,"Scientific consensus is established through a process of peer-reviewed research, replication, and agreement among experts in a field. This process involves rigorous testing, debate, and the sharing of findings. Consensus is not a majority vote, but rather a well-supported, evidence-based conclusion.",,1151,300,41,75,mistralai_5_3_base
2025-08-08T13:25:19,5,4,mistralai,Mistral-7B-Instruct-v0.3,Historical Events,he2,formality,Provide a formal historical account of World War II's causes.,Provide a formal historical account of World War II's causes. Respond in exactly 100 words. Be clear and concise.,"World War II was primarily caused by the aggressive expansionist policies of Nazi Germany under Adolf Hitler. The Treaty of Versailles' harsh terms imposed on Germany after World War I fueled resentment, contributing to Hitler's rise to power. The invasion of Poland in 1939 marked the beginning of the war, which later involved the Allies (primarily the United States, the United Kingdom, and the Soviet Union) against the Axis Powers (Germany, Italy, and Japan). Economic depression, political instability, and ideological differences also played significant roles in the conflict.
<|im_",,1575,589,89,147,mistralai_5_4_formality
2025-08-08T13:25:20,5,5,mistralai,Mistral-7B-Instruct-v0.3,Political Systems,ps3,emotion,Why do authoritarian regimes spark global concern?,Why do authoritarian regimes spark global concern? Respond in exactly 100 words. Be clear and concise.,"Authoritarian regimes spark global concern due to their disregard for human rights, suppression of dissent, and potential for regional instability. They can lead to economic stagnation, refugee crises, and undermine democratic values worldwide.",,1030,244,33,61,mistralai_5_5_emotion
2025-08-08T13:25:22,5,6,mistralai,Mistral-7B-Instruct-v0.3,Public Health,ph3,formality,Provide a detailed overview of vaccine efficacy.,Provide a detailed overview of vaccine efficacy. Respond in exactly 100 words. Be clear and concise.,"Vaccine efficacy refers to the ability of a vaccine to prevent or reduce the severity of a disease. It's typically measured in clinical trials as the percentage reduction in disease incidence among vaccinated individuals compared to unvaccinated individuals. For example, a vaccine with 95% efficacy would mean that 95% of vaccinated individuals would be protected from the disease, compared to 5% of unvaccinated individuals. However, efficacy can vary depending on factors such as the specific virus strain, the population being vaccinated, and the vaccine's administration.
<|im_",,1866,582,86,145,mistralai_5_6_formality
2025-08-08T13:25:23,5,7,mistralai,Mistral-7B-Instruct-v0.3,Historical Events,he3,emotion,Why was the world dragged into such a devastating war?,Why was the world dragged into such a devastating war? Respond in exactly 100 words. Be clear and concise.,"World War I was caused by a complex interplay of factors, but the immediate trigger was the assassination of Archduke Franz Ferdinand of Austria-Hungary by a Serbian nationalist in June 1914. This event set off a chain reaction of alliances and treaties, leading to a war that involved many of the world's great powers. The war was also fueled by nationalism, imperialism, and militarism, as well as economic and political tensions.",,1424,432,71,108,mistralai_5_7_emotion
2025-08-08T13:25:24,5,8,mistralai,Mistral-7B-Instruct-v0.3,Public Health,ph3,tone,Explain why vaccines are essential.,Explain why vaccines are essential. Respond in exactly 100 words. Be clear and concise.,"Vaccines are essential because they help prevent serious diseases, reduce the spread of infections, and protect vulnerable individuals who cannot get vaccinated, such as infants and people with weakened immune systems. They save millions of lives worldwide each year and are a crucial tool in public health.",,1175,307,47,76,mistralai_5_8_tone
2025-08-08T13:25:26,5,9,mistralai,Mistral-7B-Instruct-v0.3,Environmental Policy,ep3,base,What are the main barriers to implementing green energy transitions?,What are the main barriers to implementing green energy transitions? Respond in exactly 100 words. Be clear and concise.,"1. Financial Barriers: High initial costs, lack of investment, and subsidies for fossil fuels hinder the widespread adoption of green energy.
2. Technological Challenges: Some renewable energy technologies are still in their developmental stages, requiring further research and innovation.
3. Infrastructure Issues: Existing power grids may not be able to handle the intermittent nature of renewable energy sources, necessitating upgrades.
4. Political and Regulatory Barriers: Policies and regulations that favor fossil fuels can hinder the growth of the green energy sector.
5.",,1534,579,82,144,mistralai_5_9_base
2025-08-08T13:25:27,5,10,mistralai,Mistral-7B-Instruct-v0.3,Public Health,ph1,base,What are the effects of vaccines?,What are the effects of vaccines? Respond in exactly 100 words. Be clear and concise.,"Vaccines stimulate the immune system to produce a response, creating antibodies that protect against specific diseases. They significantly reduce the risk of infection, complications, and transmission of diseases like measles, polio, and hepatitis. Vaccines are essential for global health and the eradication of preventable diseases.",,1235,334,45,83,mistralai_5_10_base
2025-08-08T13:25:29,5,11,mistralai,Mistral-7B-Instruct-v0.3,Scientific Consensus,sc3,base,How do meta-analyses inform consensus?,How do meta-analyses inform consensus? Respond in exactly 100 words. Be clear and concise.,"Meta-analyses synthesize multiple studies on a specific research question, providing a comprehensive overview of existing evidence. By pooling data and applying statistical methods, they help identify trends, inconsistencies, and potential biases. This process aids in forming a consensus by providing a robust and reliable summary of the current state of knowledge, guiding future research and informing evidence-based practice.",,1322,429,58,107,mistralai_5_11_base
2025-08-08T13:25:31,5,12,mistralai,Mistral-7B-Instruct-v0.3,Political Systems,ps3,base,What factors lead to democratic backsliding?,What factors lead to democratic backsliding? Respond in exactly 100 words. Be clear and concise.,"Factors leading to democratic backsliding include:
1. Erosion of the rule of law: This occurs when the judiciary is undermined, or when the government ignores or manipulates the law.
2. Weakening of democratic institutions: This can happen through the concentration of power in the executive branch, manipulation of elections, or suppression of opposition.
3. Polarization and division: This can lead to a breakdown of consensus and compromise, making it easier for authoritarian tendencies to take hold.
4. Economic crises: Economic instability can create an environment where people are more",,1589,593,89,148,mistralai_5_12_base
2025-08-08T13:25:32,5,13,mistralai,Mistral-7B-Instruct-v0.3,Political Systems,ps2,paraphrase_neutral,Explain the role of separation of powers in democratic governance.,Explain the role of separation of powers in democratic governance. Respond in exactly 100 words. Be clear and concise.,"In democratic governance, the separation of powers ensures checks and balances among the three branches: legislative, executive, and judicial. This prevents any one branch from gaining too much power, promoting accountability, transparency, and fairness. The legislature makes laws, the executive enforces them, and the judiciary interprets them. This system encourages balanced decision-making and protects citizens' rights and freedoms.",,1333,438,58,109,mistralai_5_13_paraphrase_neutral
2025-08-08T13:25:33,5,14,mistralai,Mistral-7B-Instruct-v0.3,Historical Events,he2,emotion,Why was the world dragged into such a devastating war?,Why was the world dragged into such a devastating war? Respond in exactly 100 words. Be clear and concise.,"World War I was triggered by a complex web of events, but the immediate cause was the assassination of Archduke Franz Ferdinand of Austria-Hungary by a Serbian nationalist in June 1914. This event set off a chain reaction of alliances and treaties, leading to a massive conflict involving many European powers. The war was also influenced by economic, political, and nationalistic tensions that had been building for decades.",,1380,425,68,106,mistralai_5_14_emotion
2025-08-08T13:25:35,5,15,mistralai,Mistral-7B-Instruct-v0.3,Scientific Consensus,sc1,tone,Explain why consensus matters in science.,Explain why consensus matters in science. Respond in exactly 100 words. Be clear and concise.,"Consensus matters in science because it ensures that findings are reliable and reproducible. Multiple researchers, using various methods, must agree on a result for it to be considered valid. This process helps to minimize errors, biases, and subjective interpretations, thereby increasing the confidence in scientific knowledge.",,1214,329,46,82,mistralai_5_15_tone
2025-08-08T13:25:36,5,16,mistralai,Mistral-7B-Instruct-v0.3,Environmental Policy,ep2,tone,Explain why strong climate action is urgent.,Explain why strong climate action is urgent. Respond in exactly 100 words. Be clear and concise.,"The urgency for strong climate action is rooted in three main reasons. First, the increasing greenhouse gas emissions are causing global temperatures to rise, leading to extreme weather events, sea-level rise, and loss of biodiversity. Second, the longer we wait to act, the more costly and difficult it becomes to mitigate the effects. Lastly, the transition to a low-carbon economy can bring numerous benefits, such as improved air quality, job creation, and energy independence.",,1428,481,74,120,mistralai_5_16_tone
2025-08-08T13:25:38,5,17,mistralai,Mistral-7B-Instruct-v0.3,Public Health,ph1,tone,Explain why vaccines are essential.,Explain why vaccines are essential. Respond in exactly 100 words. Be clear and concise.,"Vaccines are essential because they protect individuals from infectious diseases by stimulating the immune system to produce immunity to a particular disease. This prevents the spread of the disease in the community, reducing the risk of serious illness and death, especially for vulnerable populations such as young children, the elderly, and those with weakened immune systems. Vaccines have saved countless lives and have been instrumental in eradicating and controlling many diseases.",,1287,488,71,122,mistralai_5_17_tone
2025-08-08T13:25:39,5,18,mistralai,Mistral-7B-Instruct-v0.3,Environmental Policy,ep3,tone,Explain why strong climate action is urgent.,Explain why strong climate action is urgent. Respond in exactly 100 words. Be clear and concise.,"Climate change poses an immediate and existential threat to our planet. Rising temperatures, melting ice caps, and extreme weather events are not just future scenarios but current realities. Delaying action will only exacerbate these problems, leading to irreversible damage. We must act now to reduce greenhouse gas emissions, transition to renewable energy, and invest in climate resilience to ensure a sustainable future for all.",,1651,432,64,108,mistralai_5_18_tone
2025-08-08T13:25:41,5,19,mistralai,Mistral-7B-Instruct-v0.3,Public Health,ph1,formality,Provide a detailed overview of vaccine efficacy.,Provide a detailed overview of vaccine efficacy. Respond in exactly 100 words. Be clear and concise.,"Vaccine efficacy refers to the ability of a vaccine to prevent or reduce the severity of a disease. It is typically measured by comparing the incidence of the disease in vaccinated and unvaccinated groups. For example, the Pfizer-BioNTech and Moderna COVID-19 vaccines have demonstrated efficacy of approximately 95% in preventing symptomatic COVID-19. The Johnson & Johnson vaccine has shown an efficacy of about 72%. These numbers can vary depending on factors such as the specific strain of the virus, the age and health status of the individuals, and",,1528,554,88,138,mistralai_5_19_formality
2025-08-08T13:25:43,5,20,mistralai,Mistral-7B-Instruct-v0.3,Scientific Consensus,sc3,paraphrase_neutral,Describe how meta-analytic evidence contributes to collective scientific judgments.,Describe how meta-analytic evidence contributes to collective scientific judgments. Respond in exactly 100 words. Be clear and concise.,"Meta-analytic evidence plays a crucial role in collective scientific judgments by synthesizing and summarizing multiple studies on a specific research question. This consolidation provides a more comprehensive and reliable understanding of the phenomenon, reducing bias and increasing the power of the evidence. By pooling data across studies, meta-analyses can detect patterns and trends that might be missed in individual studies, contributing to more informed and robust scientific conclusions.",,1409,497,68,124,mistralai_5_20_paraphrase_neutral
2025-08-08T13:25:44,5,21,mistralai,Mistral-7B-Instruct-v0.3,Historical Events,he3,paraphrase_neutral,Describe how economic turmoil contributed to extremist movements.,Describe how economic turmoil contributed to extremist movements. Respond in exactly 100 words. Be clear and concise.,"Economic turmoil often leads to social and political instability, creating an environment ripe for extremist movements. In times of economic hardship, disillusioned individuals may turn to extremist ideologies as a means to explain their circumstances and seek solutions. These movements can capitalize on feelings of frustration, hopelessness, and anger, offering simplistic, often violent, solutions to complex problems. The 2008 financial crisis, for example, contributed to the rise of extremist groups such as the Occupy Wall Street movement and various far-right and far-left political parties.
<|im_",,1555,606,85,151,mistralai_5_21_paraphrase_neutral
2025-08-08T13:25:46,5,22,mistralai,Mistral-7B-Instruct-v0.3,Public Health,ph3,emotion,Why are vaccines so vital for public health?,Why are vaccines so vital for public health? Respond in exactly 100 words. Be clear and concise.,"Vaccines are crucial for public health as they protect individuals from infectious diseases, reducing the risk of illness, disability, and death. They also prevent the spread of diseases in communities, protecting vulnerable populations such as infants, the elderly, and those with weakened immune systems. Vaccines have eradicated smallpox and significantly reduced the incidence of other diseases like polio and measles.",,1334,422,60,105,mistralai_5_22_emotion
2025-08-08T13:25:47,5,23,mistralai,Mistral-7B-Instruct-v0.3,Political Systems,ps3,tone,Explain why democratic systems are preferred.,Explain why democratic systems are preferred. Respond in exactly 100 words. Be clear and concise.,"Democratic systems are preferred because they allow for the expression of diverse opinions and interests, promoting fairness and equality. They ensure accountability and transparency in governance, reducing corruption and fostering trust among citizens. Additionally, democratic systems encourage participation, empowering citizens to influence decisions that affect their lives, thereby promoting social stability and development.",,1224,431,53,107,mistralai_5_23_tone
2025-08-08T13:25:49,5,24,mistralai,Mistral-7B-Instruct-v0.3,Environmental Policy,ep1,emotion,Why is climate change such a dangerous threat?,Why is climate change such a dangerous threat? Respond in exactly 100 words. Be clear and concise.,"Climate change is a dangerous threat due to its potential to disrupt ecosystems, exacerbate extreme weather events, and threaten food and water security. Its impacts are already being felt, with rising sea levels, melting glaciers, and increasing temperatures causing significant damage to infrastructure, agriculture, and human health. If left unchecked, it could lead to irreversible changes with devastating consequences for future generations.",,1537,447,62,111,mistralai_5_24_emotion
2025-08-08T13:25:50,5,25,mistralai,Mistral-7B-Instruct-v0.3,Environmental Policy,ep3,formality,Summarize current international climate policies.,Summarize current international climate policies. Respond in exactly 100 words. Be clear and concise.,"Current international climate policies aim to reduce greenhouse gas emissions, mitigate climate change impacts, and promote sustainable development. The Paris Agreement, a landmark 2015 agreement, sets a global goal to limit global temperature rise to well below 2°C above pre-industrial levels. Key policies include carbon pricing, renewable energy targets, and energy efficiency standards. However, more ambitious action is needed to meet the Agreement's goals, especially from major emitters like China, the US, and the EU.",,1453,526,75,131,mistralai_5_25_formality
2025-08-08T13:25:52,5,26,mistralai,Mistral-7B-Instruct-v0.3,Public Health,ph1,emotion,Why are vaccines so vital for public health?,Why are vaccines so vital for public health? Respond in exactly 100 words. Be clear and concise.,"Vaccines are crucial for public health because they help prevent the spread of infectious diseases, protect vulnerable populations, and maintain herd immunity. By reducing the number of people who get sick, vaccines also help reduce the strain on healthcare systems and save lives.",,1203,281,43,70,mistralai_5_26_emotion
2025-08-08T13:25:53,5,27,mistralai,Mistral-7B-Instruct-v0.3,Historical Events,he3,tone,Explain why World War II broke out.,Explain why World War II broke out. Respond in exactly 100 words. Be clear and concise.,"World War II broke out primarily due to the aggressive expansionist policies of Nazi Germany under Adolf Hitler. The annexation of Austria (Anschluss) and the Sudetenland region of Czechoslovakia, along with the non-aggression pact between Germany and the Soviet Union, alarmed the Western Allies. The refusal of Germany to disarm and the invasion of Poland, which was guaranteed by Britain and France, led to the declaration of war by those countries. The complex web of alliances, nationalism, and political tensions created a powder keg that ignited the war.
<|im",,1617,566,89,141,mistralai_5_27_tone
2025-08-08T13:25:55,5,28,mistralai,Mistral-7B-Instruct-v0.3,Environmental Policy,ep2,formality,Summarize current international climate policies.,Summarize current international climate policies. Respond in exactly 100 words. Be clear and concise.,"International climate policies aim to reduce greenhouse gas emissions and mitigate climate change. The Paris Agreement, a landmark 2015 agreement, sets a global goal to limit global warming to well below 2°C above pre-industrial levels. Countries have pledged to cut their emissions and many have implemented policies such as renewable energy targets, carbon pricing, and energy efficiency standards. However, the current pledges are insufficient to meet the 2°C goal, emphasizing the need for more ambitious action.",,1551,516,76,129,mistralai_5_28_formality
2025-08-08T13:25:57,5,29,mistralai,Mistral-7B-Instruct-v0.3,Political Systems,ps1,formality,Outline the structural differences among political systems.,Outline the structural differences among political systems. Respond in exactly 100 words. Be clear and concise.,"1. Democracy: Representative government, rule of law, and protection of individual rights. Examples include the United States and India.
2. Monarchy: Rule by a single, hereditary leader, such as the British monarchy.
3. Dictatorship: Authoritarian rule, often without regard for the will of the people, as seen in North Korea.
4. Theocracy: Rule by religious leaders, such as Iran's Islamic Republic.
5. Federalism: Decentralized power, as in the United States, where power is divided between the federal government and states.
6.",,1535,530,81,132,mistralai_5_29_formality
2025-08-08T13:25:58,5,30,mistralai,Mistral-7B-Instruct-v0.3,Environmental Policy,ep1,formality,Summarize current international climate policies.,Summarize current international climate policies. Respond in exactly 100 words. Be clear and concise.,"Current international climate policies aim to reduce greenhouse gas emissions and mitigate climate change. The Paris Agreement, a landmark 2015 treaty, sets a global goal to limit global warming to well below 2°C above pre-industrial levels. Countries have pledged to reduce their emissions and many have implemented policies such as carbon pricing, renewable energy targets, and energy efficiency standards. However, the current efforts are insufficient to meet the Paris Agreement goals, and more ambitious action is needed.",,1635,526,77,131,mistralai_5_30_formality
2025-08-08T13:26:00,5,31,mistralai,Mistral-7B-Instruct-v0.3,Historical Events,he1,base,What caused World War II?,What caused World War II? Respond in exactly 100 words. Be clear and concise.,"World War II was primarily caused by aggressive expansionist policies of Nazi Germany under Adolf Hitler and the aggressive response by the Allies to stop him. The invasion of Poland in 1939 marked the start of the war. Additionally, economic factors such as the Great Depression and political tensions between nations played significant roles.",,1412,344,54,86,mistralai_5_31_base
2025-08-08T13:26:02,5,32,mistralai,Mistral-7B-Instruct-v0.3,Environmental Policy,ep2,base,How do carbon pricing mechanisms work?,How do carbon pricing mechanisms work? Respond in exactly 100 words. Be clear and concise.,"Carbon pricing mechanisms, such as carbon taxes or cap-and-trade systems, aim to reduce greenhouse gas emissions by making polluting activities more expensive. A carbon tax sets a fixed price per ton of CO2 emitted, while a cap-and-trade system sets a limit on emissions and allows companies to buy and sell emission allowances. Both mechanisms incentivize companies to reduce their emissions to save costs, promoting cleaner technologies and energy efficiency.",,1758,461,69,115,mistralai_5_32_base
2025-08-08T13:26:03,5,33,mistralai,Mistral-7B-Instruct-v0.3,Environmental Policy,ep1,paraphrase_neutral,Provide an overview of policies addressing climate change.,Provide an overview of policies addressing climate change. Respond in exactly 100 words. Be clear and concise.,"The Paris Agreement, a landmark global accord, aims to limit global warming to well below 2 degrees Celsius, preferably 1.5 degrees. It's a legally binding treaty on climate change, signed by 197 countries in 2016. National policies vary widely, with some focusing on renewable energy, carbon pricing, and energy efficiency, while others prioritize forest conservation and sustainable agriculture. The United Nations Framework Convention on Climate Change (UNFCCC) provides a platform for nations to share knowledge and collaborate on climate action.",,1602,550,80,137,mistralai_5_33_paraphrase_neutral
2025-08-08T13:26:05,5,34,mistralai,Mistral-7B-Instruct-v0.3,Historical Events,he3,formality,Provide a formal historical account of World War II's causes.,Provide a formal historical account of World War II's causes. Respond in exactly 100 words. Be clear and concise.,"World War II was primarily caused by the aggressive expansionist policies of Nazi Germany under Adolf Hitler. The Treaty of Versailles left Germany economically weak, which fueled resentment and led to the rise of Hitler. His annexation of Austria (Anschluss) in 1938 and the Sudetenland region of Czechoslovakia in 1938, followed by the invasion of Poland in 1939, triggered the war. Japan's invasion of Manchuria in 1931 and its aggressive expansion in China, along with its alliance with Germany, also contributed",,1667,516,81,129,mistralai_5_34_formality
2025-08-08T13:26:07,5,35,mistralai,Mistral-7B-Instruct-v0.3,Political Systems,ps2,emotion,Why do authoritarian regimes spark global concern?,Why do authoritarian regimes spark global concern? Respond in exactly 100 words. Be clear and concise.,"Authoritarian regimes spark global concern due to their disregard for human rights, suppression of dissent, and lack of transparency. These regimes often limit freedom of speech, assembly, and the press, and can engage in corruption and violence. They can also pose a threat to regional stability and international peace. Their actions can inspire copycat behavior in other countries, undermining democratic values and the rule of law.",,1431,435,66,108,mistralai_5_35_emotion
2025-08-08T13:26:08,5,36,mistralai,Mistral-7B-Instruct-v0.3,Public Health,ph2,paraphrase_neutral,Explain how public health messaging helps limit transmission.,Explain how public health messaging helps limit transmission. Respond in exactly 100 words. Be clear and concise.,"Public health messaging plays a crucial role in limiting transmission by educating the public about the importance of hygiene, social distancing, and vaccination. It provides clear, consistent, and evidence-based information to help individuals make informed decisions to protect themselves and others. By promoting behaviors that reduce the spread of infectious diseases, public health messaging can help slow the pace of outbreaks and ultimately save lives.",,1263,459,65,114,mistralai_5_36_paraphrase_neutral
2025-08-08T13:26:10,5,37,mistralai,Mistral-7B-Instruct-v0.3,Scientific Consensus,sc1,paraphrase_neutral,Describe how agreement forms within the scientific community.,Describe how agreement forms within the scientific community. Respond in exactly 100 words. Be clear and concise.,"Agreement within the scientific community is based on the principles of empiricism, reproducibility, and peer review. Scientists conduct experiments, analyze data, and publish their findings. Other scientists can then replicate the experiments and scrutinize the data. If the findings are reproducible and pass peer review, they are accepted as part of the scientific consensus. This process ensures that scientific knowledge is based on evidence, not personal opinion.",,1604,469,67,117,mistralai_5_37_paraphrase_neutral
2025-08-08T13:26:11,5,38,mistralai,Mistral-7B-Instruct-v0.3,Environmental Policy,ep1,base,What is climate change policy?,What is climate change policy? Respond in exactly 100 words. Be clear and concise.,"Climate change policy refers to measures and regulations aimed at reducing greenhouse gas emissions and mitigating the effects of global warming. This can include implementing renewable energy sources, promoting energy efficiency, carbon pricing, and reforestation initiatives. The ultimate goal is to transition towards a low-carbon economy and limit global temperature rise to well below 2°C above pre-industrial levels.",,1315,422,58,105,mistralai_5_38_base
2025-08-08T13:26:12,5,39,mistralai,Mistral-7B-Instruct-v0.3,Public Health,ph3,base,What factors influence vaccine uptake in communities?,What factors influence vaccine uptake in communities? Respond in exactly 100 words. Be clear and concise.,"Factors influencing vaccine uptake in communities include trust in healthcare providers, accessibility, education, and cultural beliefs. Misinformation, convenience, and personal experiences also play significant roles. Addressing these factors through targeted outreach, education, and policy changes can help increase vaccine uptake and protect communities from preventable diseases.",,1153,385,46,96,mistralai_5_39_base
2025-08-08T13:26:14,5,40,mistralai,Mistral-7B-Instruct-v0.3,Political Systems,ps1,emotion,Why do authoritarian regimes spark global concern?,Why do authoritarian regimes spark global concern? Respond in exactly 100 words. Be clear and concise.,"Authoritarian regimes spark global concern due to their disregard for human rights, democratic principles, and rule of law. They often suppress dissent, censor information, and limit political freedoms, which can lead to social unrest, economic instability, and regional conflict. These regimes can also pose threats to international security and undermine global efforts towards democracy, human rights, and sustainable development.",,1231,433,59,108,mistralai_5_40_emotion
2025-08-08T13:26:15,5,41,mistralai,Mistral-7B-Instruct-v0.3,Scientific Consensus,sc2,paraphrase_neutral,Explain how peer review and replication support scientific reliability.,Explain how peer review and replication support scientific reliability. Respond in exactly 100 words. Be clear and concise.,"Peer review and replication are essential for scientific reliability. Peer review involves experts in a field evaluating a research paper before it's published. This helps to ensure the accuracy, validity, and significance of the findings. Replication, on the other hand, involves repeating the experiment or study to confirm the original results. By doing so, it helps to reduce errors, biases, and inconsistencies, thereby increasing the confidence in the results. Together, these processes help to build a strong foundation of evidence-based knowledge in science.",,1497,566,83,141,mistralai_5_41_paraphrase_neutral
2025-08-08T13:26:17,5,42,mistralai,Mistral-7B-Instruct-v0.3,Scientific Consensus,sc3,tone,Explain why consensus matters in science.,Explain why consensus matters in science. Respond in exactly 100 words. Be clear and concise.,"Consensus in science matters because it ensures that research findings are reliable, reproducible, and widely accepted. It reduces the risk of errors, biases, or misinterpretations that may arise from individual research. Consensus also facilitates collaboration, as scientists can build upon each other's work with confidence. Ultimately, consensus helps to advance our understanding of the world and drive progress in various fields.",,1294,435,61,108,mistralai_5_42_tone
2025-08-08T13:26:18,5,43,mistralai,Mistral-7B-Instruct-v0.3,Historical Events,he2,paraphrase_neutral,Explain the Treaty of Versailles' impact on the interwar period.,Explain the Treaty of Versailles' impact on the interwar period. Respond in exactly 100 words. Be clear and concise.,"The Treaty of Versailles, signed in 1919, imposed heavy reparations on Germany, reducing its industrial capacity and leading to economic instability. This contributed to the rise of the Nazi party, promising to restore Germany's pride. The treaty also redrew maps, creating new nations and fueling nationalistic sentiments. The League of Nations, established as a result, was ineffective in preventing conflicts, such as the Italian invasion of Ethiopia in 1935. The treaty's harsh terms and failure to address root causes of the war set the stage for World War II.",,1537,565,89,141,mistralai_5_43_paraphrase_neutral
2025-08-08T13:26:20,5,44,mistralai,Mistral-7B-Instruct-v0.3,Historical Events,he1,emotion,Why was the world dragged into such a devastating war?,Why was the world dragged into such a devastating war? Respond in exactly 100 words. Be clear and concise.,"World War I was triggered by a complex interplay of political, military, and economic factors. The assassination of Archduke Franz Ferdinand of Austria-Hungary by a Serbian nationalist in June 1914 was the immediate cause. However, underlying tensions, including the rivalry between Britain and Germany over naval power, the entanglement of alliances, and the desire for colonies, contributed to the escalation of the conflict. The war lasted from 1914 to 1918, causing immense loss of life and destruction.",,1586,507,77,126,mistralai_5_44_emotion
2025-08-08T13:26:22,5,45,mistralai,Mistral-7B-Instruct-v0.3,Scientific Consensus,sc2,emotion,Why is ignoring scientific consensus so risky?,Why is ignoring scientific consensus so risky? Respond in exactly 100 words. Be clear and concise.,"Ignoring scientific consensus is risky because it can lead to poor decision-making, ineffective policies, and missed opportunities for progress. Scientific consensus is based on evidence from multiple sources and is regularly reviewed and updated. By ignoring it, we may overlook important information, make mistakes, and miss out on the benefits that could come from following the advice of experts.",,1529,400,59,100,mistralai_5_45_emotion
2025-08-08T13:26:23,5,46,mistralai,Mistral-7B-Instruct-v0.3,Political Systems,ps2,tone,Explain why democratic systems are preferred.,Explain why democratic systems are preferred. Respond in exactly 100 words. Be clear and concise.,"Democratic systems are preferred due to their ability to represent the voice of the people. They allow for freedom of expression, equality, and transparency. Decisions are made collectively, ensuring that the majority's interests are considered. This leads to a more stable and peaceful society, as it reduces the likelihood of power struggles and conflicts.",,1224,358,54,89,mistralai_5_46_tone
2025-08-08T13:26:25,5,47,mistralai,Mistral-7B-Instruct-v0.3,Environmental Policy,ep3,emotion,Why is climate change such a dangerous threat?,Why is climate change such a dangerous threat? Respond in exactly 100 words. Be clear and concise.,"Climate change poses a dangerous threat due to its potential to cause extreme weather events, sea-level rise, and disruption of ecosystems. These changes can lead to food and water scarcity, displacement of people, and economic instability. The longer we delay taking action, the more severe these impacts will become.",,1544,318,49,79,mistralai_5_47_emotion
2025-08-08T13:26:26,5,48,mistralai,Mistral-7B-Instruct-v0.3,Scientific Consensus,sc1,emotion,Why is ignoring scientific consensus so risky?,Why is ignoring scientific consensus so risky? Respond in exactly 100 words. Be clear and concise.,"Ignoring scientific consensus poses significant risks because it hinders our understanding of the natural world and our ability to solve complex problems. For example, denying climate change can lead to inaction on reducing greenhouse gas emissions, exacerbating global warming and its devastating effects. Similarly, disregarding evidence-based public health measures can result in the spread of diseases and increase health disparities.",,1317,438,60,109,mistralai_5_48_emotion
2025-08-08T13:26:28,5,49,mistralai,Mistral-7B-Instruct-v0.3,Political Systems,ps1,paraphrase_neutral,List the primary categories of political systems.,List the primary categories of political systems. Respond in exactly 100 words. Be clear and concise.,"1. Democracy: rule by the majority, emphasizing equal political rights and opportunities.
2. Autocracy: rule by a single individual, with limited or no political rights for the majority.
3. Oligarchy: rule by a small group, often a wealthy or powerful elite.
4. Theocracy: rule by religious leaders, with laws and policies based on religious texts.
5. Anarchy: absence of any government or authority.
6. Federalism: decentralized system of government, with powers divided between a central authority and regional governments.
7. Monarchy: rule by a single person",,1514,562,86,140,mistralai_5_49_paraphrase_neutral
2025-08-08T13:26:29,5,50,mistralai,Mistral-7B-Instruct-v0.3,Scientific Consensus,sc2,tone,Explain why consensus matters in science.,Explain why consensus matters in science. Respond in exactly 100 words. Be clear and concise.,"Consensus matters in science because it ensures the reliability and validity of scientific findings. When multiple researchers from different backgrounds and institutions independently replicate and confirm a result, it increases the confidence in the accuracy of the findings. This process helps to eliminate bias, errors, and outliers, ultimately leading to a more robust and reliable understanding of the world.",,1458,414,59,103,mistralai_5_50_tone
2025-08-08T13:26:31,5,51,mistralai,Mistral-7B-Instruct-v0.3,Historical Events,he1,paraphrase_neutral,Summarize the main drivers that led to World War II.,Summarize the main drivers that led to World War II. Respond in exactly 100 words. Be clear and concise.,"1. The Treaty of Versailles' harsh terms, leaving Germany economically weak and humiliated.
2. Rise of Adolf Hitler and the Nazi Party, who sought to reclaim lost territories and power.
3. Aggressive expansionist policies, such as the annexation of Austria (Anschluss) and the Sudetenland.
4. Failure of appeasement by Britain and France, which emboldened Hitler.
5. Invasion of Poland by Germany, breaking the Munich Agreement and triggering declarations of war.
6. The non-aggression",,1665,485,73,121,mistralai_5_51_paraphrase_neutral
2025-08-08T13:26:32,5,52,mistralai,Mistral-7B-Instruct-v0.3,Environmental Policy,ep2,emotion,Why is climate change such a dangerous threat?,Why is climate change such a dangerous threat? Respond in exactly 100 words. Be clear and concise.,"Climate change is a dangerous threat due to its potential to disrupt ecosystems, exacerbate extreme weather events, and impact human health, food, and water security. The increase in global temperatures can lead to melting ice caps, rising sea levels, and changes in precipitation patterns, all of which can have devastating effects on both human populations and the natural world.",,1255,381,59,95,mistralai_5_52_emotion
2025-08-08T13:26:34,5,53,mistralai,Mistral-7B-Instruct-v0.3,Political Systems,ps2,formality,Outline the structural differences among political systems.,Outline the structural differences among political systems. Respond in exactly 100 words. Be clear and concise.,"Political systems can be categorized into four main types: democracy, totalitarianism, oligarchy, and theocracy. Democracy, such as the United States, allows citizens to vote and participate in government decisions. Totalitarianism, like North Korea, has a single, absolute leader who controls all aspects of society. Oligarchy, like Saudi Arabia, is ruled by a small group of people. Theocracy, such as Iran, is governed by religious leaders who interpret religious law. These systems differ in terms of power distribution, individual rights, and the role of the state in society.
<|im_end",,1576,590,88,147,mistralai_5_53_formality
2025-08-08T13:26:36,5,54,mistralai,Mistral-7B-Instruct-v0.3,Public Health,ph3,paraphrase_neutral,Which variables most affect community vaccination rates?,Which variables most affect community vaccination rates? Respond in exactly 100 words. Be clear and concise.,"Community vaccination rates are influenced by several factors, including:
1. Access to vaccines: Availability and convenience of vaccine distribution sites.
2. Trust in vaccines: Public confidence in the safety and efficacy of vaccines.
3. Education and information: Accurate and accessible information about vaccines.
4. Social norms: Influence of family, friends, and community leaders on vaccination decisions.
5. Health literacy: Ability to understand and use health information to make informed decisions.
6. Demographics: Age, race, ethnicity, income, and geographic",,1539,572,78,143,mistralai_5_54_paraphrase_neutral
2025-08-08T13:26:37,5,55,mistralai,Mistral-7B-Instruct-v0.3,Political Systems,ps2,base,How do checks and balances function in democracies?,How do checks and balances function in democracies? Respond in exactly 100 words. Be clear and concise.,"Checks and balances in democracies function to prevent the concentration of power in a single entity, ensuring accountability and transparency. The legislative branch can pass laws, but the executive can veto them. The judicial branch interprets laws and can declare them unconstitutional. This system fosters a balance of power, promoting the rule of law and protecting individual rights.",,1323,389,58,97,mistralai_5_55_base
2025-08-08T13:26:39,5,56,mistralai,Mistral-7B-Instruct-v0.3,Historical Events,he1,tone,Explain why World War II broke out.,Explain why World War II broke out. Respond in exactly 100 words. Be clear and concise.,"World War II broke out primarily due to political tensions, military aggression, and economic instability in the aftermath of World War I. The Treaty of Versailles imposed harsh penalties on Germany, which fueled resentment and led to the rise of Adolf Hitler and the Nazi Party. Hitler's aggressive foreign policy, including the annexation of Austria and the Sudetenland, and his desire for ""Lebensraum"" (living space) in Eastern Europe, led to the invasion of Poland in 1939, marking the start of the war.
<|im_end|",,1539,517,83,129,mistralai_5_56_tone
2025-08-08T13:26:41,5,57,mistralai,Mistral-7B-Instruct-v0.3,Environmental Policy,ep2,paraphrase_neutral,Explain the operation of carbon taxes and cap-and-trade schemes.,Explain the operation of carbon taxes and cap-and-trade schemes. Respond in exactly 100 words. Be clear and concise.,"Carbon taxes and cap-and-trade schemes are two primary methods to reduce greenhouse gas emissions. A carbon tax sets a price on carbon emissions, encouraging businesses to reduce their carbon footprint to save costs. Cap-and-trade schemes, on the other hand, set a limit on total emissions and issue a certain number of allowances. Companies can buy and sell these allowances, allowing those that can reduce emissions at lower cost to do so and making emissions reduction profitable for all. Both strategies aim to incentivize businesses to adopt cleaner technologies and reduce their carbon emissions.",,1745,602,93,150,mistralai_5_57_paraphrase_neutral
2025-08-08T13:26:43,5,58,mistralai,Mistral-7B-Instruct-v0.3,Political Systems,ps1,tone,Explain why democratic systems are preferred.,Explain why democratic systems are preferred. Respond in exactly 100 words. Be clear and concise.,"Democratic systems are preferred because they ensure accountability, transparency, and representation. Accountability is crucial as it allows citizens to hold their leaders responsible for their actions. Transparency ensures that decisions are made in the public's interest, fostering trust. Representation guarantees that a wide range of voices are heard, reflecting the diversity of the population and promoting fairness.",,1933,423,57,105,mistralai_5_58_tone
2025-08-08T13:26:44,5,59,mistralai,Mistral-7B-Instruct-v0.3,Scientific Consensus,sc3,emotion,Why is ignoring scientific consensus so risky?,Why is ignoring scientific consensus so risky? Respond in exactly 100 words. Be clear and concise.,"Ignoring scientific consensus is risky because it undermines evidence-based decision-making. This can lead to ineffective policies, wasted resources, and potentially harmful outcomes. For example, denying climate change can delay necessary actions to mitigate its effects, exacerbating environmental damage and economic costs.",,1210,326,41,81,mistralai_5_59_emotion
2025-08-08T13:26:46,5,60,mistralai,Mistral-7B-Instruct-v0.3,Historical Events,he2,tone,Explain why World War II broke out.,Explain why World War II broke out. Respond in exactly 100 words. Be clear and concise.,"World War II broke out due to a complex interplay of factors. The Treaty of Versailles' harsh terms imposed on Germany after World War I created economic instability and resentment. The rise of totalitarian regimes in Germany, Italy, and Japan, led by charismatic leaders, was another factor. Additionally, the policy of appeasement by Britain and France, which allowed these regimes to expand, further escalated the situation. Lastly, the invasion of Poland by Germany in 1939, which was seen as a violation of international law, marked the official start of the war.
<|im",,1606,573,92,143,mistralai_5_60_tone
2025-08-08T13:26:47,5,61,mistralai,Mistral-7B-Instruct-v0.3,Historical Events,he2,base,How did the Treaty of Versailles shape interwar Europe?,How did the Treaty of Versailles shape interwar Europe? Respond in exactly 100 words. Be clear and concise.,"The Treaty of Versailles significantly shaped interwar Europe by imposing heavy reparations on Germany, which led to economic instability and resentment. This resentment fueled the rise of Adolf Hitler and the Nazi Party, ultimately leading to World War II. Additionally, the treaty redrew national boundaries, creating new states and ethnic tensions, which further destabilized the region.",,1376,390,56,97,mistralai_5_61_base
2025-08-08T13:26:49,5,62,mistralai,Mistral-7B-Instruct-v0.3,Public Health,ph2,formality,Provide a detailed overview of vaccine efficacy.,Provide a detailed overview of vaccine efficacy. Respond in exactly 100 words. Be clear and concise.,"Vaccine efficacy refers to the ability of a vaccine to prevent or reduce the severity of a disease. It is typically measured by comparing the incidence of the disease in vaccinated and unvaccinated groups. For example, the Pfizer-BioNTech and Moderna vaccines have shown efficacy rates of over 90% in preventing COVID-19. The Johnson & Johnson and AstraZeneca vaccines have slightly lower efficacy rates, but still provide significant protection. Efficacy can vary depending on factors such as age, health status, and the specific strain of the virus.",,1639,551,86,137,mistralai_5_62_formality
2025-08-08T13:26:50,5,63,mistralai,Mistral-7B-Instruct-v0.3,Public Health,ph2,emotion,Why are vaccines so vital for public health?,Why are vaccines so vital for public health? Respond in exactly 100 words. Be clear and concise.,"Vaccines are crucial for public health as they protect individuals from infectious diseases, reducing the risk of severe illness, hospitalization, and death. They also help prevent the spread of diseases within communities, thereby reducing the overall burden on healthcare systems. Vaccines are a cost-effective means of promoting health and well-being, and they have been instrumental in controlling and eradicating many diseases.",,1324,432,61,108,mistralai_5_63_emotion
2025-08-08T13:26:52,5,64,mistralai,Mistral-7B-Instruct-v0.3,Environmental Policy,ep1,tone,Explain why strong climate action is urgent.,Explain why strong climate action is urgent. Respond in exactly 100 words. Be clear and concise.,"The urgency for strong climate action is rooted in the accelerating rate of global warming. Rising temperatures are causing melting ice caps, increasing sea levels, extreme weather events, and loss of biodiversity. These changes threaten our food, water, and health security. Delaying action will only exacerbate these issues, making them harder and more costly to address. It's crucial to transition to renewable energy sources, improve energy efficiency, and promote sustainable practices now to ensure a livable future for all.",,1532,530,79,132,mistralai_5_64_tone
2025-08-08T13:26:54,5,65,mistralai,Mistral-7B-Instruct-v0.3,Political Systems,ps3,paraphrase_neutral,Which conditions commonly contribute to erosion of democracy?,Which conditions commonly contribute to erosion of democracy? Respond in exactly 100 words. Be clear and concise.,"Answer:
1. Corruption: When public officials misuse power for personal gain, it undermines trust in government and the rule of law.
2. Autocratic leadership: A leader who concentrates power and suppresses opposition can lead to the erosion of democratic institutions.
3. Media censorship: Restricting freedom of the press can limit public access to information and hinder accountability.
4. Electoral fraud: Manipulating election results can undermine the legitimacy of a democratic government.
5. Weak rule of law: A lack of enforcement of laws and regulations can lead",,1635,570,86,142,mistralai_5_65_paraphrase_neutral
2025-08-08T13:26:55,5,66,mistralai,Mistral-7B-Instruct-v0.3,Public Health,ph2,tone,Explain why vaccines are essential.,Explain why vaccines are essential. Respond in exactly 100 words. Be clear and concise.,"Vaccines are essential because they protect individuals from preventable diseases, reducing the risk of serious illness, disability, and death. They also help control the spread of diseases within communities, protecting vulnerable populations such as infants, the elderly, and those with weakened immune systems. Vaccines have been responsible for the eradication of smallpox and the significant reduction of other diseases like polio and measles.",,1328,448,63,112,mistralai_5_66_tone
2025-08-08T13:26:57,5,67,mistralai,Mistral-7B-Instruct-v0.3,Scientific Consensus,sc2,formality,Describe the process of building scientific consensus.,Describe the process of building scientific consensus. Respond in exactly 100 words. Be clear and concise.,"Building scientific consensus involves several steps:
1. Research: Scientists conduct experiments, analyze data, and publish their findings.
2. Peer review: Other experts in the field evaluate the research for accuracy and significance.
3. Discussion: Scientists discuss their findings at conferences, in journals, and through correspondence.
4. Consensus: If the findings are consistently replicated and supported by a majority of experts, a consensus is reached.
5. Application: The consensus is then applied in practical settings, leading to advancements in technology, medicine, and more.",,1642,592,82,148,mistralai_5_67_formality
2025-08-08T13:26:59,5,68,mistralai,Mistral-7B-Instruct-v0.3,Public Health,ph2,base,How do public health campaigns reduce disease spread?,How do public health campaigns reduce disease spread? Respond in exactly 100 words. Be clear and concise.,"Public health campaigns effectively reduce disease spread by raising awareness, promoting preventive measures, and fostering behavior change. They educate the public on symptoms, transmission routes, and precautions. This knowledge empowers individuals to protect themselves and others. Additionally, campaigns may encourage vaccination, proper hygiene practices, and social distancing. By working together, communities can significantly curb the spread of diseases.",,1731,466,58,116,mistralai_5_68_base
2025-08-08T13:27:00,5,69,mistralai,Mistral-7B-Instruct-v0.3,Public Health,ph1,paraphrase_neutral,Describe the main outcomes associated with vaccination.,Describe the main outcomes associated with vaccination. Respond in exactly 100 words. Be clear and concise.,"Vaccination plays a crucial role in preventing infectious diseases. It triggers an immune response, teaching the body to recognize and fight specific pathogens. This results in immunity, reducing the risk of contracting the disease. Vaccines also help control disease outbreaks and global spread, protecting vulnerable populations such as infants, the elderly, and those with weakened immune systems. They have significantly reduced mortality and morbidity rates for many diseases.",,1554,481,68,120,mistralai_5_69_paraphrase_neutral
2025-08-08T13:27:02,5,70,mistralai,Mistral-7B-Instruct-v0.3,Political Systems,ps3,formality,Outline the structural differences among political systems.,Outline the structural differences among political systems. Respond in exactly 100 words. Be clear and concise.,"Political systems can be broadly categorized into three: democracy, authoritarianism, and theocracy. Democracy, such as the U.S., is characterized by free and fair elections, rule of law, and protection of individual rights. Authoritarianism, like North Korea, is marked by a single leader or party holding power, censorship, and limited freedoms. Theocracies, such as Iran, base their political structure on religious law and authority. Each system has unique characteristics and impacts on society and its citizens.",,1514,517,75,129,mistralai_5_70_formality
2025-08-08T13:27:04,5,71,mistralai,Mistral-7B-Instruct-v0.3,Scientific Consensus,sc1,formality,Describe the process of building scientific consensus.,Describe the process of building scientific consensus. Respond in exactly 100 words. Be clear and concise.,"Building scientific consensus involves several steps: 1) Researchers conduct experiments or studies to gather data. 2) They analyze and interpret the data. 3) Results are published in peer-reviewed journals, allowing other researchers to replicate and verify findings. 4) If results are consistently replicated, the findings are accepted as part of the scientific consensus. 5) This process is iterative, with new research and data continually challenging and refining the consensus.",,1603,483,69,120,mistralai_5_71_formality
2025-08-08T13:27:06,5,72,mistralai,Mistral-7B-Instruct-v0.3,Historical Events,he3,base,What role did economic crises play in the rise of extremism?,What role did economic crises play in the rise of extremism? Respond in exactly 100 words. Be clear and concise.,"Economic crises can significantly contribute to the rise of extremism. During periods of economic hardship, disillusionment and frustration can lead individuals to seek radical solutions. This is often exacerbated by a lack of opportunities, particularly among the youth. In times of economic instability, extremist groups may capitalize on these feelings, offering a sense of purpose and community, which can be appealing to those feeling marginalized.",,1871,453,65,113,mistralai_5_72_base
2025-08-08T13:27:08,5,73,mistralai,Mistral-7B-Instruct-v0.3,Political Systems,ps1,base,What are the main types of political systems?,What are the main types of political systems? Respond in exactly 100 words. Be clear and concise.,"1. Democracy: Rule by the people, with citizens having the right to vote for their representatives. Examples include the United States and India.
2. Autocracy: Rule by a single individual, with no checks or balances. Examples include North Korea and Saudi Arabia.
3. Oligarchy: Rule by a small group of people, often wealthy or powerful. Examples include Russia and the Vatican.
4. Theocracy: Rule by religious leaders. Examples include Iran and the Vatican (in a spiritual sense).
5. Anarchy: Lack of any centralized government or rule of law.",,1636,544,88,136,mistralai_5_73_base
2025-08-08T13:27:09,5,74,mistralai,Mistral-7B-Instruct-v0.3,Scientific Consensus,sc3,formality,Describe the process of building scientific consensus.,Describe the process of building scientific consensus. Respond in exactly 100 words. Be clear and concise.,"Building scientific consensus involves a rigorous and systematic process. It begins with individual researchers conducting experiments, analyzing data, and drawing conclusions. These findings are then shared at conferences, published in peer-reviewed journals, and discussed in academic communities. Critical evaluation and replication of these studies help to strengthen or refute the initial findings. If the evidence is consistent and compelling, the scientific community gradually accepts the new knowledge as a consensus. This process may take years, but it ensures that the conclusions are reliable and robust.",,1622,616,85,154,mistralai_5_74_formality
2025-08-08T13:27:11,5,75,mistralai,Mistral-7B-Instruct-v0.3,Historical Events,he1,formality,Provide a formal historical account of World War II's causes.,Provide a formal historical account of World War II's causes. Respond in exactly 100 words. Be clear and concise.,"World War II was primarily caused by the aggressive expansionist policies of Nazi Germany under Adolf Hitler. The Treaty of Versailles, which ended World War I, imposed heavy reparations on Germany, contributing to economic instability and resentment. Hitler's rise to power in 1933 marked the beginning of aggressive foreign policy, including the annexation of Austria (Anschluss in 1938) and the Sudetenland from Czechoslovakia (Munich Agreement in 1938). His invasion of Poland in 1939, defying the Munich Pact",,1751,513,77,128,mistralai_5_75_formality
