timestamp,run_id,order_idx,model,model_version,domain,base_id,variant,prompt,full_prompt,response,err,latency_ms,char_len,word_len,token_count_est,response_id
2025-08-07T16:47:38,1,1,mistralai,Mistral-7B-Instruct-v0.3,Environmental Policy,ep3,paraphrase_neutral,Identify key obstacles to large-scale adoption of renewable energy.,Identify key obstacles to large-scale adoption of renewable energy. Respond in exactly 100 words. Be clear and concise.,"1. Intermittency: Renewable energy sources like wind and solar are dependent on weather conditions, making their output unpredictable.
2. High initial costs: The upfront costs of renewable energy systems can be prohibitive for many individuals and businesses.
3. Infrastructure limitations: Existing power grids may not be equipped to handle the large-scale integration of renewable energy.
4. Policy and regulation: Lack of consistent policies and regulations can create uncertainty and hinder investment in renewable energy.
5. Public perception: Some people perceive renewable energy as unreliable or expensive, slowing",,2082,622,87,155,mistralai_1_1_paraphrase_neutral
2025-08-07T16:47:40,1,2,mistralai,Mistral-7B-Instruct-v0.3,Scientific Consensus,sc3,emotion,Why is ignoring scientific consensus so risky?,Why is ignoring scientific consensus so risky? Respond in exactly 100 words. Be clear and concise.,"Ignoring scientific consensus can lead to ineffective or harmful decisions. Scientific research is based on evidence, reproducibility, and peer review. By ignoring it, we may miss out on valuable insights, overlook potential risks, and waste resources. It's essential to base decisions on the best available evidence to ensure the greatest benefit for society.",,1342,360,53,90,mistralai_1_2_emotion
2025-08-07T16:47:41,1,3,mistralai,Mistral-7B-Instruct-v0.3,Political Systems,ps3,formality,Outline the structural differences among political systems.,Outline the structural differences among political systems. Respond in exactly 100 words. Be clear and concise.,"Political systems can be categorized into three main types: democratic, authoritarian, and theocratic. Democratic systems prioritize individual rights, rule of law, and popular sovereignty. Authoritarian systems concentrate power in the hands of a few, often suppressing dissent. Theocratic systems base their laws on religious texts and principles. Each system has unique characteristics, such as the role of the military, the extent of civil liberties, and the level of political participation.",,1534,496,70,124,mistralai_1_3_formality
2025-08-07T16:47:43,1,4,mistralai,Mistral-7B-Instruct-v0.3,Scientific Consensus,sc2,emotion,Why is ignoring scientific consensus so risky?,Why is ignoring scientific consensus so risky? Respond in exactly 100 words. Be clear and concise.,"Ignoring scientific consensus is risky because it undermines evidence-based decision-making. This can lead to ineffective policies, wasted resources, and potentially harmful outcomes. For example, ignoring the consensus on climate change could result in inadequate efforts to mitigate its effects, leading to increased environmental damage, economic costs, and human suffering.",,1328,377,49,94,mistralai_1_4_emotion
2025-08-07T16:47:44,1,5,mistralai,Mistral-7B-Instruct-v0.3,Historical Events,he3,emotion,Why was the world dragged into such a devastating war?,Why was the world dragged into such a devastating war? Respond in exactly 100 words. Be clear and concise.,"The First World War, also known as the Great War, was sparked by a complex web of political alliances, militarism, imperialism, and nationalism. The assassination of Archduke Franz Ferdinand of Austria-Hungary by a Serbian nationalist in June 1914 set off a chain reaction, leading to a war involving many of the world's powers. The war was devastating due to the outdated tactics, technological advancements, and the sheer scale of the conflict.",,1460,446,71,111,mistralai_1_5_emotion
2025-08-07T16:47:46,1,6,mistralai,Mistral-7B-Instruct-v0.3,Political Systems,ps3,tone,Explain why democratic systems are preferred.,Explain why democratic systems are preferred. Respond in exactly 100 words. Be clear and concise.,"Democratic systems are preferred due to their transparency, accountability, and representation. Transparency ensures citizens can understand how decisions are made, fostering trust. Accountability holds leaders responsible for their actions, promoting integrity. Representation allows citizens to elect leaders who reflect their values and interests, ensuring their voices are heard. These factors contribute to a more stable, effective, and responsive government.",,1303,464,59,116,mistralai_1_6_tone
2025-08-07T16:47:47,1,7,mistralai,Mistral-7B-Instruct-v0.3,Historical Events,he2,paraphrase_neutral,Explain the Treaty of Versailles' impact on the interwar period.,Explain the Treaty of Versailles' impact on the interwar period. Respond in exactly 100 words. Be clear and concise.,"The Treaty of Versailles significantly impacted the interwar period in several ways. Its harsh provisions, including Germany's responsibility for World War I damages and territorial losses, created resentment and fueled nationalism. This contributed to the rise of Adolf Hitler and the Nazi Party, leading to World War II. The treaty also dismantled the German military, leaving Europe vulnerable to aggression. Additionally, it established the League of Nations, although it failed to prevent further conflicts.",,1540,512,74,128,mistralai_1_7_paraphrase_neutral
2025-08-07T16:47:49,1,8,mistralai,Mistral-7B-Instruct-v0.3,Scientific Consensus,sc3,tone,Explain why consensus matters in science.,Explain why consensus matters in science. Respond in exactly 100 words. Be clear and concise.,"Consensus matters in science because it provides a collective understanding and agreement on the validity and reliability of scientific findings. This is crucial for advancing knowledge, making informed decisions, and ensuring the integrity and credibility of scientific research. Consensus is achieved through rigorous testing, peer review, and replication of experiments, which helps to minimize errors and biases, and increase the confidence in the results.",,1373,460,64,115,mistralai_1_8_tone
2025-08-07T16:47:50,1,9,mistralai,Mistral-7B-Instruct-v0.3,Historical Events,he3,formality,Provide a formal historical account of World War II's causes.,Provide a formal historical account of World War II's causes. Respond in exactly 100 words. Be clear and concise.,"World War II was primarily caused by the aggressive expansionist policies of Nazi Germany under Adolf Hitler. The Treaty of Versailles' harsh terms towards Germany, creating economic instability and resentment, also played a role. Additionally, the failure of the League of Nations to prevent Italian and Japanese aggression in Abyssinia and Manchuria, respectively, further escalated the conflict.",,1379,398,57,99,mistralai_1_9_formality
2025-08-07T16:47:52,1,10,mistralai,Mistral-7B-Instruct-v0.3,Public Health,ph1,tone,Explain why vaccines are essential.,Explain why vaccines are essential. Respond in exactly 100 words. Be clear and concise.,"Vaccines are essential because they protect individuals from preventable diseases, reducing the risk of illness, disability, and death. They also help control the spread of diseases in communities, protecting vulnerable populations such as infants, the elderly, and those with weakened immune systems. Vaccines have saved millions of lives and are crucial for maintaining global health and well-being.",,1329,401,57,100,mistralai_1_10_tone
2025-08-07T16:47:53,1,11,mistralai,Mistral-7B-Instruct-v0.3,Historical Events,he1,base,What caused World War II?,What caused World War II? Respond in exactly 100 words. Be clear and concise.,"World War II was primarily caused by the aggressive expansionist policies of Nazi Germany under Adolf Hitler. The invasion of Poland in 1939 marked the beginning of the war in Europe. The League of Nations, the precursor to the United Nations, failed to prevent this aggression due to the appeasement policy of Britain and France. The bombing of Pearl Harbor by Japan in 1941 drew the United States into the war. The war ended with the unconditional surrender of Germany and Japan in 1945.",,1545,489,84,122,mistralai_1_11_base
2025-08-07T16:47:55,1,12,mistralai,Mistral-7B-Instruct-v0.3,Political Systems,ps1,base,What are the main types of political systems?,What are the main types of political systems? Respond in exactly 100 words. Be clear and concise.,"1. Democracy: Rule by the majority, emphasizing equal political rights and opportunities for all citizens.
2. Autocracy: Rule by a single individual or a small group, often with limited or no political freedoms for the general population.
3. Oligarchy: Rule by a small group of individuals, who hold political power and make decisions for the rest of the population.
4. Theocracy: Rule by religious leaders, where religious law is the primary source of authority.
5. Federalism: A system of government where power is divided between a central authority and regional governments.
6. Anarchy:",,1622,590,93,147,mistralai_1_12_base
2025-08-07T16:47:57,1,13,mistralai,Mistral-7B-Instruct-v0.3,Environmental Policy,ep3,formality,Summarize current international climate policies.,Summarize current international climate policies. Respond in exactly 100 words. Be clear and concise.,"International climate policies aim to reduce greenhouse gas emissions and mitigate climate change. The Paris Agreement, a global pact signed in 2015, sets a goal to limit global warming to well below 2 degrees Celsius above pre-industrial levels. Countries have pledged to reduce their carbon footprint by submitting Nationally Determined Contributions (NDCs). Policies include renewable energy targets, carbon pricing, and energy efficiency measures. However, the effectiveness of these policies varies significantly among countries.",,1727,534,73,133,mistralai_1_13_formality
2025-08-07T16:47:59,1,14,mistralai,Mistral-7B-Instruct-v0.3,Historical Events,he2,formality,Provide a formal historical account of World War II's causes.,Provide a formal historical account of World War II's causes. Respond in exactly 100 words. Be clear and concise.,"World War II was triggered by the aggressive expansionist policies of Nazi Germany under Adolf Hitler. The annexation of Austria (Anschluss) in 1938 and the Sudetenland region of Czechoslovakia in 1938 and 1939, as well as the invasion of Poland in September 1939, violated international treaties and led to declarations of war by France and the United Kingdom. The Axis Powers (Germany, Italy, and Japan) sought territorial expansion and global dominance, escalating tensions and ultimately igniting the war.",,1646,509,78,127,mistralai_1_14_formality
2025-08-07T16:48:00,1,15,mistralai,Mistral-7B-Instruct-v0.3,Scientific Consensus,sc3,base,How do meta-analyses inform consensus?,How do meta-analyses inform consensus? Respond in exactly 100 words. Be clear and concise.,"Meta-analyses synthesize and summarize the findings from multiple studies on a specific research question. By providing a quantitative summary of the results, they help identify patterns, inconsistencies, and potential biases. This process aids in reaching a more robust and reliable consensus, as it leverages the collective evidence from various sources.",,1357,356,50,89,mistralai_1_15_base
2025-08-07T16:48:02,1,16,mistralai,Mistral-7B-Instruct-v0.3,Environmental Policy,ep2,base,How do carbon pricing mechanisms work?,How do carbon pricing mechanisms work? Respond in exactly 100 words. Be clear and concise.,"Carbon pricing mechanisms, such as carbon taxes or cap-and-trade systems, aim to reduce greenhouse gas emissions by making them costly. In a carbon tax, a fee is levied on carbon emissions, while a cap-and-trade system sets a limit on emissions and allows companies to buy and sell emission allowances. These mechanisms incentivize businesses to reduce emissions to save costs, promoting cleaner technologies and more sustainable practices.",,1510,440,66,110,mistralai_1_16_base
2025-08-07T16:48:03,1,17,mistralai,Mistral-7B-Instruct-v0.3,Public Health,ph3,emotion,Why are vaccines so vital for public health?,Why are vaccines so vital for public health? Respond in exactly 100 words. Be clear and concise.,"Vaccines are crucial for public health as they prevent the spread of infectious diseases, reducing the number of cases, hospitalizations, and deaths. They protect vulnerable individuals, such as the elderly, infants, and those with weakened immune systems. Vaccines also help control outbreaks and eradicate diseases, improving global health and well-being.",,1248,357,50,89,mistralai_1_17_emotion
2025-08-07T16:48:05,1,18,mistralai,Mistral-7B-Instruct-v0.3,Historical Events,he1,tone,Explain why World War II broke out.,Explain why World War II broke out. Respond in exactly 100 words. Be clear and concise.,"World War II broke out primarily due to political tensions, military expansions, and aggressive policies of the Axis Powers (Germany, Italy, and Japan). The Treaty of Versailles' harsh terms towards Germany fueled resentment, leading to Adolf Hitler's rise to power. His aggressive expansionist policies, such as the annexation of Austria (Anschluss) and the Sudetenland, violated the treaty and led to increased tensions with neighboring countries. The invasion of Poland by Germany in September 1939 marked the start of World War II.
<|im_",,1663,541,82,135,mistralai_1_18_tone
2025-08-07T16:48:06,1,19,mistralai,Mistral-7B-Instruct-v0.3,Environmental Policy,ep1,emotion,Why is climate change such a dangerous threat?,Why is climate change such a dangerous threat? Respond in exactly 100 words. Be clear and concise.,"Climate change is a dangerous threat due to its potential to cause extreme weather events, sea-level rise, and ecosystem disruption. It can lead to food and water scarcity, displacement of people, and economic instability. The consequences are far-reaching and can have long-lasting effects on our planet and society.",,1192,317,48,79,mistralai_1_19_emotion
2025-08-07T16:48:08,1,20,mistralai,Mistral-7B-Instruct-v0.3,Historical Events,he2,emotion,Why was the world dragged into such a devastating war?,Why was the world dragged into such a devastating war? Respond in exactly 100 words. Be clear and concise.,"World War I was sparked by a complex web of political alliances, militarism, imperialism, and nationalism. The assassination of Archduke Franz Ferdinand of Austria-Hungary by a Serbian nationalist in June 1914 served as the immediate trigger. The complex system of alliances led to a chain reaction, as Germany invaded Belgium to attack France, drawing in Britain due to its treaty obligations. The war became a global conflict due to the empires of Britain, France, Germany, Russia, and the United States.",,1617,506,80,126,mistralai_1_20_emotion
2025-08-07T16:48:10,1,21,mistralai,Mistral-7B-Instruct-v0.3,Public Health,ph3,base,What factors influence vaccine uptake in communities?,What factors influence vaccine uptake in communities? Respond in exactly 100 words. Be clear and concise.,"Factors influencing vaccine uptake in communities include:
1. Trust in healthcare providers and public health institutions.
2. Accessibility of vaccines, including geographic proximity and affordability.
3. Education and information about the benefits of vaccines.
4. Cultural and religious beliefs.
5. Misinformation and vaccine hesitancy.
6. Personal experiences with previous vaccines or vaccine-preventable diseases.
7. Government policies and incentives.
8. Community norms and peer pressure.
9. Health literacy and economic status.
10. Age, gender, and ethnicity",,1747,568,75,142,mistralai_1_21_base
2025-08-07T16:48:11,1,22,mistralai,Mistral-7B-Instruct-v0.3,Historical Events,he1,formality,Provide a formal historical account of World War II's causes.,Provide a formal historical account of World War II's causes. Respond in exactly 100 words. Be clear and concise.,"World War II, from 1939 to 1945, was primarily caused by the aggressive expansionist policies of Nazi Germany under Adolf Hitler. The Treaty of Versailles left Germany economically crippled after World War I, leading to resentment and a desire for revenge. Hitler's rise to power in 1933 marked the beginning of aggressive rearmament and annexation of neighboring territories, violating the Treaty of Versailles. The invasion of Poland in 1939 sparked declarations of war from Britain and France, marking the start of the",,1571,521,82,130,mistralai_1_22_formality
2025-08-07T16:48:13,1,23,mistralai,Mistral-7B-Instruct-v0.3,Public Health,ph3,formality,Provide a detailed overview of vaccine efficacy.,Provide a detailed overview of vaccine efficacy. Respond in exactly 100 words. Be clear and concise.,"Vaccine efficacy refers to the ability of a vaccine to prevent or reduce the severity of a disease. It is typically measured by comparing the incidence of the disease in vaccinated and unvaccinated populations. For example, the Pfizer-BioNTech and Moderna vaccines have shown efficacy rates of around 95% in preventing COVID-19. The Johnson & Johnson and AstraZeneca vaccines have slightly lower efficacy rates, but still provide significant protection. It's important to note that while vaccines are highly effective, they are not 100% effective",,1813,546,83,136,mistralai_1_23_formality
2025-08-07T16:48:15,1,24,mistralai,Mistral-7B-Instruct-v0.3,Public Health,ph1,base,What are the effects of vaccines?,What are the effects of vaccines? Respond in exactly 100 words. Be clear and concise.,"Vaccines stimulate the immune system to produce a response to a specific disease without causing the illness itself. This response creates immunity, preventing future infections. Vaccines are crucial in controlling the spread of infectious diseases and saving lives. They are safe, effective, and essential for global health.",,1215,325,47,81,mistralai_1_24_base
2025-08-07T16:48:16,1,25,mistralai,Mistral-7B-Instruct-v0.3,Environmental Policy,ep3,base,What are the main barriers to implementing green energy transitions?,What are the main barriers to implementing green energy transitions? Respond in exactly 100 words. Be clear and concise.,"1. Financial barriers: High upfront costs for green energy infrastructure and technologies can be a significant obstacle.
2. Technological limitations: Some green energy technologies are still in the developmental stage, and their efficiency and scalability need improvement.
3. Regulatory barriers: Lack of consistent policies and regulations can hinder the widespread adoption of green energy.
4. Infrastructure challenges: Existing energy infrastructure may not be compatible with green energy technologies, making integration difficult.
5. Public perception: Misconceptions and lack of understanding about green energy can create resistance to its adoption.",,1706,661,88,165,mistralai_1_25_base
2025-08-07T16:48:18,1,26,mistralai,Mistral-7B-Instruct-v0.3,Scientific Consensus,sc2,paraphrase_neutral,Explain how peer review and replication support scientific reliability.,Explain how peer review and replication support scientific reliability. Respond in exactly 100 words. Be clear and concise.,"Peer review and replication are essential mechanisms in ensuring scientific reliability. Peer review involves experts in a field scrutinizing research findings before publication, thereby minimizing errors and biases. Replication, on the other hand, involves repeating the experiment or study to verify the original results. By doing so, it helps confirm the validity and generalizability of the findings. Together, these methods enhance the credibility and trustworthiness of scientific research.",,1562,497,68,124,mistralai_1_26_paraphrase_neutral
2025-08-07T16:48:20,1,27,mistralai,Mistral-7B-Instruct-v0.3,Scientific Consensus,sc1,formality,Describe the process of building scientific consensus.,Describe the process of building scientific consensus. Respond in exactly 100 words. Be clear and concise.,"Building scientific consensus involves a rigorous and iterative process. Researchers propose hypotheses, design experiments to test them, and analyze the results. If findings are consistent across multiple studies, the hypothesis becomes more accepted. Peer review, replication, and open discussion are key to ensuring the validity and reliability of research. Time and evidence gradually build a consensus, but it can take years or even decades.",,1329,446,64,111,mistralai_1_27_formality
2025-08-07T16:48:21,1,28,mistralai,Mistral-7B-Instruct-v0.3,Political Systems,ps2,formality,Outline the structural differences among political systems.,Outline the structural differences among political systems. Respond in exactly 100 words. Be clear and concise.,"Political systems vary in their structure, ideology, and organization. Democracies, such as the United States, emphasize individual rights, political freedom, and the rule of law. The government is elected by the people, and power is dispersed among multiple branches to prevent abuse. In contrast, authoritarian regimes, like North Korea, concentrate power in a single leader or small elite, suppressing political opposition and limiting individual freedoms. Socialist systems, like Cuba, emphasize collective ownership of the means of production and a strong role for the government in the economy, while capitalist systems, like the United States, prioritize private",,1681,669,96,167,mistralai_1_28_formality
2025-08-07T16:48:23,1,29,mistralai,Mistral-7B-Instruct-v0.3,Environmental Policy,ep2,formality,Summarize current international climate policies.,Summarize current international climate policies. Respond in exactly 100 words. Be clear and concise.,"Current international climate policies are diverse and multifaceted, reflecting the global nature of the climate crisis. Key policies include the Paris Agreement, which aims to limit global warming to well below 2°C above pre-industrial levels, and the Kyoto Protocol, which established legally binding obligations for developed countries to reduce their greenhouse gas emissions. Other policies focus on renewable energy, carbon pricing, and energy efficiency standards. However, more ambitious and coordinated action is needed to meet the goals set by these agreements.",,1589,571,81,142,mistralai_1_29_formality
2025-08-07T16:48:25,1,30,mistralai,Mistral-7B-Instruct-v0.3,Scientific Consensus,sc2,formality,Describe the process of building scientific consensus.,Describe the process of building scientific consensus. Respond in exactly 100 words. Be clear and concise.,"Building scientific consensus involves several stages: 1) Researchers conduct independent studies, 2) They share their findings at conferences, publish in journals, or present online, 3) Other researchers replicate or build upon the work, 4) Debate and discussion occur, 5) Consensus emerges when a majority of researchers agree on the results and their implications. This process is iterative and relies on transparency, reproducibility, and peer review.",,1538,455,65,113,mistralai_1_30_formality
2025-08-07T16:48:26,1,31,mistralai,Mistral-7B-Instruct-v0.3,Political Systems,ps1,formality,Outline the structural differences among political systems.,Outline the structural differences among political systems. Respond in exactly 100 words. Be clear and concise.,"Political systems vary in their structure, ideology, and operation. Democracies, such as the United States, prioritize individual rights, rule of law, and regular elections. In contrast, authoritarian regimes, like North Korea, centralize power and suppress dissent. Socialist systems, like Cuba, emphasize collective ownership and government control of the economy. Constitutional monarchies, like the United Kingdom, combine a hereditary monarch with an elected parliament. Understanding these differences is crucial for informed global citizenship.",,1737,551,72,137,mistralai_1_31_formality
2025-08-07T16:48:28,1,32,mistralai,Mistral-7B-Instruct-v0.3,Historical Events,he2,tone,Explain why World War II broke out.,Explain why World War II broke out. Respond in exactly 100 words. Be clear and concise.,"World War II broke out due to a combination of factors. The Treaty of Versailles' harsh reparations imposed on Germany created economic instability and resentment. The rise of Adolf Hitler and the Nazi Party exploited this resentment, promoting aggressive nationalism. The invasion of Poland by Germany in 1939, despite the League of Nations' appeasement efforts, marked the start of the war.",,1532,392,61,98,mistralai_1_32_tone
2025-08-07T16:48:30,1,33,mistralai,Mistral-7B-Instruct-v0.3,Historical Events,he1,emotion,Why was the world dragged into such a devastating war?,Why was the world dragged into such a devastating war? Respond in exactly 100 words. Be clear and concise.,"World War I was sparked by a complex web of alliances, militarism, nationalism, imperialism, and the assassination of Archduke Franz Ferdinand of Austria-Hungary by a Serbian nationalist in June 1914. The assassination triggered a chain reaction of declarations of war among the various alliances, leading to a global conflict that lasted from 1914 to 1918.",,1434,357,55,89,mistralai_1_33_emotion
2025-08-07T16:48:31,1,34,mistralai,Mistral-7B-Instruct-v0.3,Public Health,ph2,base,How do public health campaigns reduce disease spread?,How do public health campaigns reduce disease spread? Respond in exactly 100 words. Be clear and concise.,"Public health campaigns aim to educate the public about disease prevention methods, promote healthy behaviors, and encourage vaccination. By providing accurate information, they empower individuals to protect themselves and others. Additionally, campaigns can raise awareness about symptoms and the importance of seeking medical attention, ultimately contributing to early detection and treatment.",,1229,397,51,99,mistralai_1_34_base
2025-08-07T16:48:33,1,35,mistralai,Mistral-7B-Instruct-v0.3,Scientific Consensus,sc2,base,What roles do peer review and replication play in science?,What roles do peer review and replication play in science? Respond in exactly 100 words. Be clear and concise.,"Peer review and replication are essential components of the scientific process. Peer review, where other experts evaluate a researcher's work, ensures that findings are accurate, methodologically sound, and contribute to the existing body of knowledge. Replication, the repetition of experiments or studies, verifies the reliability and reproducibility of results. Both processes help maintain the integrity and validity of scientific research, fostering progress and advancing our understanding of the world.",,1534,509,69,127,mistralai_1_35_base
2025-08-07T16:48:34,1,36,mistralai,Mistral-7B-Instruct-v0.3,Political Systems,ps2,base,How do checks and balances function in democracies?,How do checks and balances function in democracies? Respond in exactly 100 words. Be clear and concise.,"Checks and balances in democracies function to prevent any one branch of government from gaining too much power. The legislative branch can pass laws, but the executive branch can veto them. The judicial branch interprets laws and can declare them unconstitutional. This system ensures that no single branch dominates, maintaining a balance of power and protecting individual rights and freedoms.",,1333,396,60,99,mistralai_1_36_base
2025-08-07T16:48:35,1,37,mistralai,Mistral-7B-Instruct-v0.3,Political Systems,ps1,emotion,Why do authoritarian regimes spark global concern?,Why do authoritarian regimes spark global concern? Respond in exactly 100 words. Be clear and concise.,"Authoritarian regimes spark global concern due to their disregard for human rights, suppression of dissent, and potential for regional instability. They undermine democratic norms, restrict freedoms, and can lead to humanitarian crises. Their actions can also have global implications, such as inspiring copycat regimes or exacerbating conflicts.",,1317,346,47,86,mistralai_1_37_emotion
2025-08-07T16:48:37,1,38,mistralai,Mistral-7B-Instruct-v0.3,Public Health,ph1,emotion,Why are vaccines so vital for public health?,Why are vaccines so vital for public health? Respond in exactly 100 words. Be clear and concise.,"Vaccines are crucial for public health because they prevent the spread of infectious diseases, protecting individuals and communities. By reducing the number of susceptible people, they create ""herd immunity,"" protecting those who cannot be vaccinated, such as infants or those with weakened immune systems. Vaccines have saved millions of lives and continue to do so by reducing the global burden of disease.",,1443,409,62,102,mistralai_1_38_emotion
2025-08-07T16:48:39,1,39,mistralai,Mistral-7B-Instruct-v0.3,Political Systems,ps2,tone,Explain why democratic systems are preferred.,Explain why democratic systems are preferred. Respond in exactly 100 words. Be clear and concise.,"Democratic systems are preferred because they promote transparency, accountability, and inclusivity. Decisions are made collectively, allowing all citizens to have a voice and participate in the governance process. This fosters a sense of ownership and responsibility among citizens, promoting social cohesion and stability. Additionally, democratic systems encourage the rule of law, protecting individual rights and freedoms, and ensuring that power is not abused.",,1434,466,63,116,mistralai_1_39_tone
2025-08-07T16:48:40,1,40,mistralai,Mistral-7B-Instruct-v0.3,Historical Events,he3,tone,Explain why World War II broke out.,Explain why World War II broke out. Respond in exactly 100 words. Be clear and concise.,"World War II broke out primarily due to the aggressive expansionist policies of Nazi Germany under Adolf Hitler. The invasion of Poland in September 1939 marked the start of the war in Europe. Tensions were high due to the Treaty of Versailles' harsh terms on Germany after World War I, economic instability, and political ideological differences. The failure of appeasement policies by Britain and France, coupled with Hitler's desire for ""Lebensraum"" (living space) for the German people, led to the outbreak of this devastating global conflict.",,1635,547,86,136,mistralai_1_40_tone
2025-08-07T16:48:42,1,41,mistralai,Mistral-7B-Instruct-v0.3,Historical Events,he1,paraphrase_neutral,Summarize the main drivers that led to World War II.,Summarize the main drivers that led to World War II. Respond in exactly 100 words. Be clear and concise.,"1. The Treaty of Versailles' harsh reparations and territorial adjustments imposed on Germany created resentment and economic instability.
2. The rise of totalitarian regimes in Germany, Italy, and Japan, led by Adolf Hitler, Benito Mussolini, and Emperor Hirohito, respectively.
3. The aggressive expansionist policies of these regimes, with Germany's annexation of Austria (Anschluss) and Sudetenland, and Japan's invasion of Manchuria.
4. The appeasement policy of the Western democracies, which failed to",,1747,508,71,127,mistralai_1_41_paraphrase_neutral
2025-08-07T16:48:44,1,42,mistralai,Mistral-7B-Instruct-v0.3,Environmental Policy,ep3,tone,Explain why strong climate action is urgent.,Explain why strong climate action is urgent. Respond in exactly 100 words. Be clear and concise.,"The urgency of strong climate action lies in the irreversible consequences of inaction. Rising global temperatures are causing melting ice caps, sea-level rise, extreme weather events, and loss of biodiversity. These changes threaten our food, water, and economic security. Delaying action will only make the problem more expensive and difficult to solve. We must act now to limit global warming to 1.5°C above pre-industrial levels, as per the Paris Agreement, to secure a sustainable future for all.",,1625,501,77,125,mistralai_1_42_tone
2025-08-07T16:48:46,1,43,mistralai,Mistral-7B-Instruct-v0.3,Public Health,ph2,formality,Provide a detailed overview of vaccine efficacy.,Provide a detailed overview of vaccine efficacy. Respond in exactly 100 words. Be clear and concise.,"Vaccine efficacy refers to the ability of a vaccine to prevent or reduce the severity of a disease. It's typically measured in clinical trials by comparing the number of cases among vaccinated and unvaccinated individuals. For example, a vaccine with 95% efficacy would prevent 95 out of 100 people from getting the disease if they were vaccinated. However, efficacy can vary depending on factors like the strain of the virus, the population being vaccinated, and the specific vaccine used.",,1746,490,79,122,mistralai_1_43_formality
2025-08-07T16:48:47,1,44,mistralai,Mistral-7B-Instruct-v0.3,Historical Events,he3,paraphrase_neutral,Describe how economic turmoil contributed to extremist movements.,Describe how economic turmoil contributed to extremist movements. Respond in exactly 100 words. Be clear and concise.,"Economic turmoil often exacerbates social and political tensions, leading to extremist movements. During periods of economic instability, disillusioned individuals may seek radical solutions to their problems. Unemployment, poverty, and inequality can fuel resentment and anger, making people more susceptible to extremist ideologies. Additionally, economic hardship can undermine trust in established institutions, further contributing to the rise of extremist groups.",,1526,469,59,117,mistralai_1_44_paraphrase_neutral
2025-08-07T16:48:49,1,45,mistralai,Mistral-7B-Instruct-v0.3,Political Systems,ps3,base,What factors lead to democratic backsliding?,What factors lead to democratic backsliding? Respond in exactly 100 words. Be clear and concise.,"Factors contributing to democratic backsliding include:
1. Erosion of the rule of law: This occurs when the judiciary is undermined, constitutional norms are disregarded, and the legal system is manipulated to favor the ruling party.
2. Weakened political institutions: This includes the manipulation or dismantling of democratic institutions such as the legislature, electoral commission, and media.
3. Political polarization: This leads to a breakdown in political compromise and consensus, often exacerbated by social media and disinformation campaigns.
4. Economic decline: Economic crises",,1638,593,82,148,mistralai_1_45_base
2025-08-07T16:48:51,1,46,mistralai,Mistral-7B-Instruct-v0.3,Scientific Consensus,sc1,emotion,Why is ignoring scientific consensus so risky?,Why is ignoring scientific consensus so risky? Respond in exactly 100 words. Be clear and concise.,"Ignoring scientific consensus is risky because it disregards evidence-based knowledge accumulated over time. This knowledge is crucial for making informed decisions and solving complex problems. Disregarding it can lead to ineffective policies, wasted resources, and even harm to public health and the environment.",,1325,314,43,78,mistralai_1_46_emotion
2025-08-07T16:48:52,1,47,mistralai,Mistral-7B-Instruct-v0.3,Political Systems,ps2,paraphrase_neutral,Explain the role of separation of powers in democratic governance.,Explain the role of separation of powers in democratic governance. Respond in exactly 100 words. Be clear and concise.,"Separation of powers is a fundamental principle in democratic governance, ensuring checks and balances among the three branches of government: legislative, executive, and judicial. This system prevents any one branch from becoming too powerful and ensures that each branch has its own specific roles and responsibilities. The legislative branch makes laws, the executive enforces them, and the judicial interprets them. This system promotes accountability, transparency, and the rule of law, essential for a functioning democracy.",,1567,530,75,132,mistralai_1_47_paraphrase_neutral
2025-08-07T16:48:54,1,48,mistralai,Mistral-7B-Instruct-v0.3,Public Health,ph1,paraphrase_neutral,Describe the main outcomes associated with vaccination.,Describe the main outcomes associated with vaccination. Respond in exactly 100 words. Be clear and concise.,"Vaccination offers several significant outcomes. Firstly, it protects individuals from infectious diseases, reducing the risk of illness, hospitalization, and death. Secondly, it helps control and potentially eradicate diseases at a population level, reducing transmission and preventing outbreaks. Lastly, vaccination contributes to herd immunity, protecting those who cannot be vaccinated, such as infants or individuals with compromised immune systems.",,1400,455,58,113,mistralai_1_48_paraphrase_neutral
2025-08-07T16:48:55,1,49,mistralai,Mistral-7B-Instruct-v0.3,Public Health,ph2,emotion,Why are vaccines so vital for public health?,Why are vaccines so vital for public health? Respond in exactly 100 words. Be clear and concise.,"Vaccines are crucial for public health because they prevent the spread of infectious diseases, protecting individuals and communities. They reduce the number of serious illnesses, hospitalizations, and deaths, thereby alleviating the burden on healthcare systems. Vaccines also contribute to herd immunity, which protects those who cannot be vaccinated due to health reasons or age.",,1443,382,54,95,mistralai_1_49_emotion
2025-08-07T16:48:57,1,50,mistralai,Mistral-7B-Instruct-v0.3,Environmental Policy,ep2,emotion,Why is climate change such a dangerous threat?,Why is climate change such a dangerous threat? Respond in exactly 100 words. Be clear and concise.,"Climate change poses a dangerous threat due to its potential to disrupt ecosystems, exacerbate extreme weather events, and impact human health, agriculture, and economies. The increase in global temperatures can lead to melting ice caps, rising sea levels, and altered precipitation patterns, causing flooding, droughts, and other disasters. These changes can have far-reaching consequences, affecting biodiversity, food security, and overall quality of life for many people around the world.",,1444,492,69,123,mistralai_1_50_emotion
2025-08-07T16:48:59,1,51,mistralai,Mistral-7B-Instruct-v0.3,Environmental Policy,ep1,paraphrase_neutral,Provide an overview of policies addressing climate change.,Provide an overview of policies addressing climate change. Respond in exactly 100 words. Be clear and concise.,"Policies addressing climate change globally include the Paris Agreement, aiming to limit global warming to well below 2 degrees Celsius. The European Union has set a goal to be carbon-neutral by 2050. In the U.S., the Biden administration has re-joined the Paris Agreement and proposed a $2 trillion climate plan. China, the world's largest emitter, has pledged to peak carbon emissions before 2030 and achieve carbon neutrality before 2060. These policies involve renewable energy expansion, carbon pricing, and investments in green technologies.",,1618,547,82,136,mistralai_1_51_paraphrase_neutral
2025-08-07T16:49:00,1,52,mistralai,Mistral-7B-Instruct-v0.3,Political Systems,ps1,tone,Explain why democratic systems are preferred.,Explain why democratic systems are preferred. Respond in exactly 100 words. Be clear and concise.,"Democratic systems are preferred because they empower citizens, promote accountability, and foster transparency. In a democracy, citizens have the power to elect their leaders, ensuring that those in power represent their interests. This promotes accountability, as leaders must answer to the people they serve. Transparency is also increased, as information about government activities is made available to the public. This helps to prevent corruption and ensures that decisions are made in the best interest of the majority.",,1408,526,77,131,mistralai_1_52_tone
2025-08-07T16:49:02,1,53,mistralai,Mistral-7B-Instruct-v0.3,Public Health,ph3,tone,Explain why vaccines are essential.,Explain why vaccines are essential. Respond in exactly 100 words. Be clear and concise.,"Vaccines are essential because they help protect individuals from preventable diseases, reducing the risk of serious illness, disability, and death. By building immunity, they also help prevent the spread of diseases in communities, protecting vulnerable populations such as infants, the elderly, and those with weakened immune systems. Vaccines have been responsible for eradicating or controlling many diseases, saving millions of lives worldwide.",,1453,449,62,112,mistralai_1_53_tone
2025-08-07T16:49:03,1,54,mistralai,Mistral-7B-Instruct-v0.3,Environmental Policy,ep3,emotion,Why is climate change such a dangerous threat?,Why is climate change such a dangerous threat? Respond in exactly 100 words. Be clear and concise.,"Climate change is a dangerous threat due to its potential to cause severe and irreversible damage to our planet. It can lead to rising sea levels, increased frequency and intensity of extreme weather events, loss of biodiversity, and negative impacts on human health and agriculture. The longer we delay taking action, the more severe these impacts will become.",,1326,361,58,90,mistralai_1_54_emotion
2025-08-07T16:49:04,1,55,mistralai,Mistral-7B-Instruct-v0.3,Political Systems,ps2,emotion,Why do authoritarian regimes spark global concern?,Why do authoritarian regimes spark global concern? Respond in exactly 100 words. Be clear and concise.,"Authoritarian regimes spark global concern due to their disregard for human rights, suppression of dissent, and potential for instability. They undermine democratic values, limit freedom, and can lead to humanitarian crises. Their actions can also have negative economic and geopolitical impacts, affecting regional stability and international relations.",,1331,354,47,88,mistralai_1_55_emotion
2025-08-07T16:49:06,1,56,mistralai,Mistral-7B-Instruct-v0.3,Political Systems,ps3,paraphrase_neutral,Which conditions commonly contribute to erosion of democracy?,Which conditions commonly contribute to erosion of democracy? Respond in exactly 100 words. Be clear and concise.,"Common conditions that erode democracy include:
1. Corruption: When public officials misuse their power for personal gain, it undermines trust in government and the democratic process.
2. Authoritarianism: Leaders who concentrate power in their hands, suppress opposition, and curtail civil liberties can erode democratic institutions.
3. Inequality: Wide economic disparities can lead to political polarization and unrest, potentially destabilizing democratic governments.
4. Populism: Appealing to the emotions and fears of the masses, populist leaders can undermine democratic norms and institutions for short-term",,1738,617,82,154,mistralai_1_56_paraphrase_neutral
2025-08-07T16:49:08,1,57,mistralai,Mistral-7B-Instruct-v0.3,Political Systems,ps3,emotion,Why do authoritarian regimes spark global concern?,Why do authoritarian regimes spark global concern? Respond in exactly 100 words. Be clear and concise.,"Authoritarian regimes spark global concern due to their disregard for human rights, suppression of dissent, and potential for regional instability. These regimes can lead to humanitarian crises, stifle economic growth, and pose a threat to democratic values. Their actions can also have a ripple effect, inspiring similar behavior in neighboring countries and undermining international norms.",,1432,392,55,98,mistralai_1_57_emotion
2025-08-07T16:49:09,1,58,mistralai,Mistral-7B-Instruct-v0.3,Scientific Consensus,sc1,paraphrase_neutral,Describe how agreement forms within the scientific community.,Describe how agreement forms within the scientific community. Respond in exactly 100 words. Be clear and concise.,"Scientific agreement forms through a process called peer review, where researchers submit their findings to journals, and other experts in the field evaluate and critique the work. If the research is sound and significant, it is published. Over time, as more studies support a theory, it becomes widely accepted within the scientific community. This process ensures that scientific knowledge is reliable and builds upon a foundation of evidence.",,1305,445,68,111,mistralai_1_58_paraphrase_neutral
2025-08-07T16:49:11,1,59,mistralai,Mistral-7B-Instruct-v0.3,Political Systems,ps1,paraphrase_neutral,List the primary categories of political systems.,List the primary categories of political systems. Respond in exactly 100 words. Be clear and concise.,"1. Autocracy: A system ruled by a single leader with absolute power, with no checks or balances.
2. Monarchy: A system ruled by a single person, typically a king or queen, often inherited through birth.
3. Democracy: A system in which power is vested in the people, who rule either directly or through freely elected representatives.
4. Oligarchy: A system ruled by a small group of people, who often hold power for their own benefit.
5. Anarchy: A state of disorder due to the absence of a governing authority.
6. Theocracy: A",,1661,527,92,131,mistralai_1_59_paraphrase_neutral
2025-08-07T16:49:12,1,60,mistralai,Mistral-7B-Instruct-v0.3,Scientific Consensus,sc1,tone,Explain why consensus matters in science.,Explain why consensus matters in science. Respond in exactly 100 words. Be clear and concise.,"Consensus in science is crucial as it ensures the reliability and validity of research findings. It is achieved through the repeated testing and verification of theories by multiple researchers. This process reduces the likelihood of errors and biases, increasing the confidence in the conclusions. Consensus also fosters a shared understanding of scientific facts, promoting collaboration and progress in the field.",,1284,416,60,104,mistralai_1_60_tone
2025-08-07T16:49:14,1,61,mistralai,Mistral-7B-Instruct-v0.3,Environmental Policy,ep1,base,What is climate change policy?,What is climate change policy? Respond in exactly 100 words. Be clear and concise.,"Climate change policy refers to measures and actions taken by governments, organizations, and individuals to mitigate and adapt to climate change. This includes reducing greenhouse gas emissions, promoting renewable energy, and implementing carbon pricing. Additionally, policies may focus on increasing energy efficiency, protecting natural carbon sinks, and aiding communities in adapting to climate change impacts.",,1272,417,55,104,mistralai_1_61_base
2025-08-07T16:49:15,1,62,mistralai,Mistral-7B-Instruct-v0.3,Scientific Consensus,sc1,base,How is scientific consensus established?,How is scientific consensus established? Respond in exactly 100 words. Be clear and concise.,"Scientific consensus is established through a process of peer-reviewed research, reproducibility, and agreement among experts in a field. This process involves multiple studies, experiments, and observations that support a particular theory or hypothesis. The more evidence that supports a theory, the stronger the consensus becomes. It's important to note that consensus doesn't mean absolute certainty, but rather a high degree of confidence in a theory's validity.",,1539,467,66,116,mistralai_1_62_base
2025-08-07T16:49:17,1,63,mistralai,Mistral-7B-Instruct-v0.3,Scientific Consensus,sc2,tone,Explain why consensus matters in science.,Explain why consensus matters in science. Respond in exactly 100 words. Be clear and concise.,"Consensus in science is crucial because it ensures that findings are reliable, reproducible, and widely accepted. It reduces the likelihood of errors or biases that may arise from individual research. Consensus is reached through rigorous testing, peer review, and replication of results, making scientific knowledge robust and trustworthy.",,1323,340,48,85,mistralai_1_63_tone
2025-08-07T16:49:19,1,64,mistralai,Mistral-7B-Instruct-v0.3,Public Health,ph1,formality,Provide a detailed overview of vaccine efficacy.,Provide a detailed overview of vaccine efficacy. Respond in exactly 100 words. Be clear and concise.,"Vaccine efficacy refers to the ability of a vaccine to prevent or reduce the severity of a disease. It's typically measured by comparing the incidence of the disease in vaccinated and unvaccinated groups. For example, the Pfizer-BioNTech and Moderna COVID-19 vaccines have shown efficacy rates of approximately 95% in preventing symptomatic COVID-19. The Johnson & Johnson and AstraZeneca vaccines have shown efficacy rates of approximately 70% and 62-90% respectively. Vaccine efficacy can",,1740,490,72,122,mistralai_1_64_formality
2025-08-07T16:49:20,1,65,mistralai,Mistral-7B-Instruct-v0.3,Public Health,ph2,paraphrase_neutral,Explain how public health messaging helps limit transmission.,Explain how public health messaging helps limit transmission. Respond in exactly 100 words. Be clear and concise.,"Public health messaging plays a crucial role in limiting transmission by educating the public about the importance of hygiene, social distancing, and vaccination. By providing clear, consistent, and evidence-based information, public health officials can encourage behaviors that reduce the spread of infectious diseases. Additionally, messaging can help dispel misinformation and promote a sense of community responsibility, which can help increase compliance with public health measures.",,1360,489,65,122,mistralai_1_65_paraphrase_neutral
2025-08-07T16:49:22,1,66,mistralai,Mistral-7B-Instruct-v0.3,Scientific Consensus,sc3,formality,Describe the process of building scientific consensus.,Describe the process of building scientific consensus. Respond in exactly 100 words. Be clear and concise.,"Building scientific consensus involves several steps: 1) Researchers conduct experiments or analyze data to generate new findings. 2) These findings are published in peer-reviewed journals, making them accessible to the scientific community. 3) Other researchers can then replicate the experiments or analyze the data independently. 4) If the results are consistent, the findings are considered valid and form the basis for new theories or hypotheses. 5) Over time, as more evidence accumulates, a consensus may form around a particular theory or hypothesis, becoming widely accepted within the scientific community.",,1613,616,89,154,mistralai_1_66_formality
2025-08-07T16:49:24,1,67,mistralai,Mistral-7B-Instruct-v0.3,Environmental Policy,ep2,paraphrase_neutral,Explain the operation of carbon taxes and cap-and-trade schemes.,Explain the operation of carbon taxes and cap-and-trade schemes. Respond in exactly 100 words. Be clear and concise.,"Carbon taxes set a price on carbon emissions, encouraging polluters to reduce emissions to minimize costs. Cap-and-trade schemes limit total emissions and distribute allowances to polluters. These allowances can be bought and sold, allowing companies to trade emissions rights, thus promoting efficiency in reducing emissions. Both mechanisms aim to incentivize a shift towards cleaner technologies and reduce greenhouse gas emissions.",,1539,435,60,108,mistralai_1_67_paraphrase_neutral
2025-08-07T16:49:25,1,68,mistralai,Mistral-7B-Instruct-v0.3,Environmental Policy,ep1,tone,Explain why strong climate action is urgent.,Explain why strong climate action is urgent. Respond in exactly 100 words. Be clear and concise.,"Climate change poses an immediate threat to our planet and human life. Rising temperatures, melting ice caps, and increased natural disasters are just a few consequences of inaction. Delaying action will only exacerbate these problems, causing irreversible damage. We must act now to reduce greenhouse gas emissions, invest in renewable energy, and transition to a sustainable economy to ensure a safe and healthy future for all.",,1803,429,66,107,mistralai_1_68_tone
2025-08-07T16:49:27,1,69,mistralai,Mistral-7B-Instruct-v0.3,Environmental Policy,ep2,tone,Explain why strong climate action is urgent.,Explain why strong climate action is urgent. Respond in exactly 100 words. Be clear and concise.,"Climate change poses an immediate threat to our planet and humanity. Rising temperatures, melting ice caps, increasing sea levels, and extreme weather events are evidence of this crisis. Delaying action will only exacerbate these problems, leading to irreversible damage. Strong and immediate action is crucial to mitigate these effects, secure a sustainable future, and ensure the well-being of generations to come.",,1673,416,61,104,mistralai_1_69_tone
2025-08-07T16:49:29,1,70,mistralai,Mistral-7B-Instruct-v0.3,Historical Events,he2,base,How did the Treaty of Versailles shape interwar Europe?,How did the Treaty of Versailles shape interwar Europe? Respond in exactly 100 words. Be clear and concise.,"The Treaty of Versailles significantly shaped interwar Europe by imposing harsh penalties on Germany, including large reparations payments, territorial losses, and military demobilization. This created economic instability in Germany, leading to hyperinflation and the Great Depression. The humiliation and resentment felt by Germans fueled nationalist sentiments, contributing to the rise of Adolf Hitler and the Nazi Party. The treaty also redrew the map of Europe, creating new nations and borders, which led to conflicts and instability in the region.",,1538,555,79,138,mistralai_1_70_base
2025-08-07T16:49:31,1,71,mistralai,Mistral-7B-Instruct-v0.3,Environmental Policy,ep1,formality,Summarize current international climate policies.,Summarize current international climate policies. Respond in exactly 100 words. Be clear and concise.,"International climate policies are diverse, reflecting each country's unique circumstances. The Paris Agreement, a landmark accord, aims to limit global warming to well below 2°C above pre-industrial levels. Countries have pledged to reduce their greenhouse gas emissions, with many implementing policies such as renewable energy targets, carbon pricing, and energy efficiency standards. However, the collective efforts are not sufficient to meet the Paris goals, underscoring the need for more ambitious action.",,1555,512,71,128,mistralai_1_71_formality
2025-08-07T16:49:32,1,72,mistralai,Mistral-7B-Instruct-v0.3,Scientific Consensus,sc3,paraphrase_neutral,Describe how meta-analytic evidence contributes to collective scientific judgments.,Describe how meta-analytic evidence contributes to collective scientific judgments. Respond in exactly 100 words. Be clear and concise.,"Meta-analytic evidence plays a crucial role in collective scientific judgments by synthesizing multiple studies on a specific research question. It provides a quantitative summary of the existing evidence, allowing researchers to assess the overall effect size, consistency, and robustness of findings. This process helps to identify patterns, biases, and gaps in the literature, guiding future research and informing evidence-based practices.",,1402,443,60,110,mistralai_1_72_paraphrase_neutral
2025-08-07T16:49:34,1,73,mistralai,Mistral-7B-Instruct-v0.3,Public Health,ph3,paraphrase_neutral,Which variables most affect community vaccination rates?,Which variables most affect community vaccination rates? Respond in exactly 100 words. Be clear and concise.,"Community vaccination rates are significantly influenced by factors such as access to vaccines, education, trust in healthcare providers, and social norms. Adequate supply of vaccines, convenient locations, and affordable costs can improve access. Education about the benefits and safety of vaccines can increase acceptance. Trust in healthcare providers and positive social norms towards vaccination can also boost rates.",,1434,422,58,105,mistralai_1_73_paraphrase_neutral
2025-08-07T16:49:35,1,74,mistralai,Mistral-7B-Instruct-v0.3,Historical Events,he3,base,What role did economic crises play in the rise of extremism?,What role did economic crises play in the rise of extremism? Respond in exactly 100 words. Be clear and concise.,"Economic crises can significantly contribute to the rise of extremism. During times of economic hardship, disillusioned individuals may seek radical solutions to perceived systemic failures. This can lead to increased support for extremist groups that promise quick solutions or scapegoats for societal problems. However, it's important to note that multiple factors, such as political instability, social inequality, and lack of opportunities, often contribute to the rise of extremism.",,1543,487,68,121,mistralai_1_74_base
2025-08-07T16:49:37,1,75,mistralai,Mistral-7B-Instruct-v0.3,Public Health,ph2,tone,Explain why vaccines are essential.,Explain why vaccines are essential. Respond in exactly 100 words. Be clear and concise.,"Vaccines are essential because they prevent the spread of infectious diseases, protect vulnerable populations, and save lives. They work by stimulating the immune system to produce antibodies against specific pathogens, without causing the actual disease. This immunity provides long-term protection against future infections. Vaccines have eradicated smallpox and significantly reduced the prevalence of other diseases like measles, polio, and tetanus. They are a crucial tool in global health and public safety.",,1625,513,71,128,mistralai_1_75_tone
2025-08-07T16:49:38,2,1,mistralai,Mistral-7B-Instruct-v0.3,Scientific Consensus,sc1,paraphrase_neutral,Describe how agreement forms within the scientific community.,Describe how agreement forms within the scientific community. Respond in exactly 100 words. Be clear and concise.,"Scientific agreement forms through a process called peer review. Researchers submit their findings to journals, which are then evaluated by other experts in the field. If the research is sound and the findings significant, the paper is published. This process ensures that research is valid, reproducible, and contributes to the body of knowledge in the field.",,1328,360,56,90,mistralai_2_1_paraphrase_neutral
2025-08-07T16:49:40,2,2,mistralai,Mistral-7B-Instruct-v0.3,Historical Events,he1,formality,Provide a formal historical account of World War II's causes.,Provide a formal historical account of World War II's causes. Respond in exactly 100 words. Be clear and concise.,"World War II was primarily caused by the aggressive expansionist policies of Nazi Germany under Adolf Hitler. The Treaty of Versailles left Germany economically crippled after World War I, leading to resentment and a desire for revenge. Hitler's rise to power in 1933 marked the beginning of aggressive rearmament and territorial expansion, including the annexation of Austria (Anschluss) in 1938 and the invasion of Poland in 1939, which triggered the war.",,1609,457,71,114,mistralai_2_2_formality
2025-08-07T16:49:42,2,3,mistralai,Mistral-7B-Instruct-v0.3,Public Health,ph2,tone,Explain why vaccines are essential.,Explain why vaccines are essential. Respond in exactly 100 words. Be clear and concise.,"Vaccines are essential because they protect individuals from preventable diseases, reducing the risk of serious illness, disability, and death. They also contribute to herd immunity, which helps protect vulnerable individuals who cannot be vaccinated, such as infants or those with weakened immune systems. Vaccines have been proven safe and effective in controlling the spread of diseases and saving millions of lives worldwide.",,1663,429,62,107,mistralai_2_3_tone
2025-08-07T16:49:44,2,4,mistralai,Mistral-7B-Instruct-v0.3,Political Systems,ps1,tone,Explain why democratic systems are preferred.,Explain why democratic systems are preferred. Respond in exactly 100 words. Be clear and concise.,"Democratic systems are preferred because they promote transparency, accountability, and inclusivity. Decisions are made through a process that involves the majority of the people, ensuring that the government represents the will of the people. This fosters a sense of ownership and participation, which can lead to increased social cohesion and stability. Moreover, democratic systems allow for regular checks and balances, preventing any one group or individual from gaining too much power.",,1634,491,71,122,mistralai_2_4_tone
2025-08-07T16:49:45,2,5,mistralai,Mistral-7B-Instruct-v0.3,Political Systems,ps2,emotion,Why do authoritarian regimes spark global concern?,Why do authoritarian regimes spark global concern? Respond in exactly 100 words. Be clear and concise.,"Authoritarian regimes spark global concern due to their disregard for human rights, democratic principles, and rule of law. They often suppress dissent, restrict freedom of speech, and limit political pluralism. This can lead to social unrest, human rights abuses, and instability, which can have negative effects on the global community. Moreover, authoritarian regimes can pose a threat to regional and international security.",,1446,428,62,107,mistralai_2_5_emotion
2025-08-07T16:49:47,2,6,mistralai,Mistral-7B-Instruct-v0.3,Scientific Consensus,sc1,tone,Explain why consensus matters in science.,Explain why consensus matters in science. Respond in exactly 100 words. Be clear and concise.,"Consensus in science matters because it ensures that research findings are reliable, reproducible, and widely accepted. It is the result of a rigorous process of peer review, where scientists evaluate each other's work for accuracy, validity, and significance. This process helps to eliminate bias, errors, and misinterpretations, thereby increasing the confidence in the findings. Consensus also facilitates collaboration, as scientists can build upon each other's work, leading to advancements in knowledge and technology.",,1726,524,73,131,mistralai_2_6_tone
2025-08-07T16:49:48,2,7,mistralai,Mistral-7B-Instruct-v0.3,Scientific Consensus,sc2,tone,Explain why consensus matters in science.,Explain why consensus matters in science. Respond in exactly 100 words. Be clear and concise.,"Consensus matters in science because it ensures the reliability and validity of scientific findings. By reaching a consensus, scientists agree on a shared understanding of a phenomenon, which helps to eliminate errors, biases, and misinterpretations. This consensus is built through rigorous testing, peer review, and reproducibility of results, ultimately leading to a more robust and reliable body of knowledge.",,1338,413,59,103,mistralai_2_7_tone
2025-08-07T16:49:50,2,8,mistralai,Mistral-7B-Instruct-v0.3,Historical Events,he2,tone,Explain why World War II broke out.,Explain why World War II broke out. Respond in exactly 100 words. Be clear and concise.,"World War II broke out primarily due to political tensions, military expansions, and non-compliance with treaties. The Treaty of Versailles imposed heavy reparations on Germany, leading to economic instability and resentment. Adolf Hitler, who rose to power in 1933, aggressively expanded German territory, violating the Treaty of Versailles and the Munich Agreement. His aggressive policies and the refusal to appease him led to the outbreak of the war.",,1523,454,68,113,mistralai_2_8_tone
2025-08-07T16:49:51,2,9,mistralai,Mistral-7B-Instruct-v0.3,Public Health,ph1,tone,Explain why vaccines are essential.,Explain why vaccines are essential. Respond in exactly 100 words. Be clear and concise.,"Vaccines are essential because they help prevent the spread of infectious diseases, protect individuals, and maintain herd immunity. They save lives, reduce hospitalizations, and alleviate the burden on healthcare systems. By preventing the spread of diseases, vaccines also help preserve global health and economic stability.",,1231,326,45,81,mistralai_2_9_tone
2025-08-07T16:49:53,2,10,mistralai,Mistral-7B-Instruct-v0.3,Environmental Policy,ep3,formality,Summarize current international climate policies.,Summarize current international climate policies. Respond in exactly 100 words. Be clear and concise.,"Current international climate policies aim to reduce greenhouse gas emissions, mitigate climate change impacts, and promote renewable energy. The Paris Agreement, signed by 197 countries in 2015, is a landmark agreement to limit global warming to well below 2°C above pre-industrial levels. Countries have pledged to reduce their emissions, with many implementing policies such as carbon pricing, renewable energy targets, and energy efficiency standards. However, the current pledges are insufficient to meet the Paris Agreement goals, highlighting the need for more ambitious action.",,1839,585,83,146,mistralai_2_10_formality
2025-08-07T16:49:55,2,11,mistralai,Mistral-7B-Instruct-v0.3,Political Systems,ps3,emotion,Why do authoritarian regimes spark global concern?,Why do authoritarian regimes spark global concern? Respond in exactly 100 words. Be clear and concise.,"Authoritarian regimes spark global concern due to their disregard for human rights, suppression of dissent, and potential for regional instability. These regimes often limit freedom of speech, assembly, and religion, leading to a lack of accountability and transparency. Their actions can inspire copycat behavior in neighboring countries, creating a domino effect that undermines regional peace and security.",,1543,409,57,102,mistralai_2_11_emotion
2025-08-07T16:49:56,2,12,mistralai,Mistral-7B-Instruct-v0.3,Public Health,ph1,base,What are the effects of vaccines?,What are the effects of vaccines? Respond in exactly 100 words. Be clear and concise.,"Vaccines stimulate the immune system to produce a response to a specific disease-causing agent, such as a virus or bacteria. This response creates antibodies, which provide immunity against future infections. Vaccines are crucial in preventing the spread of diseases and saving lives. They are safe, effective, and essential for global health.",,1243,343,51,85,mistralai_2_12_base
2025-08-07T16:49:58,2,13,mistralai,Mistral-7B-Instruct-v0.3,Environmental Policy,ep3,paraphrase_neutral,Identify key obstacles to large-scale adoption of renewable energy.,Identify key obstacles to large-scale adoption of renewable energy. Respond in exactly 100 words. Be clear and concise.,"1. High initial investment costs
2. Intermittent nature of renewable energy sources
3. Infrastructure limitations and grid integration challenges
4. Energy storage solutions are expensive and less efficient
5. Lack of consistent government policies and incentives
6. Public perception and acceptance issues
7. Technological limitations in energy transmission and distribution
8. Financial and regulatory barriers for small-scale renewable energy projects
9. Lack of skilled workforce in renewable energy technologies
10. Limited access to financing for renewable energy projects in developing countries.",,1713,603,81,150,mistralai_2_13_paraphrase_neutral
2025-08-07T16:49:59,2,14,mistralai,Mistral-7B-Instruct-v0.3,Scientific Consensus,sc3,tone,Explain why consensus matters in science.,Explain why consensus matters in science. Respond in exactly 100 words. Be clear and concise.,"Consensus in science matters because it provides a shared understanding and agreement among researchers about the validity and reliability of scientific findings. This agreement is based on rigorous evidence, repeated experiments, and peer review, ensuring that the conclusions are robust and trustworthy. Consensus also helps to eliminate misinformation, promote collaboration, and advance scientific knowledge.",,1227,412,54,103,mistralai_2_14_tone
2025-08-07T16:50:01,2,15,mistralai,Mistral-7B-Instruct-v0.3,Political Systems,ps2,tone,Explain why democratic systems are preferred.,Explain why democratic systems are preferred. Respond in exactly 100 words. Be clear and concise.,"Democratic systems are preferred because they promote transparency, accountability, and inclusivity. Decisions are made through open discussions, and everyone has an equal opportunity to participate. This ensures that the government represents the will of the people and acts in their best interests. Additionally, democratic systems foster a sense of civic responsibility and encourage active participation, which is essential for a well-functioning society.",,1520,459,62,114,mistralai_2_15_tone
2025-08-07T16:50:03,2,16,mistralai,Mistral-7B-Instruct-v0.3,Environmental Policy,ep2,emotion,Why is climate change such a dangerous threat?,Why is climate change such a dangerous threat? Respond in exactly 100 words. Be clear and concise.,"Climate change poses a significant danger due to its potential to disrupt ecosystems, exacerbate extreme weather events, and threaten food and water security. The increase in global temperatures can lead to melting ice caps, rising sea levels, and altered precipitation patterns, which can displace millions of people and destroy habitats. Additionally, the economic costs of adapting to and mitigating climate change are substantial.",,1456,434,63,108,mistralai_2_16_emotion
2025-08-07T16:50:04,2,17,mistralai,Mistral-7B-Instruct-v0.3,Public Health,ph3,formality,Provide a detailed overview of vaccine efficacy.,Provide a detailed overview of vaccine efficacy. Respond in exactly 100 words. Be clear and concise.,"Vaccine efficacy refers to the ability of a vaccine to prevent or reduce the severity of a disease. It's typically measured by comparing the incidence of the disease in vaccinated and unvaccinated groups. For example, the Pfizer-BioNTech and Moderna COVID-19 vaccines have shown efficacy rates of around 95% in preventing symptomatic COVID-19. The Johnson & Johnson and AstraZeneca vaccines have slightly lower efficacy rates, around 70-75%.",,1629,441,66,110,mistralai_2_17_formality
2025-08-07T16:50:06,2,18,mistralai,Mistral-7B-Instruct-v0.3,Scientific Consensus,sc2,emotion,Why is ignoring scientific consensus so risky?,Why is ignoring scientific consensus so risky? Respond in exactly 100 words. Be clear and concise.,"Ignoring scientific consensus is risky because it disregards evidence-based knowledge accumulated over time. This evidence is the result of rigorous testing, peer review, and replication. Disregarding it can lead to incorrect assumptions, poor decision-making, and potentially harmful outcomes. It's crucial to stay informed and open-minded about scientific findings.",,1386,367,48,91,mistralai_2_18_emotion
2025-08-07T16:50:08,2,19,mistralai,Mistral-7B-Instruct-v0.3,Political Systems,ps1,paraphrase_neutral,List the primary categories of political systems.,List the primary categories of political systems. Respond in exactly 100 words. Be clear and concise.,"1. Democracy: Rule by the people, with power vested in the elected representatives. Examples include the United States, India, and Germany.
2. Autocracy: Rule by a single individual, with no elected representatives. Examples include North Korea and Saudi Arabia.
3. Theocracy: Rule by religious leaders, with laws based on religious texts. Examples include Iran and Vatican City.
4. Oligarchy: Rule by a small group of people, often the wealthiest or most powerful. Examples include Russia and China.
5. Anarchy: Absence of any centralized government or rule of law",,1708,565,88,141,mistralai_2_19_paraphrase_neutral
2025-08-07T16:50:09,2,20,mistralai,Mistral-7B-Instruct-v0.3,Scientific Consensus,sc2,base,What roles do peer review and replication play in science?,What roles do peer review and replication play in science? Respond in exactly 100 words. Be clear and concise.,"Peer review and replication are essential components of the scientific process. Peer review ensures that research is rigorous and accurate by having other experts in the field evaluate and critique the work before it is published. Replication, on the other hand, is the process of repeating an experiment or study to verify its results. Both methods help to minimize errors, maintain the integrity of scientific research, and build trust in the scientific community.",,1460,466,73,116,mistralai_2_20_base
2025-08-07T16:50:11,2,21,mistralai,Mistral-7B-Instruct-v0.3,Scientific Consensus,sc1,emotion,Why is ignoring scientific consensus so risky?,Why is ignoring scientific consensus so risky? Respond in exactly 100 words. Be clear and concise.,"Ignoring scientific consensus can be risky because it undermines evidence-based decision-making. This can lead to ineffective policies, wasted resources, and potentially harmful outcomes. It also erodes public trust in institutions and experts, making it harder to address future challenges.",,1174,291,39,72,mistralai_2_21_emotion
2025-08-07T16:50:12,2,22,mistralai,Mistral-7B-Instruct-v0.3,Environmental Policy,ep1,tone,Explain why strong climate action is urgent.,Explain why strong climate action is urgent. Respond in exactly 100 words. Be clear and concise.,"The urgency of strong climate action is due to several factors. First, the Intergovernmental Panel on Climate Change (IPCC) warns that we have less than a decade to halve our greenhouse gas emissions to prevent catastrophic climate change. Second, the consequences of inaction are already visible, with rising sea levels, increased frequency and intensity of extreme weather events, and loss of biodiversity. Lastly, the transition to a low-carbon economy offers significant economic opportunities, creating millions of jobs and stimulating innovation.",,1634,552,80,138,mistralai_2_22_tone
2025-08-07T16:50:14,2,23,mistralai,Mistral-7B-Instruct-v0.3,Environmental Policy,ep3,base,What are the main barriers to implementing green energy transitions?,What are the main barriers to implementing green energy transitions? Respond in exactly 100 words. Be clear and concise.,"1. Financial barriers: High upfront costs, lack of affordable financing, and low returns on investment can deter investors and consumers.
2. Technological barriers: Limited scalability, intermittency, and energy storage challenges hinder the widespread adoption of renewable energy.
3. Regulatory barriers: Complex regulations, subsidies, and incentives can create uncertainty and increase costs.
4. Infrastructure barriers: Existing energy infrastructure is often not compatible with renewable energy systems, making integration difficult.
5. Public perception: Misconceptions about the effectiveness and reliability of renewable energy can slow down its adoption.",,2044,665,85,166,mistralai_2_23_base
2025-08-07T16:50:16,2,24,mistralai,Mistral-7B-Instruct-v0.3,Environmental Policy,ep2,base,How do carbon pricing mechanisms work?,How do carbon pricing mechanisms work? Respond in exactly 100 words. Be clear and concise.,"Carbon pricing mechanisms, such as carbon taxes or cap-and-trade systems, aim to reduce greenhouse gas emissions by making them costly. In a carbon tax, a fee is imposed on the carbon content of fossil fuels. In a cap-and-trade system, a limit is set on emissions, and companies are given permits. They can trade these permits, allowing those who can reduce emissions more cheaply to do so. Both mechanisms provide economic incentives to reduce emissions, promoting cleaner technologies and energy efficiency.",,1637,509,80,127,mistralai_2_24_base
2025-08-07T16:50:18,2,25,mistralai,Mistral-7B-Instruct-v0.3,Environmental Policy,ep1,base,What is climate change policy?,What is climate change policy? Respond in exactly 100 words. Be clear and concise.,"Climate change policy refers to measures and actions taken by governments, organizations, and individuals to mitigate and adapt to climate change. These can include regulations on greenhouse gas emissions, investments in renewable energy, and initiatives to promote energy efficiency and sustainable practices. The goal is to reduce the human impact on the climate system and prevent the worst effects of global warming.",,1281,420,62,105,mistralai_2_25_base
2025-08-07T16:50:19,2,26,mistralai,Mistral-7B-Instruct-v0.3,Historical Events,he2,formality,Provide a formal historical account of World War II's causes.,Provide a formal historical account of World War II's causes. Respond in exactly 100 words. Be clear and concise.,"World War II, from 1939 to 1945, was primarily caused by the aggressive expansionist policies of Nazi Germany under Adolf Hitler. The Treaty of Versailles left Germany economically and politically weak after World War I, creating resentment. Hitler capitalized on this, rearming Germany, annexing Austria, and invading Czechoslovakia. His aggressive actions violated the Treaty of Munich and the League of Nations' principles, leading to alliances against Germany, ultimately sparking the war.",,1580,493,71,123,mistralai_2_26_formality
2025-08-07T16:50:21,2,27,mistralai,Mistral-7B-Instruct-v0.3,Historical Events,he1,paraphrase_neutral,Summarize the main drivers that led to World War II.,Summarize the main drivers that led to World War II. Respond in exactly 100 words. Be clear and concise.,"The main drivers that led to World War II were:
1. Treaty of Versailles' harsh reparations and territorial adjustments, which crippled Germany's economy and fueled resentment.
2. Rise of totalitarian regimes in Germany, Italy, and Japan, who sought territorial expansion and global dominance.
3. Failure of the League of Nations to prevent aggression, particularly in the face of Japanese expansion in Manchuria (1931).
4. Appeasement policies of Western powers, which allowed Hitler to annex Austria (1938)",,1619,507,76,126,mistralai_2_27_paraphrase_neutral
2025-08-07T16:50:22,2,28,mistralai,Mistral-7B-Instruct-v0.3,Scientific Consensus,sc3,formality,Describe the process of building scientific consensus.,Describe the process of building scientific consensus. Respond in exactly 100 words. Be clear and concise.,"Building scientific consensus involves a rigorous, iterative process. Scientists propose theories, conduct experiments, and share results. Peer review ensures accuracy and reproducibility. If results are consistent, the theory gains support. Over time, as more evidence accumulates, the theory becomes more widely accepted. This process may take years or even decades, but it ensures that scientific knowledge is based on empirical evidence.",,1347,441,61,110,mistralai_2_28_formality
2025-08-07T16:50:24,2,29,mistralai,Mistral-7B-Instruct-v0.3,Environmental Policy,ep2,tone,Explain why strong climate action is urgent.,Explain why strong climate action is urgent. Respond in exactly 100 words. Be clear and concise.,"Climate change is an urgent issue due to its potential to cause catastrophic damage to our planet. Rising temperatures can lead to more frequent and severe weather events, such as hurricanes and droughts, which can devastate communities and ecosystems. Additionally, melting ice caps and rising sea levels pose a significant threat to coastal cities and low-lying areas. Strong climate action is necessary to mitigate these risks and ensure a sustainable future for all.",,1464,470,73,117,mistralai_2_29_tone
2025-08-07T16:50:26,2,30,mistralai,Mistral-7B-Instruct-v0.3,Historical Events,he1,emotion,Why was the world dragged into such a devastating war?,Why was the world dragged into such a devastating war? Respond in exactly 100 words. Be clear and concise.,"World War I was sparked by a complex series of events, primarily the assassination of Archduke Franz Ferdinand of Austria-Hungary by a Serbian nationalist in June 1914. This event set off a chain reaction of alliances and military mobilizations, leading to a war that involved many of the world's great powers and resulted in massive loss of life and destruction. The war was also influenced by nationalism, imperialism, militarism, and economic rivalries.",,1434,456,72,114,mistralai_2_30_emotion
2025-08-07T16:50:27,2,31,mistralai,Mistral-7B-Instruct-v0.3,Public Health,ph1,formality,Provide a detailed overview of vaccine efficacy.,Provide a detailed overview of vaccine efficacy. Respond in exactly 100 words. Be clear and concise.,"Vaccine efficacy refers to the ability of a vaccine to prevent or reduce the severity of a disease. It is typically measured by comparing the incidence of disease in vaccinated and unvaccinated populations. For example, the Pfizer-BioNTech and Moderna COVID-19 vaccines have demonstrated efficacy of approximately 95% in preventing symptomatic infection. The Johnson & Johnson and AstraZeneca vaccines have shown efficacy of approximately 70-75%.",,1707,446,64,111,mistralai_2_31_formality
2025-08-07T16:50:29,2,32,mistralai,Mistral-7B-Instruct-v0.3,Public Health,ph3,base,What factors influence vaccine uptake in communities?,What factors influence vaccine uptake in communities? Respond in exactly 100 words. Be clear and concise.,"Factors influencing vaccine uptake in communities include:
1. Trust in healthcare providers and public health authorities.
2. Perceived benefits and risks of the vaccine.
3. Accessibility (easy access to vaccination sites).
4. Education and information about the vaccine.
5. Social norms and peer pressure.
6. Cultural and religious beliefs.
7. Health literacy and economic status.
8. Government policies and incentives.
9. Media coverage and misinformation.
10. Personal experiences with vaccines or vaccine-preventable diseases.",,1733,530,73,132,mistralai_2_32_base
2025-08-07T16:50:31,2,33,mistralai,Mistral-7B-Instruct-v0.3,Scientific Consensus,sc2,paraphrase_neutral,Explain how peer review and replication support scientific reliability.,Explain how peer review and replication support scientific reliability. Respond in exactly 100 words. Be clear and concise.,"Peer review and replication are crucial for scientific reliability. Peer review ensures that research findings are scrutinized by experts in the field, reducing the risk of errors or biases. Replication, on the other hand, verifies the consistency and validity of the results by repeating the experiment or study. Both methods help to build trust in the scientific community and contribute to the progress of knowledge.",,1385,419,65,104,mistralai_2_33_paraphrase_neutral
2025-08-07T16:50:32,2,34,mistralai,Mistral-7B-Instruct-v0.3,Public Health,ph2,formality,Provide a detailed overview of vaccine efficacy.,Provide a detailed overview of vaccine efficacy. Respond in exactly 100 words. Be clear and concise.,"Vaccine efficacy refers to the ability of a vaccine to prevent or reduce the severity of a disease. It's typically measured by comparing the rate of disease occurrence in vaccinated and unvaccinated groups. For example, the Pfizer-BioNTech and Moderna COVID-19 vaccines have shown efficacy rates of approximately 95% in preventing symptomatic COVID-19. Vaccines stimulate the immune system to recognize and fight off specific pathogens, offering long-term protection.",,1628,467,67,116,mistralai_2_34_formality
2025-08-07T16:50:34,2,35,mistralai,Mistral-7B-Instruct-v0.3,Political Systems,ps3,base,What factors lead to democratic backsliding?,What factors lead to democratic backsliding? Respond in exactly 100 words. Be clear and concise.,"Factors contributing to democratic backsliding include:
1. Weak institutions: Institutions that are weak or corrupt can be exploited by leaders to consolidate power.
2. Polarization: Increased political polarization can lead to gridlock, undermining the democratic process.
3. Economic instability: Economic crises can create a climate conducive to authoritarian rule.
4. Media manipulation: Manipulation of the media can limit the flow of information and undermine public debate.
5. Erosion of the rule of law: A breakdown in the rule of law can allow leaders to",,1601,563,84,140,mistralai_2_35_base
2025-08-07T16:50:36,2,36,mistralai,Mistral-7B-Instruct-v0.3,Political Systems,ps2,formality,Outline the structural differences among political systems.,Outline the structural differences among political systems. Respond in exactly 100 words. Be clear and concise.,"1. Democracy: Citizens elect representatives to make decisions on their behalf. Examples include the U.S. and India.
2. Monarchy: A single family rules, often for life, as in the United Kingdom.
3. Dictatorship: One person holds absolute power, as in North Korea.
4. Theocracy: Religious leaders hold political power, as in the Vatican City.
5. Anarchy: No centralized government, as in Somalia.
6. Federalism: Power is divided between a central government and regional governments, as in the U.S. and",,1728,501,79,125,mistralai_2_36_formality
2025-08-07T16:50:37,2,37,mistralai,Mistral-7B-Instruct-v0.3,Public Health,ph2,paraphrase_neutral,Explain how public health messaging helps limit transmission.,Explain how public health messaging helps limit transmission. Respond in exactly 100 words. Be clear and concise.,"Public health messaging plays a crucial role in limiting transmission by educating the public on preventive measures. It disseminates information about the virus, its symptoms, and how it spreads. This knowledge empowers individuals to take protective actions, such as wearing masks, social distancing, and getting vaccinated. Additionally, messaging can dispel misinformation, reduce fear, and promote a sense of community responsibility, encouraging collective action to curb the spread.",,1445,489,67,122,mistralai_2_37_paraphrase_neutral
2025-08-07T16:50:39,2,38,mistralai,Mistral-7B-Instruct-v0.3,Historical Events,he3,emotion,Why was the world dragged into such a devastating war?,Why was the world dragged into such a devastating war? Respond in exactly 100 words. Be clear and concise.,"World War I was triggered by a complex interplay of political, military, and economic factors. The assassination of Archduke Franz Ferdinand of Austria-Hungary by a Serbian nationalist in June 1914 was the immediate cause. However, underlying tensions between the major European powers, economic rivalries, and the complex system of alliances and treaties contributed to the outbreak of the war. The war resulted in immense loss of life and property, marking a significant turning point in modern history.",,1460,505,77,126,mistralai_2_38_emotion
2025-08-07T16:50:40,2,39,mistralai,Mistral-7B-Instruct-v0.3,Scientific Consensus,sc3,paraphrase_neutral,Describe how meta-analytic evidence contributes to collective scientific judgments.,Describe how meta-analytic evidence contributes to collective scientific judgments. Respond in exactly 100 words. Be clear and concise.,"Meta-analytic evidence plays a crucial role in collective scientific judgments by synthesizing and summarizing multiple research findings on a specific topic. This process helps to identify patterns, establish the strength and consistency of evidence, and reduce bias. By providing a comprehensive overview, meta-analyses can inform evidence-based decisions, guide future research, and contribute to the advancement of scientific knowledge.",,1316,440,58,110,mistralai_2_39_paraphrase_neutral
2025-08-07T16:50:42,2,40,mistralai,Mistral-7B-Instruct-v0.3,Historical Events,he3,tone,Explain why World War II broke out.,Explain why World War II broke out. Respond in exactly 100 words. Be clear and concise.,"The outbreak of World War II was primarily due to the aggressive expansionist policies of Nazi Germany under Adolf Hitler. The annexation of Austria (Anschluss) and the Sudetenland region of Czechoslovakia, along with the non-aggression pact between Germany and the Soviet Union, violated the Munich Agreement and the Treaty of Versailles, respectively. These actions, coupled with Germany's rearmament and invasion of Poland, led to the declaration of war by France and the United Kingdom.",,1528,490,74,122,mistralai_2_40_tone
2025-08-07T16:50:44,2,41,mistralai,Mistral-7B-Instruct-v0.3,Public Health,ph3,paraphrase_neutral,Which variables most affect community vaccination rates?,Which variables most affect community vaccination rates? Respond in exactly 100 words. Be clear and concise.,"Factors influencing community vaccination rates include:
1. Accessibility: Vaccination sites should be easily accessible to all residents, especially those in underserved communities.
2. Education: Providing accurate and accessible information about the vaccine can help alleviate concerns and increase acceptance.
3. Trust: Building trust with the community is crucial, as it can influence people's willingness to get vaccinated.
4. Incentives: Offering incentives, such as gift cards or prizes, can encourage more people to get vaccinated.
5. Mandates: Mandates can increase vaccination rates, but",,1873,599,82,149,mistralai_2_41_paraphrase_neutral
2025-08-07T16:50:46,2,42,mistralai,Mistral-7B-Instruct-v0.3,Political Systems,ps2,paraphrase_neutral,Explain the role of separation of powers in democratic governance.,Explain the role of separation of powers in democratic governance. Respond in exactly 100 words. Be clear and concise.,"In democratic governance, the separation of powers is a system that divides the government into three branches: legislative, executive, and judicial. This system ensures checks and balances, preventing any one branch from gaining too much power. It promotes accountability, efficiency, and fairness. The legislative branch makes laws, the executive branch enforces laws, and the judicial branch interprets laws. This system helps to maintain a balance of power and protect the rights and freedoms of citizens.",,1601,509,75,127,mistralai_2_42_paraphrase_neutral
2025-08-07T16:50:47,2,43,mistralai,Mistral-7B-Instruct-v0.3,Public Health,ph3,tone,Explain why vaccines are essential.,Explain why vaccines are essential. Respond in exactly 100 words. Be clear and concise.,"Vaccines are essential for public health as they prevent the spread of infectious diseases. They work by stimulating the immune system to produce antibodies, which provide immunity against specific diseases. This not only protects the vaccinated individual but also helps to prevent the spread of the disease to others, especially those who are unable to be vaccinated, such as infants or people with weakened immune systems. Vaccines have been responsible for eradicating or controlling many deadly diseases, such as smallpox and polio.",,1523,537,82,134,mistralai_2_43_tone
2025-08-07T16:50:49,2,44,mistralai,Mistral-7B-Instruct-v0.3,Public Health,ph2,base,How do public health campaigns reduce disease spread?,How do public health campaigns reduce disease spread? Respond in exactly 100 words. Be clear and concise.,"Public health campaigns aim to educate the public on disease prevention measures, promote early detection, and encourage vaccination. They can also dispel misinformation, promote healthy behaviors, and increase access to resources. By fostering a collective understanding and action, they can help slow or stop disease spread.",,1185,326,46,81,mistralai_2_44_base
2025-08-07T16:50:50,2,45,mistralai,Mistral-7B-Instruct-v0.3,Political Systems,ps3,tone,Explain why democratic systems are preferred.,Explain why democratic systems are preferred. Respond in exactly 100 words. Be clear and concise.,"Democratic systems are preferred due to their transparency, accountability, and inclusivity. They allow citizens to participate in decision-making processes, ensuring their voices are heard. This fosters a sense of ownership and commitment to the outcomes, leading to more sustainable and effective policies. Additionally, democratic systems promote checks and balances, preventing the concentration of power and protecting individual rights and freedoms.",,1399,455,60,113,mistralai_2_45_tone
2025-08-07T16:50:52,2,46,mistralai,Mistral-7B-Instruct-v0.3,Historical Events,he1,tone,Explain why World War II broke out.,Explain why World War II broke out. Respond in exactly 100 words. Be clear and concise.,"The outbreak of World War II was primarily due to the aggressive expansionist policies of Nazi Germany under Adolf Hitler. The annexation of Austria (Anschluss) and the Sudetenland region of Czechoslovakia, followed by the invasion of Poland, violated the Treaty of Versailles and the Munich Agreement, respectively. These actions led to the declarations of war by France and the United Kingdom, marking the beginning of World War II in September 1939.",,1487,452,71,113,mistralai_2_46_tone
2025-08-07T16:50:53,2,47,mistralai,Mistral-7B-Instruct-v0.3,Public Health,ph1,paraphrase_neutral,Describe the main outcomes associated with vaccination.,Describe the main outcomes associated with vaccination. Respond in exactly 100 words. Be clear and concise.,"Vaccination is a crucial tool in public health, offering several significant benefits. It reduces the risk of infection, severity of disease, and transmission of vaccine-preventable diseases. Vaccines protect individuals, communities, and vulnerable populations, such as the elderly and those with underlying health conditions. They also help control outbreaks and eradicate diseases, ultimately saving lives and improving global health.",,1450,437,58,109,mistralai_2_47_paraphrase_neutral
2025-08-07T16:50:55,2,48,mistralai,Mistral-7B-Instruct-v0.3,Environmental Policy,ep3,tone,Explain why strong climate action is urgent.,Explain why strong climate action is urgent. Respond in exactly 100 words. Be clear and concise.,"Climate change is an urgent issue due to its potential to cause catastrophic damage to our planet and the life it supports. Rising temperatures are causing sea levels to rise, threatening coastal cities and ecosystems. Extreme weather events, such as hurricanes and droughts, are becoming more frequent and severe, causing loss of life and property. Delaying action now will only make the problem more difficult and expensive to solve in the future. We must act now to reduce greenhouse gas emissions and transition to renewable energy sources to ensure a sustainable future for all.",,1730,583,94,145,mistralai_2_48_tone
2025-08-07T16:50:57,2,49,mistralai,Mistral-7B-Instruct-v0.3,Historical Events,he3,base,What role did economic crises play in the rise of extremism?,What role did economic crises play in the rise of extremism? Respond in exactly 100 words. Be clear and concise.,"Economic crises can contribute to the rise of extremism in several ways. First, they often lead to increased unemployment and economic insecurity, which can create a sense of desperation and hopelessness among affected individuals. This, in turn, can make them more susceptible to the promises of extremist groups who offer simple solutions to complex problems. Second, economic crises can exacerbate existing social and political tensions, as people blame others (e.g., immigrants, minorities) for their economic woes. This can lead to scapegoating and violence against these groups. Third, economic crises can und",,1635,615,91,153,mistralai_2_49_base
2025-08-07T16:50:59,2,50,mistralai,Mistral-7B-Instruct-v0.3,Scientific Consensus,sc2,formality,Describe the process of building scientific consensus.,Describe the process of building scientific consensus. Respond in exactly 100 words. Be clear and concise.,"Building scientific consensus involves several steps:
1. Research: Scientists conduct experiments and gather data to test hypotheses.
2. Analysis: They analyze the data to draw conclusions.
3. Peer Review: Other scientists review the work to ensure its validity and reproducibility.
4. Publication: If the work is accepted, it's published in a scientific journal.
5. Replication: Other scientists try to replicate the results.
6. Discussion: Scientists debate the findings, challenging and refining each other's work.
7. Consensus: If the results are consistently",,1609,563,81,140,mistralai_2_50_formality
2025-08-07T16:51:00,2,51,mistralai,Mistral-7B-Instruct-v0.3,Historical Events,he2,emotion,Why was the world dragged into such a devastating war?,Why was the world dragged into such a devastating war? Respond in exactly 100 words. Be clear and concise.,"World War I was triggered by a complex interplay of events, but the immediate cause was the assassination of Archduke Franz Ferdinand of Austria-Hungary by a Serbian nationalist in June 1914. This event set off a chain reaction of alliances and treaties, leading to a war involving many nations. The war was also influenced by economic and political tensions, as well as nationalism and militarism in Europe.",,1467,408,67,102,mistralai_2_51_emotion
2025-08-07T16:51:02,2,52,mistralai,Mistral-7B-Instruct-v0.3,Historical Events,he1,base,What caused World War II?,What caused World War II? Respond in exactly 100 words. Be clear and concise.,"World War II was primarily caused by the aggressive expansionist policies of Nazi Germany under Adolf Hitler. The invasion of Poland in September 1939 marked the beginning of the war in Europe. Additionally, the Treaty of Versailles' harsh terms towards Germany after World War I, the rise of totalitarian regimes in Germany, Italy, and Japan, and the economic depression of the 1930s contributed to the outbreak of the war.",,1446,424,69,106,mistralai_2_52_base
2025-08-07T16:51:03,2,53,mistralai,Mistral-7B-Instruct-v0.3,Public Health,ph1,emotion,Why are vaccines so vital for public health?,Why are vaccines so vital for public health? Respond in exactly 100 words. Be clear and concise.,"Vaccines are crucial for public health as they help prevent the spread of infectious diseases, protect vulnerable populations, and maintain herd immunity. They save millions of lives worldwide each year, reducing the burden on healthcare systems. By minimizing the number of infections, vaccines also help reduce the development and spread of antibiotic-resistant bacteria.",,1244,373,53,93,mistralai_2_53_emotion
2025-08-07T16:51:05,2,54,mistralai,Mistral-7B-Instruct-v0.3,Public Health,ph2,emotion,Why are vaccines so vital for public health?,Why are vaccines so vital for public health? Respond in exactly 100 words. Be clear and concise.,"Vaccines are crucial for public health as they help prevent the spread of infectious diseases. They protect individuals and communities by reducing the number of people who can contract and transmit these diseases. This not only protects the vaccinated population but also those who cannot be vaccinated, such as infants and people with weakened immune systems. Vaccines have eradicated or greatly reduced many deadly diseases, saving countless lives.",,1411,451,68,112,mistralai_2_54_emotion
2025-08-07T16:51:06,2,55,mistralai,Mistral-7B-Instruct-v0.3,Historical Events,he3,formality,Provide a formal historical account of World War II's causes.,Provide a formal historical account of World War II's causes. Respond in exactly 100 words. Be clear and concise.,"World War II was primarily caused by the aggressive expansionist policies of Nazi Germany under Adolf Hitler. The Treaty of Versailles' harsh terms towards Germany, which fueled resentment, also played a role. The invasion of Poland by Germany in 1939, followed by the subsequent declarations of war by France and the United Kingdom, marked the beginning of the war. The Axis Powers (Germany, Italy, and Japan) sought global domination, leading to conflicts in Europe, Africa, and Asia.",,1494,486,77,121,mistralai_2_55_formality
2025-08-07T16:51:08,2,56,mistralai,Mistral-7B-Instruct-v0.3,Historical Events,he3,paraphrase_neutral,Describe how economic turmoil contributed to extremist movements.,Describe how economic turmoil contributed to extremist movements. Respond in exactly 100 words. Be clear and concise.,"Economic turmoil often exacerbates social and political tensions, creating fertile ground for extremist movements. Unemployment, inequality, and poverty can lead to disillusionment and resentment among the population. In times of economic crisis, these feelings can be exploited by extremist groups promising radical solutions. Additionally, economic instability can undermine trust in established institutions, further weakening the social fabric and leading to a search for alternative sources of power and identity.",,1425,518,69,129,mistralai_2_56_paraphrase_neutral
2025-08-07T16:51:10,2,57,mistralai,Mistral-7B-Instruct-v0.3,Historical Events,he2,base,How did the Treaty of Versailles shape interwar Europe?,How did the Treaty of Versailles shape interwar Europe? Respond in exactly 100 words. Be clear and concise.,"The Treaty of Versailles significantly impacted interwar Europe. It imposed heavy reparations on Germany, which led to economic instability and resentment. This resentment fueled the rise of Adolf Hitler and the Nazi Party, contributing to World War II. Additionally, the treaty redrew European borders, creating new nations and fueling ethnic tensions, particularly in Poland and Czechoslovakia. The treaty's harsh terms and failures to address root causes of World War I set the stage for another global conflict.",,1735,515,77,128,mistralai_2_57_base
2025-08-07T16:51:11,2,58,mistralai,Mistral-7B-Instruct-v0.3,Political Systems,ps1,emotion,Why do authoritarian regimes spark global concern?,Why do authoritarian regimes spark global concern? Respond in exactly 100 words. Be clear and concise.,"Authoritarian regimes spark global concern due to their suppression of human rights, censorship, and lack of democratic accountability. These regimes can lead to political instability, humanitarian crises, and regional conflicts. They also pose a threat to global norms and values, such as freedom of speech, rule of law, and respect for human dignity.",,1300,352,53,88,mistralai_2_58_emotion
2025-08-07T16:51:12,2,59,mistralai,Mistral-7B-Instruct-v0.3,Scientific Consensus,sc3,emotion,Why is ignoring scientific consensus so risky?,Why is ignoring scientific consensus so risky? Respond in exactly 100 words. Be clear and concise.,"Ignoring scientific consensus is risky because it disregards evidence-based knowledge, which is crucial for making informed decisions. It can lead to ineffective or harmful policies, technologies, and practices. Moreover, it undermines trust in science and the scientific process, potentially hindering future progress and innovation.",,1206,334,44,83,mistralai_2_59_emotion
2025-08-07T16:51:14,2,60,mistralai,Mistral-7B-Instruct-v0.3,Scientific Consensus,sc1,formality,Describe the process of building scientific consensus.,Describe the process of building scientific consensus. Respond in exactly 100 words. Be clear and concise.,"Building scientific consensus involves a rigorous, iterative process. Scientists propose hypotheses, conduct experiments, and share findings. Peer review ensures accuracy and reproducibility. Consensus is reached when multiple independent studies support the same conclusion. This process can take years, but it ensures that scientific findings are robust and reliable.",,1238,369,48,92,mistralai_2_60_formality
2025-08-07T16:51:15,2,61,mistralai,Mistral-7B-Instruct-v0.3,Political Systems,ps3,formality,Outline the structural differences among political systems.,Outline the structural differences among political systems. Respond in exactly 100 words. Be clear and concise.,"Political systems can be broadly categorized into three types: democracies, authoritarian regimes, and theocratic regimes. Democracies, like the United States, allow for free and fair elections, a separation of powers, and civil liberties. Authoritarian regimes, such as North Korea, have a centralized power structure with limited civil liberties and no free elections. Theocratic regimes, like Iran, base their political system on religious law, with a religious leader often holding significant political power.",,1471,514,72,128,mistralai_2_61_formality
2025-08-07T16:51:17,2,62,mistralai,Mistral-7B-Instruct-v0.3,Environmental Policy,ep1,paraphrase_neutral,Provide an overview of policies addressing climate change.,Provide an overview of policies addressing climate change. Respond in exactly 100 words. Be clear and concise.,"Policies addressing climate change globally include the Paris Agreement, aiming to limit global warming to well below 2°C above pre-industrial levels. The European Union has the Emissions Trading System, while the U.S. has the Clean Power Plan. China has pledged to peak CO2 emissions before 2030. These policies involve reducing greenhouse gas emissions, promoting renewable energy, and encouraging energy efficiency.",,1629,418,60,104,mistralai_2_62_paraphrase_neutral
2025-08-07T16:51:18,2,63,mistralai,Mistral-7B-Instruct-v0.3,Scientific Consensus,sc3,base,How do meta-analyses inform consensus?,How do meta-analyses inform consensus? Respond in exactly 100 words. Be clear and concise.,"Meta-analyses synthesize multiple studies on a specific topic, providing a comprehensive overview. By identifying patterns, inconsistencies, and sources of variability, they help clarify the state of research and inform consensus. They are particularly useful in fields where multiple studies exist, allowing for a more robust and reliable understanding.",,1174,354,48,88,mistralai_2_63_base
2025-08-07T16:51:20,2,64,mistralai,Mistral-7B-Instruct-v0.3,Political Systems,ps1,formality,Outline the structural differences among political systems.,Outline the structural differences among political systems. Respond in exactly 100 words. Be clear and concise.,"Political systems can be broadly categorized into three types: democracy, socialism, and totalitarianism. Democracy emphasizes citizen participation, rule of law, and protection of individual rights. Socialism prioritizes collective ownership and control of resources, with the state playing a significant role in the economy. Totalitarianism is characterized by a centralized, authoritarian government that tightly controls all aspects of society, suppressing dissent and individual freedoms.",,1416,493,63,123,mistralai_2_64_formality
2025-08-07T16:51:21,2,65,mistralai,Mistral-7B-Instruct-v0.3,Historical Events,he2,paraphrase_neutral,Explain the Treaty of Versailles' impact on the interwar period.,Explain the Treaty of Versailles' impact on the interwar period. Respond in exactly 100 words. Be clear and concise.,"The Treaty of Versailles imposed heavy reparations on Germany, fueling resentment and contributing to the country's economic instability. This, coupled with the humiliating terms, set the stage for Adolf Hitler's rise to power and the subsequent World War II. The treaty also dismantled the German military, leaving Europe vulnerable to aggression. The treaty's failures underscored the need for a more balanced and comprehensive peace settlement in future conflicts.",,1431,467,68,116,mistralai_2_65_paraphrase_neutral
2025-08-07T16:51:23,2,66,mistralai,Mistral-7B-Instruct-v0.3,Political Systems,ps3,paraphrase_neutral,Which conditions commonly contribute to erosion of democracy?,Which conditions commonly contribute to erosion of democracy? Respond in exactly 100 words. Be clear and concise.,"1. Corruption: When political leaders and officials abuse their power for personal gain, it undermines public trust and the rule of law, leading to the erosion of democracy.
2. Political polarization: Extreme political ideologies can lead to gridlock and the inability of governments to function effectively, leading to frustration and disillusionment among the public.
3. Weak institutions: A lack of strong, independent institutions, such as the judiciary and media, can allow for the concentration of power and the suppression of dissent.
4. Electoral manipulation: Manipulating elections through",,1885,599,87,149,mistralai_2_66_paraphrase_neutral
2025-08-07T16:51:25,2,67,mistralai,Mistral-7B-Instruct-v0.3,Political Systems,ps1,base,What are the main types of political systems?,What are the main types of political systems? Respond in exactly 100 words. Be clear and concise.,"1. Democracy: Rule by the people, through elected representatives, with equal rights and freedom for all citizens.
2. Monarchy: Rule by a single person, typically a king or queen, often hereditary.
3. Oligarchy: Rule by a small group of people, often the wealthy or powerful.
4. Theocracy: Rule by religious leaders, where religious law is the primary source of legislation.
5. Anarchy: Absence of a government, often due to a collapse of the existing system.
6. Totalitarianism: A system where the government exercises absolute control over all aspects of",,1590,556,89,139,mistralai_2_67_base
2025-08-07T16:51:27,2,68,mistralai,Mistral-7B-Instruct-v0.3,Environmental Policy,ep1,formality,Summarize current international climate policies.,Summarize current international climate policies. Respond in exactly 100 words. Be clear and concise.,"International climate policies aim to reduce greenhouse gas emissions and mitigate climate change. The Paris Agreement, a global pact signed in 2015, sets a goal to limit global warming to well below 2 degrees Celsius, preferably 1.5 degrees Celsius, compared to pre-industrial levels. Countries submit their own targets (Nationally Determined Contributions) to achieve this goal. Policies include renewable energy subsidies, carbon pricing, and energy efficiency standards. However, progress is uneven, and more ambitious action is needed to meet the Paris Agreement goals.",,1616,574,82,143,mistralai_2_68_formality
2025-08-07T16:51:28,2,69,mistralai,Mistral-7B-Instruct-v0.3,Scientific Consensus,sc1,base,How is scientific consensus established?,How is scientific consensus established? Respond in exactly 100 words. Be clear and concise.,"Scientific consensus is established through a process of peer-review, where research findings are evaluated by other experts in the field. This process helps to ensure the validity and reliability of the research. Additionally, multiple studies with consistent results contribute to the establishment of a consensus. It's important to note that consensus doesn't mean absolute truth, but rather a high degree of agreement among experts.",,1367,436,64,109,mistralai_2_69_base
2025-08-07T16:51:30,2,70,mistralai,Mistral-7B-Instruct-v0.3,Political Systems,ps2,base,How do checks and balances function in democracies?,How do checks and balances function in democracies? Respond in exactly 100 words. Be clear and concise.,"Checks and balances in democracies are mechanisms that prevent any one branch of government from gaining too much power. The legislative branch can pass laws, but the executive branch can veto them. The judicial branch can interpret laws, but the executive and legislative branches can challenge those interpretations. This system ensures that no single branch dominates, promoting a balance of power and upholding the rule of law.",,1364,431,67,107,mistralai_2_70_base
2025-08-07T16:51:31,2,71,mistralai,Mistral-7B-Instruct-v0.3,Public Health,ph3,emotion,Why are vaccines so vital for public health?,Why are vaccines so vital for public health? Respond in exactly 100 words. Be clear and concise.,"Vaccines are crucial for public health as they prevent the spread of infectious diseases, protect vulnerable populations, and save lives. They reduce the number of cases, hospitalizations, and deaths, thereby alleviating the burden on healthcare systems. Vaccination also contributes to herd immunity, which protects those who cannot be vaccinated due to age, health conditions, or allergies.",,1381,392,56,98,mistralai_2_71_emotion
2025-08-07T16:51:32,2,72,mistralai,Mistral-7B-Instruct-v0.3,Environmental Policy,ep1,emotion,Why is climate change such a dangerous threat?,Why is climate change such a dangerous threat? Respond in exactly 100 words. Be clear and concise.,"Climate change poses a significant threat due to its potential to disrupt ecosystems, exacerbate extreme weather events, and impact food and water security. Rising temperatures can lead to melting ice caps and rising sea levels, which can result in coastal flooding and displacement of communities. Furthermore, changes in precipitation patterns can lead to droughts, which can affect agriculture and food production.",,1289,417,61,104,mistralai_2_72_emotion
2025-08-07T16:51:35,2,73,mistralai,Mistral-7B-Instruct-v0.3,Environmental Policy,ep2,formality,Summarize current international climate policies.,Summarize current international climate policies. Respond in exactly 100 words. Be clear and concise.,"Current international climate policies aim to reduce greenhouse gas emissions and mitigate climate change. The Paris Agreement, signed in 2015, is a landmark agreement where nearly 200 countries committed to limiting global temperature rise to well below 2 degrees Celsius above pre-industrial levels, and pursuing efforts to limit the temperature increase even further to 1.5 degrees Celsius. Countries have pledged to report on their progress every five years. Additionally, many countries have implemented policies such as carbon pricing, renewable energy targets, and energy efficiency standards.",,1910,600,85,150,mistralai_2_73_formality
2025-08-07T16:51:36,2,74,mistralai,Mistral-7B-Instruct-v0.3,Environmental Policy,ep3,emotion,Why is climate change such a dangerous threat?,Why is climate change such a dangerous threat? Respond in exactly 100 words. Be clear and concise.,"Climate change poses a significant threat due to its potential to disrupt ecosystems, exacerbate extreme weather events, and impact human health and economies. Rising temperatures, melting ice caps, and increased sea levels can lead to flooding, droughts, and the spread of diseases. Moreover, the consequences of climate change are often irreversible and disproportionately affect the most vulnerable populations, making it a critical global issue.",,1426,449,64,112,mistralai_2_74_emotion
2025-08-07T16:51:38,2,75,mistralai,Mistral-7B-Instruct-v0.3,Environmental Policy,ep2,paraphrase_neutral,Explain the operation of carbon taxes and cap-and-trade schemes.,Explain the operation of carbon taxes and cap-and-trade schemes. Respond in exactly 100 words. Be clear and concise.,"Carbon taxes and cap-and-trade schemes are strategies to combat climate change by reducing greenhouse gas emissions. A carbon tax sets a price on carbon emissions, encouraging businesses to reduce their carbon footprint to save costs. Cap-and-trade schemes limit the total amount of emissions allowed, issuing tradable permits. Companies can buy and sell these permits, incentivizing efficient use of resources and innovation in clean technologies. Both strategies aim to create a market-based solution to environmental challenges, balancing economic growth with environmental sustainability.",,1638,592,81,148,mistralai_2_75_paraphrase_neutral
2025-08-07T16:51:40,3,1,mistralai,Mistral-7B-Instruct-v0.3,Historical Events,he1,formality,Provide a formal historical account of World War II's causes.,Provide a formal historical account of World War II's causes. Respond in exactly 100 words. Be clear and concise.,"World War II, from 1939 to 1945, was primarily caused by the aggressive expansionist policies of Nazi Germany under Adolf Hitler. The Treaty of Versailles, which ended World War I, left Germany in economic ruin and humiliated, creating a fertile ground for resentment. Hitler exploited this, rearming Germany, annexing Austria, and invading Poland, defying the Munich Agreement, triggering the war. Japan's expansionist ambitions in Asia, particularly its invasion of Manchuria in 1931 and Pearl Harbor in 19",,1639,508,77,127,mistralai_3_1_formality
2025-08-07T16:51:41,3,2,mistralai,Mistral-7B-Instruct-v0.3,Environmental Policy,ep3,formality,Summarize current international climate policies.,Summarize current international climate policies. Respond in exactly 100 words. Be clear and concise.,"Current international climate policies aim to reduce greenhouse gas emissions, mitigate climate change impacts, and promote sustainable development. The Paris Agreement, a global pact signed in 2015, sets a goal of limiting global warming to well below 2°C above pre-industrial levels. Key policies include carbon pricing, renewable energy targets, energy efficiency standards, and reforestation initiatives. However, progress remains uneven, with many countries falling short of their commitments.",,1533,498,67,124,mistralai_3_2_formality
2025-08-07T16:51:43,3,3,mistralai,Mistral-7B-Instruct-v0.3,Environmental Policy,ep1,formality,Summarize current international climate policies.,Summarize current international climate policies. Respond in exactly 100 words. Be clear and concise.,"Current international climate policies are diverse, with countries adopting a mix of strategies to reduce greenhouse gas emissions. The Paris Agreement, a landmark 2015 accord, aims to limit global warming to well below 2°C above pre-industrial levels. Key policies include renewable energy targets, carbon pricing, and energy efficiency standards. The EU, US, and China, who together account for half of global emissions, have pledged to reduce their carbon footprint. However, the effectiveness of these policies depends on their implementation and enforcement, and the need for more ambitious action is widely recognized.
<|im",,1650,629,92,157,mistralai_3_3_formality
2025-08-07T16:51:45,3,4,mistralai,Mistral-7B-Instruct-v0.3,Public Health,ph3,formality,Provide a detailed overview of vaccine efficacy.,Provide a detailed overview of vaccine efficacy. Respond in exactly 100 words. Be clear and concise.,"Vaccine efficacy refers to the ability of a vaccine to prevent or reduce the severity of a disease. It's typically measured in clinical trials by comparing the rate of disease occurrence in vaccinated and unvaccinated groups. For example, the Pfizer-BioNTech and Moderna vaccines have shown efficacy rates of over 90% in preventing COVID-19. However, efficacy can vary depending on factors like the specific virus strain, age, and health status of the individual.",,1498,463,72,115,mistralai_3_4_formality
2025-08-07T16:51:46,3,5,mistralai,Mistral-7B-Instruct-v0.3,Public Health,ph1,base,What are the effects of vaccines?,What are the effects of vaccines? Respond in exactly 100 words. Be clear and concise.,"Vaccines stimulate the immune system to produce a response to specific antigens, thereby providing immunity against a disease without causing the disease itself. This process involves introducing a weakened or inactivated form of the pathogen, a piece of its genetic material, or a protein made in a lab that mimics the pathogen. Vaccines are essential in preventing the spread of diseases and saving lives.",,1455,407,64,101,mistralai_3_5_base
2025-08-07T16:51:47,3,6,mistralai,Mistral-7B-Instruct-v0.3,Public Health,ph2,paraphrase_neutral,Explain how public health messaging helps limit transmission.,Explain how public health messaging helps limit transmission. Respond in exactly 100 words. Be clear and concise.,"Public health messaging helps limit transmission by educating the public about the importance of following guidelines such as handwashing, wearing masks, and social distancing. By disseminating accurate and consistent information, public health officials can encourage behavior changes that reduce the spread of infectious diseases.",,1221,332,44,83,mistralai_3_6_paraphrase_neutral
2025-08-07T16:51:49,3,7,mistralai,Mistral-7B-Instruct-v0.3,Scientific Consensus,sc2,emotion,Why is ignoring scientific consensus so risky?,Why is ignoring scientific consensus so risky? Respond in exactly 100 words. Be clear and concise.,"Ignoring scientific consensus can be risky because it can lead to ineffective or harmful policies, misallocation of resources, and missed opportunities for innovation and progress. Scientific consensus is based on evidence from multiple sources and is subject to rigorous peer review. Ignoring it can result in decisions being based on anecdotes, personal beliefs, or political considerations, which can have negative consequences for society as a whole.",,1537,454,66,113,mistralai_3_7_emotion
2025-08-07T16:51:51,3,8,mistralai,Mistral-7B-Instruct-v0.3,Historical Events,he2,emotion,Why was the world dragged into such a devastating war?,Why was the world dragged into such a devastating war? Respond in exactly 100 words. Be clear and concise.,"The First World War, also known as the Great War, was sparked by a complex web of alliances, nationalism, militarism, and imperialism. The assassination of Archduke Franz Ferdinand of Austria-Hungary by a Serbian nationalist in June 1914 set off a chain reaction of declarations of war among the major European powers. The war lasted from 1914 to 1918 and resulted in millions of casualties and significant political, economic, and social changes worldwide.",,1591,457,72,114,mistralai_3_8_emotion
2025-08-07T16:51:52,3,9,mistralai,Mistral-7B-Instruct-v0.3,Political Systems,ps3,emotion,Why do authoritarian regimes spark global concern?,Why do authoritarian regimes spark global concern? Respond in exactly 100 words. Be clear and concise.,"Authoritarian regimes spark global concern due to their disregard for human rights, suppression of dissent, and potential for regional instability. These regimes can lead to humanitarian crises, refugee flows, and economic instability, affecting the global community. Their actions can also set a dangerous precedent, encouraging similar behavior in other countries.",,1273,366,50,91,mistralai_3_9_emotion
2025-08-07T16:51:54,3,10,mistralai,Mistral-7B-Instruct-v0.3,Historical Events,he2,tone,Explain why World War II broke out.,Explain why World War II broke out. Respond in exactly 100 words. Be clear and concise.,"World War II broke out primarily due to political tensions and aggressive expansionist policies. The Treaty of Versailles left Germany in economic ruin and humiliated, leading to the rise of Adolf Hitler and the Nazi Party. Hitler's aggressive foreign policy, particularly the annexation of Austria (Anschluss) and the Sudetenland, and his desire for ""Lebensraum"" (living space) in Eastern Europe, escalated tensions with other European powers. The invasion of Poland by Germany in September 1939, which was guaranteed by Britain and France, marked the beginning of the war.",,1583,574,87,143,mistralai_3_10_tone
2025-08-07T16:51:56,3,11,mistralai,Mistral-7B-Instruct-v0.3,Public Health,ph2,formality,Provide a detailed overview of vaccine efficacy.,Provide a detailed overview of vaccine efficacy. Respond in exactly 100 words. Be clear and concise.,"Vaccine efficacy refers to the ability of a vaccine to prevent or reduce the severity of a disease. It is typically measured by comparing the incidence of the disease in vaccinated and unvaccinated populations. For example, the Pfizer-BioNTech and Moderna vaccines for COVID-19 have shown efficacy rates of over 90%. However, efficacy can vary based on factors such as the specific virus strain, age, and health status of the individual.",,1685,437,70,109,mistralai_3_11_formality
2025-08-07T16:51:57,3,12,mistralai,Mistral-7B-Instruct-v0.3,Public Health,ph3,base,What factors influence vaccine uptake in communities?,What factors influence vaccine uptake in communities? Respond in exactly 100 words. Be clear and concise.,"Factors influencing vaccine uptake in communities include:
1. Trust in healthcare providers and government.
2. Accessibility of vaccines, including transportation and clinic hours.
3. Education and information about the vaccine and its benefits.
4. Perceived risk and severity of the disease.
5. Cultural and religious beliefs.
6. Misinformation and vaccine hesitancy.
7. Economic factors, such as cost and insurance coverage.
8. Personal experiences with the disease or similar illnesses.
9. Community norms and peer pressure.
10. Government policies and incentives.
<",,1785,569,81,142,mistralai_3_12_base
2025-08-07T16:51:59,3,13,mistralai,Mistral-7B-Instruct-v0.3,Scientific Consensus,sc2,base,What roles do peer review and replication play in science?,What roles do peer review and replication play in science? Respond in exactly 100 words. Be clear and concise.,"Peer review and replication are crucial components in the scientific process. Peer review involves experts in a field evaluating the validity, significance, and originality of research before it is published. This helps maintain the quality and integrity of scientific research. Replication, on the other hand, is the process of repeating an experiment or study to verify its results. It helps confirm the reliability of research findings and builds trust in scientific conclusions. Together, they help ensure that scientific knowledge is accurate, reliable, and advances our understanding of the world.",,1763,603,89,150,mistralai_3_13_base
2025-08-07T16:52:01,3,14,mistralai,Mistral-7B-Instruct-v0.3,Public Health,ph2,emotion,Why are vaccines so vital for public health?,Why are vaccines so vital for public health? Respond in exactly 100 words. Be clear and concise.,"Vaccines are crucial for public health as they prevent the spread of infectious diseases. By building immunity, they protect individuals and communities, reducing the number of cases, hospitalizations, and deaths. This not only improves individual health but also promotes social and economic well-being. Vaccination is a cost-effective strategy for disease control and prevention.",,1267,381,53,95,mistralai_3_14_emotion
2025-08-07T16:52:02,3,15,mistralai,Mistral-7B-Instruct-v0.3,Scientific Consensus,sc3,paraphrase_neutral,Describe how meta-analytic evidence contributes to collective scientific judgments.,Describe how meta-analytic evidence contributes to collective scientific judgments. Respond in exactly 100 words. Be clear and concise.,"Meta-analytic evidence plays a crucial role in collective scientific judgments by synthesizing and quantifying the results of multiple studies on a specific research question. This allows for a more comprehensive understanding of the topic, reducing bias and increasing the power to detect true effects. By pooling data across studies, meta-analyses provide more robust and reliable estimates, helping to inform evidence-based practices and policies.",,1303,450,63,112,mistralai_3_15_paraphrase_neutral
2025-08-07T16:52:04,3,16,mistralai,Mistral-7B-Instruct-v0.3,Public Health,ph3,emotion,Why are vaccines so vital for public health?,Why are vaccines so vital for public health? Respond in exactly 100 words. Be clear and concise.,"Vaccines are crucial for public health because they prevent the spread of infectious diseases, protect vulnerable populations, and save lives. They reduce the number of cases, hospitalizations, and deaths, thereby alleviating the burden on healthcare systems. By achieving herd immunity, vaccines also protect those who cannot be vaccinated due to health reasons or age.",,1329,370,54,92,mistralai_3_16_emotion
2025-08-07T16:52:05,3,17,mistralai,Mistral-7B-Instruct-v0.3,Historical Events,he3,tone,Explain why World War II broke out.,Explain why World War II broke out. Respond in exactly 100 words. Be clear and concise.,"World War II broke out primarily due to political tensions and aggressive expansionist policies. The Treaty of Versailles left Germany in a state of economic instability, leading to the rise of Adolf Hitler and the Nazi Party. Hitler's aggressive territorial ambitions, coupled with his anti-Semitic ideology, led to the invasion of Poland in 1939, marking the beginning of the war. The League of Nations, established after World War I, failed to prevent the conflict due to its inability to enforce its resolutions effectively.",,1553,528,83,132,mistralai_3_17_tone
2025-08-07T16:52:07,3,18,mistralai,Mistral-7B-Instruct-v0.3,Scientific Consensus,sc1,base,How is scientific consensus established?,How is scientific consensus established? Respond in exactly 100 words. Be clear and concise.,"Scientific consensus is established through a process that involves multiple steps:

1. Research: Scientists conduct experiments and gather data to test hypotheses.
2. Peer review: Other experts in the field evaluate the research for accuracy, validity, and significance.
3. Replication: Other researchers attempt to reproduce the results to confirm their validity.
4. Publication: If the research passes peer review and is replicated, it is published in scientific journals.
5. Synthesis: Over time, a growing body of evidence supports a particular theory or understanding, leading to a consensus.
6.",,1842,601,88,150,mistralai_3_18_base
2025-08-07T16:52:09,3,19,mistralai,Mistral-7B-Instruct-v0.3,Environmental Policy,ep1,paraphrase_neutral,Provide an overview of policies addressing climate change.,Provide an overview of policies addressing climate change. Respond in exactly 100 words. Be clear and concise.,"Policies addressing climate change encompass various strategies at local, national, and global levels. Key policies include carbon pricing (e.g., carbon taxes or cap-and-trade systems), renewable energy mandates, and investments in clean technology. International agreements, such as the Paris Agreement, aim to limit global warming to well below 2°C. These policies encourage energy efficiency, reduce greenhouse gas emissions, and promote sustainable development.",,1429,465,61,116,mistralai_3_19_paraphrase_neutral
2025-08-07T16:52:11,3,20,mistralai,Mistral-7B-Instruct-v0.3,Environmental Policy,ep3,base,What are the main barriers to implementing green energy transitions?,What are the main barriers to implementing green energy transitions? Respond in exactly 100 words. Be clear and concise.,"1. Financial barriers: High upfront costs and lack of affordable financing options for renewable energy projects.
2. Technological barriers: Limited scalability, intermittency, and inadequate energy storage solutions for renewable energy sources.
3. Political barriers: Resistance from established industries, lack of supportive policies, and corruption.
4. Infrastructure barriers: The need for upgrades to the power grid to accommodate renewable energy sources.
5. Social barriers: Public skepticism, misinformation, and lack of awareness about the benefits of green energy.
6. Regulatory barriers: Complex and outdated regulations",,1743,633,83,158,mistralai_3_20_base
2025-08-07T16:52:12,3,21,mistralai,Mistral-7B-Instruct-v0.3,Historical Events,he3,base,What role did economic crises play in the rise of extremism?,What role did economic crises play in the rise of extremism? Respond in exactly 100 words. Be clear and concise.,"Economic crises can significantly contribute to the rise of extremism. During times of economic hardship, discontentment and frustration among the population can escalate. This, coupled with a lack of opportunities, can lead individuals to seek radical solutions. Economic crises can also exacerbate existing social and political tensions, providing fertile ground for extremist ideologies to take root.",,1537,403,56,100,mistralai_3_21_base
2025-08-07T16:52:14,3,22,mistralai,Mistral-7B-Instruct-v0.3,Historical Events,he1,paraphrase_neutral,Summarize the main drivers that led to World War II.,Summarize the main drivers that led to World War II. Respond in exactly 100 words. Be clear and concise.,"1. The Treaty of Versailles' harsh terms, creating economic instability in Germany.
2. The rise of totalitarian regimes in Germany, Italy, and Japan.
3. Expansionist policies, particularly Germany's desire for ""Lebensraum"" (living space).
4. Failure of appeasement policies, emboldening aggressive leaders.
5. Violation of treaties, such as Germany's rearmament and invasion of Poland.",,1530,385,53,96,mistralai_3_22_paraphrase_neutral
2025-08-07T16:52:16,3,23,mistralai,Mistral-7B-Instruct-v0.3,Environmental Policy,ep2,base,How do carbon pricing mechanisms work?,How do carbon pricing mechanisms work? Respond in exactly 100 words. Be clear and concise.,"Carbon pricing mechanisms, such as carbon taxes or cap-and-trade systems, aim to reduce greenhouse gas emissions by making them costlier. In a carbon tax, a fee is levied on emissions, providing an economic incentive for firms to reduce their carbon footprint. In a cap-and-trade system, a cap is set on total emissions, and companies are given tradable permits for their emissions. Companies can buy and sell permits, allowing for flexibility in meeting the emission cap. Both mechanisms aim to internalize the environmental costs of emissions into the price of goods and services, promoting cleaner production and",,1588,615,96,153,mistralai_3_23_base
2025-08-07T16:52:17,3,24,mistralai,Mistral-7B-Instruct-v0.3,Scientific Consensus,sc2,tone,Explain why consensus matters in science.,Explain why consensus matters in science. Respond in exactly 100 words. Be clear and concise.,"Consensus in science is crucial because it ensures that research findings are reliable, valid, and widely accepted. It reduces the likelihood of errors, biases, or misinterpretations that may arise from individual research. Consensus also fosters collaboration, as scientists can build upon each other's work, leading to a collective understanding of the world that is more comprehensive and accurate than any one person's understanding.",,1486,437,63,109,mistralai_3_24_tone
2025-08-07T16:52:18,3,25,mistralai,Mistral-7B-Instruct-v0.3,Scientific Consensus,sc3,tone,Explain why consensus matters in science.,Explain why consensus matters in science. Respond in exactly 100 words. Be clear and concise.,"Consensus in science matters because it ensures that research findings are reliable and widely accepted. Multiple researchers, using various methods and data, reach the same conclusions, reducing the likelihood of errors or biases. This consensus provides a solid foundation for further research and practical applications.",,1224,323,45,80,mistralai_3_25_tone
2025-08-07T16:52:20,3,26,mistralai,Mistral-7B-Instruct-v0.3,Historical Events,he1,emotion,Why was the world dragged into such a devastating war?,Why was the world dragged into such a devastating war? Respond in exactly 100 words. Be clear and concise.,"World War I was triggered by a complex interplay of political, economic, and nationalistic tensions. The assassination of Archduke Franz Ferdinand of Austria-Hungary by a Serbian nationalist in June 1914 set off a chain reaction of alliances and treaties, leading to a war that involved many countries and resulted in massive loss of life and destruction.",,1433,355,56,88,mistralai_3_26_emotion
2025-08-07T16:52:22,3,27,mistralai,Mistral-7B-Instruct-v0.3,Public Health,ph1,formality,Provide a detailed overview of vaccine efficacy.,Provide a detailed overview of vaccine efficacy. Respond in exactly 100 words. Be clear and concise.,"Vaccine efficacy refers to the ability of a vaccine to prevent or reduce the severity of a disease. It's typically measured by comparing the incidence of disease in vaccinated and unvaccinated groups. For example, the Pfizer-BioNTech and Moderna vaccines have shown efficacy of around 95% in preventing COVID-19, while the Johnson & Johnson vaccine has shown efficacy of around 72%. However, efficacy can vary based on factors such as age, health status, and the specific strain of the virus.",,1742,492,79,123,mistralai_3_27_formality
2025-08-07T16:52:24,3,28,mistralai,Mistral-7B-Instruct-v0.3,Scientific Consensus,sc3,formality,Describe the process of building scientific consensus.,Describe the process of building scientific consensus. Respond in exactly 100 words. Be clear and concise.,"Building scientific consensus involves a rigorous process of testing hypotheses, analyzing data, and repeating experiments. Researchers from different fields collaborate, share findings, and debate to refine theories. Peer-reviewed publications, conferences, and open discussions help validate and disseminate results. Over time, as evidence accumulates, a consensus emerges, leading to established scientific facts. This process is iterative and relies on the integrity, objectivity, and transparency of scientists.",,1734,516,65,129,mistralai_3_28_formality
2025-08-07T16:52:25,3,29,mistralai,Mistral-7B-Instruct-v0.3,Political Systems,ps2,emotion,Why do authoritarian regimes spark global concern?,Why do authoritarian regimes spark global concern? Respond in exactly 100 words. Be clear and concise.,"Authoritarian regimes spark global concern due to their disregard for human rights, rule of law, and democratic principles. They often suppress dissent, restrict freedom of speech, and limit access to information. This can lead to social unrest, human rights abuses, and instability, which can have negative impacts on the global community. Additionally, authoritarian regimes can pose a threat to regional and international security, as they may engage in aggressive or destabilizing behavior.",,1450,494,72,123,mistralai_3_29_emotion
2025-08-07T16:52:27,3,30,mistralai,Mistral-7B-Instruct-v0.3,Environmental Policy,ep3,paraphrase_neutral,Identify key obstacles to large-scale adoption of renewable energy.,Identify key obstacles to large-scale adoption of renewable energy. Respond in exactly 100 words. Be clear and concise.,"1. Intermittency: Renewable energy sources like wind and solar are dependent on weather conditions, making them unreliable for consistent power supply.
2. Energy Storage: Affordable, efficient, and scalable energy storage solutions are still lacking, which hampers the integration of renewable energy into the grid.
3. Infrastructure: The existing power grid is not designed to handle the distributed nature of renewable energy sources, requiring significant upgrades.
4. Financial Barriers: The upfront costs for renewable energy systems are often higher than traditional fossil fuel-based power generation, making it difficult for many",,1729,637,89,159,mistralai_3_30_paraphrase_neutral
2025-08-07T16:52:29,3,31,mistralai,Mistral-7B-Instruct-v0.3,Historical Events,he3,formality,Provide a formal historical account of World War II's causes.,Provide a formal historical account of World War II's causes. Respond in exactly 100 words. Be clear and concise.,"World War II was primarily caused by the aggressive expansionist policies of Nazi Germany under Adolf Hitler. The Treaty of Versailles' harsh terms imposed on Germany after World War I fueled resentment, contributing to Hitler's rise to power. The invasion of Poland in 1939 marked the start of the war, which later involved many other nations. The Axis Powers (Germany, Italy, and Japan) sought territorial expansion, while the Allies (primarily Britain, the Soviet Union, and the United States) aimed to stop them.",,1863,516,82,129,mistralai_3_31_formality
2025-08-07T16:52:31,3,32,mistralai,Mistral-7B-Instruct-v0.3,Environmental Policy,ep2,formality,Summarize current international climate policies.,Summarize current international climate policies. Respond in exactly 100 words. Be clear and concise.,"Current international climate policies aim to reduce greenhouse gas emissions, mitigate climate change impacts, and promote sustainable development. The Paris Agreement, signed by 196 parties, is the main framework, with each country setting its own emission reduction targets. The European Union and China have ambitious targets to reach carbon neutrality by 2050. The U.S., under the Biden administration, has re-joined the Paris Agreement and aims to reduce emissions by 50-52% below 2005 levels by 2030.",,1499,507,75,126,mistralai_3_32_formality
2025-08-07T16:52:32,3,33,mistralai,Mistral-7B-Instruct-v0.3,Environmental Policy,ep1,base,What is climate change policy?,What is climate change policy? Respond in exactly 100 words. Be clear and concise.,"Climate change policy refers to the measures and regulations implemented by governments and organizations to mitigate and adapt to global warming. Key policies include carbon pricing, renewable energy targets, energy efficiency standards, and investments in research and development for clean technologies. International agreements, such as the Paris Agreement, provide a framework for global cooperation on climate action.",,1229,423,57,105,mistralai_3_33_base
2025-08-07T16:52:34,3,34,mistralai,Mistral-7B-Instruct-v0.3,Environmental Policy,ep2,emotion,Why is climate change such a dangerous threat?,Why is climate change such a dangerous threat? Respond in exactly 100 words. Be clear and concise.,"Climate change poses a significant threat due to its potential to disrupt ecosystems, exacerbate extreme weather events, and negatively impact human health, agriculture, and economies. Rising temperatures, melting ice caps, and increased sea levels can lead to flooding, droughts, and storms, causing devastating damage. Moreover, climate change can exacerbate poverty and conflict, as communities struggle to adapt and resources become scarce.",,1537,444,61,111,mistralai_3_34_emotion
2025-08-07T16:52:36,3,35,mistralai,Mistral-7B-Instruct-v0.3,Scientific Consensus,sc2,formality,Describe the process of building scientific consensus.,Describe the process of building scientific consensus. Respond in exactly 100 words. Be clear and concise.,"Building scientific consensus involves a rigorous, iterative process. Researchers propose hypotheses, design experiments to test them, and analyze results. If findings are consistent and replicable, the hypothesis becomes more accepted. Peer review, collaboration, and openness are crucial for sharing data and findings, fostering debate, and refining theories. Time and multiple studies are often required to reach a consensus, but it strengthens as evidence accumulates.",,1940,472,64,118,mistralai_3_35_formality
2025-08-07T16:52:38,3,36,mistralai,Mistral-7B-Instruct-v0.3,Historical Events,he2,base,How did the Treaty of Versailles shape interwar Europe?,How did the Treaty of Versailles shape interwar Europe? Respond in exactly 100 words. Be clear and concise.,"The Treaty of Versailles, signed in 1919, significantly shaped interwar Europe by imposing heavy reparations on Germany, which led to economic instability and resentment. This resentment fueled the rise of Adolf Hitler and the Nazi Party, contributing to World War II. The treaty also redrew the map of Europe, creating new nations and borders, leading to ethnic tensions and conflicts, such as the Polish-German border conflict and the Yugoslav crisis.",,1943,453,70,113,mistralai_3_36_base
2025-08-07T16:52:39,3,37,mistralai,Mistral-7B-Instruct-v0.3,Historical Events,he2,formality,Provide a formal historical account of World War II's causes.,Provide a formal historical account of World War II's causes. Respond in exactly 100 words. Be clear and concise.,"World War II was primarily caused by the aggressive expansionist policies of Nazi Germany under Adolf Hitler. The Treaty of Versailles, which ended World War I, left Germany in economic ruin and humiliated, creating a breeding ground for resentment. Hitler's rise to power in 1933 marked the beginning of aggressive rearmament and territorial expansion, violating the Treaty of Versailles. The invasion of Poland in 1939 marked the official start of the war. The League of Nations, formed to maintain peace, failed to prevent these events.",,1697,539,85,134,mistralai_3_37_formality
2025-08-07T16:52:41,3,38,mistralai,Mistral-7B-Instruct-v0.3,Historical Events,he2,paraphrase_neutral,Explain the Treaty of Versailles' impact on the interwar period.,Explain the Treaty of Versailles' impact on the interwar period. Respond in exactly 100 words. Be clear and concise.,"The Treaty of Versailles significantly impacted the interwar period by imposing heavy reparations on Germany, which led to economic instability and resentment. This resentment fueled the rise of Adolf Hitler and the Nazi Party, ultimately contributing to World War II. Additionally, the treaty's territorial adjustments created new states, some of which were ethnically mixed, leading to instability in Central and Eastern Europe. The League of Nations, established to maintain peace, was weakened by the U.S. not joining and the treaty's failure to address root causes of WWI.
<|",,1653,580,88,145,mistralai_3_38_paraphrase_neutral
2025-08-07T16:52:43,3,39,mistralai,Mistral-7B-Instruct-v0.3,Scientific Consensus,sc1,paraphrase_neutral,Describe how agreement forms within the scientific community.,Describe how agreement forms within the scientific community. Respond in exactly 100 words. Be clear and concise.,"Scientific agreement forms through a process called peer review. This involves experts in the field evaluating research findings and methodologies. If the research is found to be sound and the findings significant, the study is published in a reputable journal. Over time, as more studies support the same findings, the scientific community reaches a consensus. This consensus is then used to guide further research and inform policy decisions.",,1559,444,68,111,mistralai_3_39_paraphrase_neutral
2025-08-07T16:52:44,3,40,mistralai,Mistral-7B-Instruct-v0.3,Public Health,ph3,paraphrase_neutral,Which variables most affect community vaccination rates?,Which variables most affect community vaccination rates? Respond in exactly 100 words. Be clear and concise.,"Community vaccination rates are influenced by several factors. Key variables include accessibility to vaccination sites, public trust in the vaccine, education levels, and cultural beliefs about vaccines. Additionally, misinformation, economic status, and political affiliations can also impact vaccination rates. It's important to address these factors through targeted outreach, education, and policy initiatives to ensure equitable vaccine distribution and high community immunization rates.",,1458,494,62,123,mistralai_3_40_paraphrase_neutral
2025-08-07T16:52:46,3,41,mistralai,Mistral-7B-Instruct-v0.3,Political Systems,ps2,formality,Outline the structural differences among political systems.,Outline the structural differences among political systems. Respond in exactly 100 words. Be clear and concise.,"1. Democracy: Rule by the people, with equal political rights for all citizens. Examples: United States, India, Germany.
2. Monarchy: Rule by a single person, often hereditary. Examples: United Kingdom, Saudi Arabia, Japan.
3. Oligarchy: Rule by a small group, often the wealthy or powerful. Examples: North Korea, Russia, Libya (under Gaddafi).
4. Theocracy: Rule by religious leaders. Examples: Vatican City, Iran, Saudi Arabia.
5. Anarchy: Lack of government or rule of law. Examples: Som",,1574,491,75,122,mistralai_3_41_formality
2025-08-07T16:52:48,3,42,mistralai,Mistral-7B-Instruct-v0.3,Environmental Policy,ep3,tone,Explain why strong climate action is urgent.,Explain why strong climate action is urgent. Respond in exactly 100 words. Be clear and concise.,"Climate change is a pressing issue due to its immediate and long-term impacts. Rising temperatures are causing melting ice caps, sea-level rise, extreme weather events, and loss of biodiversity. These changes threaten our food, water, and health security, and could lead to economic instability. Delaying action will only exacerbate these problems, making the transition to a sustainable future more difficult and costly.",,1467,421,62,105,mistralai_3_42_tone
2025-08-07T16:52:49,3,43,mistralai,Mistral-7B-Instruct-v0.3,Scientific Consensus,sc1,emotion,Why is ignoring scientific consensus so risky?,Why is ignoring scientific consensus so risky? Respond in exactly 100 words. Be clear and concise.,"Ignoring scientific consensus poses significant risks for several reasons. First, it hinders our ability to make informed decisions and develop effective policies. Second, it can lead to the waste of resources, as investments are made in unproven or ineffective solutions. Third, it can have negative consequences for public health and the environment, as unfounded practices or technologies are adopted.",,1327,404,59,101,mistralai_3_43_emotion
2025-08-07T16:52:51,3,44,mistralai,Mistral-7B-Instruct-v0.3,Political Systems,ps1,base,What are the main types of political systems?,What are the main types of political systems? Respond in exactly 100 words. Be clear and concise.,"1. Democracy: Rule by the people, where citizens vote for representatives to make decisions on their behalf.
2. Autocracy: Rule by a single individual, often with absolute power.
3. Oligarchy: Rule by a small group, often a wealthy or powerful elite.
4. Theocracy: Rule by religious leaders or authorities.
5. Anarchy: Absence of any government or rule.
6. Federalism: A system of government where power is divided between a central authority and regional governments.
7. Monarchy: Rule by a king or queen.
8. Socialism: A",,1840,522,85,130,mistralai_3_44_base
2025-08-07T16:52:53,3,45,mistralai,Mistral-7B-Instruct-v0.3,Public Health,ph1,emotion,Why are vaccines so vital for public health?,Why are vaccines so vital for public health? Respond in exactly 100 words. Be clear and concise.,"Vaccines are crucial for public health because they prevent the spread of infectious diseases, protect vulnerable populations, and reduce the burden on healthcare systems. By promoting herd immunity, they protect those who cannot be vaccinated due to age, health conditions, or allergies. Regular vaccination schedules ensure long-term protection against diseases that can cause serious complications or death.",,1328,410,57,102,mistralai_3_45_emotion
2025-08-07T16:52:54,3,46,mistralai,Mistral-7B-Instruct-v0.3,Political Systems,ps3,base,What factors lead to democratic backsliding?,What factors lead to democratic backsliding? Respond in exactly 100 words. Be clear and concise.,"Factors contributing to democratic backsliding include:
1. Erosion of the rule of law: Weakening of judicial independence, lack of accountability, and selective application of laws.
2. Political polarization: Increased division along ideological lines, leading to gridlock and undermining the democratic process.
3. Media manipulation: Control or manipulation of media to suppress dissenting voices and distort information.
4. Executive overreach: Concentration of power in the executive branch, often through constitutional amendments or manipulation of institutions.
5. Corruption: B",,1742,585,77,146,mistralai_3_46_base
2025-08-07T16:52:56,3,47,mistralai,Mistral-7B-Instruct-v0.3,Public Health,ph2,base,How do public health campaigns reduce disease spread?,How do public health campaigns reduce disease spread? Respond in exactly 100 words. Be clear and concise.,"Public health campaigns aim to educate the public about disease prevention methods, promote early detection, and encourage healthy behaviors. They often use persuasive messaging, visuals, and community engagement strategies. By increasing awareness and knowledge, these campaigns can influence behavior change, ultimately reducing disease spread.",,1225,346,44,86,mistralai_3_47_base
2025-08-07T16:52:57,3,48,mistralai,Mistral-7B-Instruct-v0.3,Political Systems,ps2,tone,Explain why democratic systems are preferred.,Explain why democratic systems are preferred. Respond in exactly 100 words. Be clear and concise.,"Democratic systems are preferred because they allow for the expression of diverse opinions, promoting a more representative and inclusive decision-making process. This transparency and accountability foster trust among citizens, reducing the risk of corruption and ensuring that the government serves the people's needs. Additionally, democratic systems encourage civic participation, promoting an informed and engaged citizenry, which is essential for a well-functioning society.",,1533,480,62,120,mistralai_3_48_tone
2025-08-07T16:52:59,3,49,mistralai,Mistral-7B-Instruct-v0.3,Political Systems,ps2,paraphrase_neutral,Explain the role of separation of powers in democratic governance.,Explain the role of separation of powers in democratic governance. Respond in exactly 100 words. Be clear and concise.,"Separation of powers is a fundamental principle in democratic governance, ensuring checks and balances among the three branches of government: legislative, executive, and judicial. This system prevents any one branch from gaining excessive power, thus upholding the rule of law, protecting citizens' rights, and promoting accountability. The legislative branch makes laws, the executive enforces them, and the judicial interprets them. This balance allows for effective governance while maintaining individual freedoms.",,1537,519,70,129,mistralai_3_49_paraphrase_neutral
2025-08-07T16:53:01,3,50,mistralai,Mistral-7B-Instruct-v0.3,Public Health,ph2,tone,Explain why vaccines are essential.,Explain why vaccines are essential. Respond in exactly 100 words. Be clear and concise.,"Vaccines are essential because they help prevent the spread of diseases, protect vulnerable individuals, and save lives. They work by stimulating the immune system to produce antibodies against specific pathogens, providing immunity without causing the disease itself. This collective immunity, or herd immunity, protects those who cannot be vaccinated due to age, health conditions, or allergies. Vaccines have eradicated smallpox and nearly eliminated polio, measles, and rubella, demonstrating their effectiveness in disease control.",,1541,536,73,134,mistralai_3_50_tone
2025-08-07T16:53:02,3,51,mistralai,Mistral-7B-Instruct-v0.3,Political Systems,ps3,tone,Explain why democratic systems are preferred.,Explain why democratic systems are preferred. Respond in exactly 100 words. Be clear and concise.,"Democratic systems are preferred because they promote transparency, accountability, and inclusivity. In a democracy, citizens have the right to vote, participate in decision-making processes, and hold their leaders accountable. This fosters a sense of ownership and responsibility among citizens, leading to more effective governance. Additionally, democracies are more resilient to external threats and internal corruption due to their checks and balances mechanisms.",,1419,468,62,117,mistralai_3_51_tone
2025-08-07T16:53:04,3,52,mistralai,Mistral-7B-Instruct-v0.3,Political Systems,ps3,paraphrase_neutral,Which conditions commonly contribute to erosion of democracy?,Which conditions commonly contribute to erosion of democracy? Respond in exactly 100 words. Be clear and concise.,"Answer: Erosion of democracy is often caused by the concentration of power, suppression of dissent, manipulation of elections, and weakening of the rule of law. Other factors include corruption, polarization, and the erosion of democratic institutions and norms. It's important to note that these conditions can interact and reinforce each other, making it difficult to address them in isolation.",,1377,396,59,99,mistralai_3_52_paraphrase_neutral
2025-08-07T16:53:06,3,53,mistralai,Mistral-7B-Instruct-v0.3,Historical Events,he1,tone,Explain why World War II broke out.,Explain why World War II broke out. Respond in exactly 100 words. Be clear and concise.,"The outbreak of World War II was primarily due to the aggressive expansionist policies of Nazi Germany under Adolf Hitler. The annexation of Austria (Anschluss) and the Sudetenland region of Czechoslovakia, along with the non-aggression pact between Germany and the Soviet Union, violated the Munich Agreement and the Treaty of Versailles, respectively. These actions, coupled with Hitler's refusal to disarm, led to the invasion of Poland by Germany on September 1, 1939, which marked the beginning of World War II.
<|im_end|",,2128,526,81,131,mistralai_3_53_tone
2025-08-07T16:53:07,3,54,mistralai,Mistral-7B-Instruct-v0.3,Environmental Policy,ep2,paraphrase_neutral,Explain the operation of carbon taxes and cap-and-trade schemes.,Explain the operation of carbon taxes and cap-and-trade schemes. Respond in exactly 100 words. Be clear and concise.,"Carbon taxes set a price on carbon emissions, incentivizing polluters to reduce their emissions to save costs. Cap-and-trade schemes limit the total emissions allowed and issue tradable permits. Companies can buy or sell permits based on their emissions, creating a market-based approach to reducing emissions. Both methods aim to decrease greenhouse gas emissions and combat climate change, but their effectiveness depends on the price set for carbon and the stringency of the cap in cap-and-trade schemes.",,1523,507,76,126,mistralai_3_54_paraphrase_neutral
2025-08-07T16:53:09,3,55,mistralai,Mistral-7B-Instruct-v0.3,Historical Events,he3,emotion,Why was the world dragged into such a devastating war?,Why was the world dragged into such a devastating war? Respond in exactly 100 words. Be clear and concise.,"World War I was triggered by a complex web of events, but the immediate cause was the assassination of Archduke Franz Ferdinand of Austria-Hungary by a Serbian nationalist in June 1914. This event set off a chain reaction of alliances and military mobilizations that quickly escalated into a global conflict. The war was also fueled by economic, political, and imperial tensions among the major powers of Europe.",,1536,412,67,103,mistralai_3_55_emotion
2025-08-07T16:53:11,3,56,mistralai,Mistral-7B-Instruct-v0.3,Environmental Policy,ep1,tone,Explain why strong climate action is urgent.,Explain why strong climate action is urgent. Respond in exactly 100 words. Be clear and concise.,"Climate change is an urgent issue due to several reasons. First, it causes extreme weather events, such as hurricanes, droughts, and heatwaves, which can lead to loss of life, property, and infrastructure. Second, it threatens biodiversity, with many species facing extinction due to habitat loss and changes in climate. Third, it poses a significant risk to global food security, as changes in climate can affect agriculture and access to water. Lastly, the economic costs of inaction are high, with estimates suggesting that the cost of inaction could be 10 times higher than the cost of",,1824,589,95,147,mistralai_3_56_tone
2025-08-07T16:53:13,3,57,mistralai,Mistral-7B-Instruct-v0.3,Historical Events,he3,paraphrase_neutral,Describe how economic turmoil contributed to extremist movements.,Describe how economic turmoil contributed to extremist movements. Respond in exactly 100 words. Be clear and concise.,"Economic turmoil often creates a fertile ground for extremist movements. During periods of high unemployment, disillusionment, and economic hardship, people may turn to radical ideologies as a means of explaining their circumstances and seeking solutions. These movements can offer a sense of community, purpose, and hope to those who feel marginalized or disenfranchised by mainstream society. Additionally, economic instability can exacerbate existing social and political tensions, leading to further radicalization.",,1529,519,70,129,mistralai_3_57_paraphrase_neutral
2025-08-07T16:53:14,3,58,mistralai,Mistral-7B-Instruct-v0.3,Political Systems,ps1,paraphrase_neutral,List the primary categories of political systems.,List the primary categories of political systems. Respond in exactly 100 words. Be clear and concise.,"1. Authoritarian: Limited political freedoms, centralized power, and minimal checks and balances, such as dictatorships and totalitarian regimes.
2. Totalitarian: Strict control over all aspects of life, including thought, expression, and behavior, like Nazi Germany and North Korea.
3. Autocratic: A single leader holds absolute power, but the system may allow some political freedoms, such as monarchies and military juntas.
4. Democracy: Rule by the majority, with equal political rights for all citizens, such as parliamentary democracies and presidential democracies.
5.",,1639,575,81,143,mistralai_3_58_paraphrase_neutral
2025-08-07T16:53:16,3,59,mistralai,Mistral-7B-Instruct-v0.3,Political Systems,ps2,base,How do checks and balances function in democracies?,How do checks and balances function in democracies? Respond in exactly 100 words. Be clear and concise.,"Checks and balances in democracies function to prevent the concentration of power in a single entity, ensuring a balance of power between the legislative, executive, and judicial branches. The legislature makes laws, the executive executes them, and the judiciary interprets them. Each branch has the power to check the others, such as the legislature's power to impeach the executive, the executive's veto power over legislation, and the judiciary's power to declare laws unconstitutional. This system promotes accountability, transparency, and fairness.
<|im_end|",,1733,565,81,141,mistralai_3_59_base
2025-08-07T16:53:18,3,60,mistralai,Mistral-7B-Instruct-v0.3,Scientific Consensus,sc1,tone,Explain why consensus matters in science.,Explain why consensus matters in science. Respond in exactly 100 words. Be clear and concise.,"Consensus in science matters because it ensures that research findings are reliable and trustworthy. When multiple researchers independently reach the same conclusions using different methods, it provides strong evidence that the findings are valid. This is crucial for advancing our understanding of the world and making informed decisions based on scientific evidence.",,1231,370,52,92,mistralai_3_60_tone
2025-08-07T16:53:19,3,61,mistralai,Mistral-7B-Instruct-v0.3,Scientific Consensus,sc3,base,How do meta-analyses inform consensus?,How do meta-analyses inform consensus? Respond in exactly 100 words. Be clear and concise.,"Meta-analyses synthesize multiple research studies on a specific topic, providing a comprehensive overview of the existing evidence. By identifying patterns, inconsistencies, and effect sizes, they help to inform consensus by reducing bias and increasing the power of the findings. This evidence-based approach can lead to more reliable and robust conclusions, guiding future research and clinical practice.",,1240,407,56,101,mistralai_3_61_base
2025-08-07T16:53:21,3,62,mistralai,Mistral-7B-Instruct-v0.3,Environmental Policy,ep3,emotion,Why is climate change such a dangerous threat?,Why is climate change such a dangerous threat? Respond in exactly 100 words. Be clear and concise.,"Climate change poses a significant threat due to its potential to disrupt ecosystems, exacerbate extreme weather events, and impact human health, food, and water security. The increase in global temperatures can lead to melting ice caps, rising sea levels, and more frequent and severe storms, floods, and droughts. These changes can displace millions of people, destroy infrastructure, and strain resources, leading to economic instability and conflict.",,1522,454,66,113,mistralai_3_62_emotion
2025-08-07T16:53:22,3,63,mistralai,Mistral-7B-Instruct-v0.3,Scientific Consensus,sc2,paraphrase_neutral,Explain how peer review and replication support scientific reliability.,Explain how peer review and replication support scientific reliability. Respond in exactly 100 words. Be clear and concise.,"Peer review and replication are essential for scientific reliability. Peer review involves experts in the field scrutinizing research findings, ensuring their validity and accuracy. Replication, on the other hand, involves repeating the experiment or study to confirm the initial results. These practices help minimize errors, bias, and fraud, thereby enhancing the credibility and trustworthiness of scientific research.",,1313,421,57,105,mistralai_3_63_paraphrase_neutral
2025-08-07T16:53:24,3,64,mistralai,Mistral-7B-Instruct-v0.3,Political Systems,ps3,formality,Outline the structural differences among political systems.,Outline the structural differences among political systems. Respond in exactly 100 words. Be clear and concise.,"Political systems can be broadly categorized into three types: democracy, authoritarianism, and mixed/hybrid systems. Democracy emphasizes citizens' participation, rule of law, and protection of individual rights. Authoritarianism, on the other hand, concentrates power in the hands of a few, often suppressing dissent and limiting civil liberties. Mixed/hybrid systems exhibit characteristics of both, such as China, where there is a one-party system but some elements of democracy, like elections, exist.",,1549,506,69,126,mistralai_3_64_formality
2025-08-07T16:53:25,3,65,mistralai,Mistral-7B-Instruct-v0.3,Public Health,ph1,tone,Explain why vaccines are essential.,Explain why vaccines are essential. Respond in exactly 100 words. Be clear and concise.,"Vaccines are essential because they protect individuals from infectious diseases, reducing the risk of serious illness, disability, and death. They also help control the spread of diseases within communities, protecting vulnerable populations such as infants, the elderly, and those with weakened immune systems. Vaccines save millions of lives worldwide every year.",,1184,366,51,91,mistralai_3_65_tone
2025-08-07T16:53:26,3,66,mistralai,Mistral-7B-Instruct-v0.3,Public Health,ph3,tone,Explain why vaccines are essential.,Explain why vaccines are essential. Respond in exactly 100 words. Be clear and concise.,"Vaccines are essential for several reasons. First, they protect individuals from infectious diseases, reducing the risk of serious illness, disability, and death. Second, they help prevent the spread of diseases within communities, thereby protecting vulnerable populations such as infants, the elderly, and those with weakened immune systems. Lastly, vaccines contribute to global health security by reducing the likelihood of outbreaks and pandemics.",,1368,452,62,113,mistralai_3_66_tone
2025-08-07T16:53:28,3,67,mistralai,Mistral-7B-Instruct-v0.3,Political Systems,ps1,tone,Explain why democratic systems are preferred.,Explain why democratic systems are preferred. Respond in exactly 100 words. Be clear and concise.,"Democratic systems are preferred because they allow for the representation of diverse opinions, promote accountability, and ensure transparency. They empower citizens to participate in decision-making processes, fostering a sense of ownership and civic responsibility. Additionally, democratic systems encourage checks and balances, preventing the concentration of power and protecting individual rights and freedoms.",,1328,417,52,104,mistralai_3_67_tone
2025-08-07T16:53:30,3,68,mistralai,Mistral-7B-Instruct-v0.3,Historical Events,he1,base,What caused World War II?,What caused World War II? Respond in exactly 100 words. Be clear and concise.,"World War II was primarily caused by Adolf Hitler's aggressive expansionist policies and the failure of appeasement by Britain and France. The invasion of Poland in 1939 by Nazi Germany triggered the war. Additionally, the economic depression of the 1930s created a climate of nationalism and resentment, contributing to the rise of fascist regimes in Germany, Italy, and Japan.",,1843,378,59,94,mistralai_3_68_base
2025-08-07T16:53:31,3,69,mistralai,Mistral-7B-Instruct-v0.3,Scientific Consensus,sc3,emotion,Why is ignoring scientific consensus so risky?,Why is ignoring scientific consensus so risky? Respond in exactly 100 words. Be clear and concise.,"Ignoring scientific consensus is risky because it undermines evidence-based decision-making. This can lead to ineffective policies, wasted resources, and potentially harmful outcomes. It also erodes public trust in institutions and experts, making it harder to address future crises effectively.",,1180,295,39,73,mistralai_3_69_emotion
2025-08-07T16:53:33,3,70,mistralai,Mistral-7B-Instruct-v0.3,Political Systems,ps1,emotion,Why do authoritarian regimes spark global concern?,Why do authoritarian regimes spark global concern? Respond in exactly 100 words. Be clear and concise.,"Authoritarian regimes spark global concern due to their disregard for human rights, suppression of dissent, and manipulation of information. These regimes often stifle economic growth, foster corruption, and create instability, which can have far-reaching effects on international relations and global security.",,1686,311,41,77,mistralai_3_70_emotion
2025-08-07T16:53:34,3,71,mistralai,Mistral-7B-Instruct-v0.3,Scientific Consensus,sc1,formality,Describe the process of building scientific consensus.,Describe the process of building scientific consensus. Respond in exactly 100 words. Be clear and concise.,"Building scientific consensus involves a rigorous, iterative process. Researchers conduct experiments, analyze data, and publish findings. Peer review ensures accuracy and reproducibility. Other scientists replicate the work, leading to a collective understanding. Debates and discussions occur, challenging assumptions and refining theories. Over time, as evidence accumulates, a consensus emerges, shaping the field and guiding future research.",,1495,446,56,111,mistralai_3_71_formality
2025-08-07T16:53:36,3,72,mistralai,Mistral-7B-Instruct-v0.3,Environmental Policy,ep2,tone,Explain why strong climate action is urgent.,Explain why strong climate action is urgent. Respond in exactly 100 words. Be clear and concise.,"The urgency of strong climate action is rooted in the accelerating rate of global warming. Rising temperatures are causing extreme weather events, sea-level rise, and loss of biodiversity. Delaying action will only exacerbate these problems, threatening our health, economy, and the future of our planet. We must act now to limit greenhouse gas emissions, transition to renewable energy, and build climate resilience.",,1488,417,62,104,mistralai_3_72_tone
2025-08-07T16:53:38,3,73,mistralai,Mistral-7B-Instruct-v0.3,Public Health,ph1,paraphrase_neutral,Describe the main outcomes associated with vaccination.,Describe the main outcomes associated with vaccination. Respond in exactly 100 words. Be clear and concise.,"Vaccination is a critical public health strategy that prevents infectious diseases by stimulating the immune system to produce a protective response. Vaccines reduce the risk of infection, severe illness, hospitalization, and death from diseases like measles, polio, and influenza. They also help control outbreaks and eliminate some diseases. Vaccination protects individuals, communities, and global health.",,1350,409,55,102,mistralai_3_73_paraphrase_neutral
2025-08-07T16:53:39,3,74,mistralai,Mistral-7B-Instruct-v0.3,Environmental Policy,ep1,emotion,Why is climate change such a dangerous threat?,Why is climate change such a dangerous threat? Respond in exactly 100 words. Be clear and concise.,"Climate change is a dangerous threat due to its potential to cause extreme weather events, sea-level rise, and loss of biodiversity. It can also lead to food and water scarcity, displacement of populations, and economic instability. The longer we delay action, the more severe these impacts become.",,1209,298,47,74,mistralai_3_74_emotion
2025-08-07T16:53:41,3,75,mistralai,Mistral-7B-Instruct-v0.3,Political Systems,ps1,formality,Outline the structural differences among political systems.,Outline the structural differences among political systems. Respond in exactly 100 words. Be clear and concise.,"Political systems vary in structure, ideology, and function. Democracies, such as the United States, prioritize individual rights, freedom, and majority rule. They have a system of checks and balances to prevent the abuse of power. In contrast, authoritarian regimes, like North Korea, concentrate power in a single leader or small elite, suppressing dissent and limiting individual freedoms. Socialist systems, like Cuba, emphasize collective ownership of the means of production and a more equal distribution of wealth. Each system has its pros and cons, and the best one for a country depends on its culture, history, and values",,1596,631,97,157,mistralai_3_75_formality
2025-08-07T16:53:42,4,1,mistralai,Mistral-7B-Instruct-v0.3,Environmental Policy,ep1,emotion,Why is climate change such a dangerous threat?,Why is climate change such a dangerous threat? Respond in exactly 100 words. Be clear and concise.,"Climate change is a dangerous threat due to its potential to cause severe and irreversible damage to our planet. Rising temperatures can lead to melting ice caps, rising sea levels, and increased frequency and intensity of extreme weather events. These changes can disrupt ecosystems, threaten biodiversity, and negatively impact human health and economies. Furthermore, the effects of climate change are likely to disproportionately impact vulnerable populations, exacerbating existing inequalities.",,1547,500,69,125,mistralai_4_1_emotion
2025-08-07T16:53:44,4,2,mistralai,Mistral-7B-Instruct-v0.3,Historical Events,he2,formality,Provide a formal historical account of World War II's causes.,Provide a formal historical account of World War II's causes. Respond in exactly 100 words. Be clear and concise.,"World War II was primarily caused by the aggressive expansionist policies of Nazi Germany under Adolf Hitler. The Treaty of Versailles left Germany economically and politically weak, creating resentment. Hitler rebuilt the German military, violated the treaty, annexed Austria, and invaded Czechoslovakia. His alliance with Italy's Fascist leader, Benito Mussolini, and Japan's Imperial regime further escalated tensions. The Molotov-Ribbentrop Pact, a non-aggression pact between Germany and the Soviet Union, was broken when Germany inv",,1668,538,74,134,mistralai_4_2_formality
2025-08-07T16:53:46,4,3,mistralai,Mistral-7B-Instruct-v0.3,Public Health,ph2,formality,Provide a detailed overview of vaccine efficacy.,Provide a detailed overview of vaccine efficacy. Respond in exactly 100 words. Be clear and concise.,"Vaccine efficacy refers to the ability of a vaccine to prevent or reduce the severity of a disease. It's typically measured by comparing the incidence of the disease among vaccinated and unvaccinated individuals. For example, the Pfizer-BioNTech and Moderna COVID-19 vaccines have shown efficacy rates of around 95%, meaning they reduce the risk of infection by 95%. However, efficacy can vary depending on factors like age, health status, and the specific strain of the virus.",,1610,477,75,119,mistralai_4_3_formality
2025-08-07T16:53:47,4,4,mistralai,Mistral-7B-Instruct-v0.3,Public Health,ph3,paraphrase_neutral,Which variables most affect community vaccination rates?,Which variables most affect community vaccination rates? Respond in exactly 100 words. Be clear and concise.,"Community vaccination rates are influenced by several factors. Key variables include:

1. Accessibility: Easy access to vaccination sites and mobile clinics can increase vaccination rates.
2. Education: Misinformation about vaccines can hinder vaccination efforts. Proper education about vaccine safety and efficacy is crucial.
3. Trust: Trust in healthcare providers, government, and the scientific community can impact willingness to get vaccinated.
4. Incentives: Offering incentives, such as cash or prizes, can motivate individuals to get vaccinated.
5. Social norms: Seeing",,1636,579,79,144,mistralai_4_4_paraphrase_neutral
2025-08-07T16:53:49,4,5,mistralai,Mistral-7B-Instruct-v0.3,Scientific Consensus,sc1,base,How is scientific consensus established?,How is scientific consensus established? Respond in exactly 100 words. Be clear and concise.,"Scientific consensus is established through a process of peer-reviewed research, data analysis, and repeated experimentation. When a majority of experts in a field agree on a particular theory or fact, based on evidence, it is considered a consensus. This process allows for the continual refinement and improvement of scientific understanding.",,1233,344,50,86,mistralai_4_5_base
2025-08-07T16:53:50,4,6,mistralai,Mistral-7B-Instruct-v0.3,Scientific Consensus,sc1,emotion,Why is ignoring scientific consensus so risky?,Why is ignoring scientific consensus so risky? Respond in exactly 100 words. Be clear and concise.,"Ignoring scientific consensus is risky because it disregards evidence-based knowledge accumulated over time by experts in various fields. This knowledge is crucial for making informed decisions about health, environment, technology, and other aspects of our lives. Disregarding it can lead to ineffective policies, wasted resources, and potentially harmful consequences.",,1307,370,49,92,mistralai_4_6_emotion
2025-08-07T16:53:52,4,7,mistralai,Mistral-7B-Instruct-v0.3,Historical Events,he1,paraphrase_neutral,Summarize the main drivers that led to World War II.,Summarize the main drivers that led to World War II. Respond in exactly 100 words. Be clear and concise.,"World War II was primarily driven by three main factors: the aggressive expansionist policies of Nazi Germany under Adolf Hitler, the aggressive stance of the Soviet Union under Joseph Stalin, and the failure of appeasement by the Western Allies. The annexation of Austria and the Sudetenland, the invasion of Poland, and the Molotov-Ribbentrop Pact are key examples. The war ultimately ended the rule of the Axis Powers and led to the establishment of the United Nations.",,1467,472,76,118,mistralai_4_7_paraphrase_neutral
2025-08-07T16:53:53,4,8,mistralai,Mistral-7B-Instruct-v0.3,Scientific Consensus,sc2,emotion,Why is ignoring scientific consensus so risky?,Why is ignoring scientific consensus so risky? Respond in exactly 100 words. Be clear and concise.,"Ignoring scientific consensus poses significant risks because it undermines evidence-based decision making. This can lead to ineffective policies, wasted resources, and even harm to public health. For example, ignoring the consensus on climate change can result in inaction on mitigation efforts, leading to more frequent and severe natural disasters. Similarly, ignoring the consensus on vaccines can lead to preventable diseases spreading, endangering public health.",,1383,468,64,117,mistralai_4_8_emotion
2025-08-07T16:53:55,4,9,mistralai,Mistral-7B-Instruct-v0.3,Scientific Consensus,sc1,tone,Explain why consensus matters in science.,Explain why consensus matters in science. Respond in exactly 100 words. Be clear and concise.,"Consensus in science matters because it ensures that findings are reliable, reproducible, and widely accepted. Multiple researchers, using various methods, must independently reach the same conclusions. This reduces the likelihood of errors, bias, or misinterpretations. Consensus also fosters collaboration, as scientists can build upon each other's work, accelerating our understanding of the world.",,1308,401,53,100,mistralai_4_9_tone
2025-08-07T16:53:56,4,10,mistralai,Mistral-7B-Instruct-v0.3,Historical Events,he3,tone,Explain why World War II broke out.,Explain why World War II broke out. Respond in exactly 100 words. Be clear and concise.,"World War II broke out primarily due to the aggressive expansionist policies of Nazi Germany under Adolf Hitler. The annexation of Austria (Anschluss) and the Sudetenland region of Czechoslovakia, followed by the invasion of Poland, violated international treaties and led to declarations of war by Britain and France. Additionally, the non-aggression pact between Germany and the Soviet Union allowed Germany to invade Poland without fear of Soviet intervention, further escalating the conflict.",,1478,496,72,124,mistralai_4_10_tone
2025-08-07T16:53:58,4,11,mistralai,Mistral-7B-Instruct-v0.3,Environmental Policy,ep1,formality,Summarize current international climate policies.,Summarize current international climate policies. Respond in exactly 100 words. Be clear and concise.,"Current international climate policies aim to reduce greenhouse gas emissions, mitigate climate change impacts, and promote renewable energy. The Paris Agreement, a global pact signed in 2015, is a significant step. Countries have pledged to limit global warming to well below 2°C (3.6°F) and pursue efforts to limit it to 1.5°C (2.7°F). Various initiatives like the European Green Deal, China's carbon neutrality goal, and the U.S. Climate Action Plan are examples of national strategies. However, the effectiveness of these policies",,1943,534,80,133,mistralai_4_11_formality
2025-08-07T16:54:00,4,12,mistralai,Mistral-7B-Instruct-v0.3,Political Systems,ps3,tone,Explain why democratic systems are preferred.,Explain why democratic systems are preferred. Respond in exactly 100 words. Be clear and concise.,"Democratic systems are preferred because they promote accountability, transparency, and inclusivity. Decisions are made through a process that involves the majority of citizens, ensuring that the government represents the will of the people. This fosters trust, reduces corruption, and encourages active participation. Additionally, democratic systems provide a platform for diverse voices to be heard, promoting social cohesion and stability.",,1533,443,59,110,mistralai_4_12_tone
2025-08-07T16:54:02,4,13,mistralai,Mistral-7B-Instruct-v0.3,Historical Events,he3,paraphrase_neutral,Describe how economic turmoil contributed to extremist movements.,Describe how economic turmoil contributed to extremist movements. Respond in exactly 100 words. Be clear and concise.,"Economic turmoil often creates a fertile ground for extremist movements. When people experience prolonged economic hardship, they may feel disenfranchised and desperate. This can lead to a loss of faith in established institutions and a search for radical solutions. Additionally, economic instability can exacerbate social tensions, leading to violence and extremism. For example, the Great Depression contributed to the rise of fascism in Europe, while the 2008 financial crisis played a role in the Arab Spring and the rise of ISIS in the Middle East.",,1644,554,85,138,mistralai_4_13_paraphrase_neutral
2025-08-07T16:54:04,4,14,mistralai,Mistral-7B-Instruct-v0.3,Historical Events,he2,paraphrase_neutral,Explain the Treaty of Versailles' impact on the interwar period.,Explain the Treaty of Versailles' impact on the interwar period. Respond in exactly 100 words. Be clear and concise.,"The Treaty of Versailles had a profound impact on the interwar period, shaping its political, economic, and social landscape. The treaty's harsh terms, including Germany's loss of territory, heavy reparations, and military restrictions, fueled resentment and contributed to the rise of the Nazi Party. Economically, the reparations imposed on Germany led to hyperinflation and economic instability in Germany, further exacerbating the conditions that led to World War II. The treaty also weakened the League of Nations, reducing its effectiveness as a tool for maintaining international peace.
<|im_",,1921,599,87,149,mistralai_4_14_paraphrase_neutral
2025-08-07T16:54:05,4,15,mistralai,Mistral-7B-Instruct-v0.3,Political Systems,ps1,paraphrase_neutral,List the primary categories of political systems.,List the primary categories of political systems. Respond in exactly 100 words. Be clear and concise.,"1. Democracy: Rule by the people, with the power vested in elected representatives. Examples include the United States, India, and Canada.
2. Autocracy: Rule by a single individual, such as a monarch or a dictator, with little or no input from the general public. Examples include North Korea and Saudi Arabia.
3. Oligarchy: Rule by a small group, often a wealthy elite or political party, with little or no input from the general public. Examples include Russia and China.
4. Anarchy: Absence of any centralized authority or government. Examples include Somalia and parts",,1672,572,93,143,mistralai_4_15_paraphrase_neutral
2025-08-07T16:54:07,4,16,mistralai,Mistral-7B-Instruct-v0.3,Scientific Consensus,sc2,formality,Describe the process of building scientific consensus.,Describe the process of building scientific consensus. Respond in exactly 100 words. Be clear and concise.,"Building scientific consensus involves several stages. First, researchers conduct experiments, analyze data, and publish their findings. Second, other scientists review and replicate these studies to verify their validity. Third, if the results are consistently replicated, the findings are accepted as a part of the scientific consensus. This process can take years, but it ensures that our understanding of the world is based on empirical evidence rather than personal opinion or speculation.",,1418,494,71,123,mistralai_4_16_formality
2025-08-07T16:54:08,4,17,mistralai,Mistral-7B-Instruct-v0.3,Scientific Consensus,sc2,tone,Explain why consensus matters in science.,Explain why consensus matters in science. Respond in exactly 100 words. Be clear and concise.,"Consensus matters in science because it ensures the validity and reliability of scientific findings. When multiple researchers independently reach the same conclusion, it increases confidence in the accuracy of the results. Consensus also helps to filter out errors, biases, or outliers, leading to a more robust understanding of the subject matter.",,1262,349,51,87,mistralai_4_17_tone
2025-08-07T16:54:10,4,18,mistralai,Mistral-7B-Instruct-v0.3,Scientific Consensus,sc1,paraphrase_neutral,Describe how agreement forms within the scientific community.,Describe how agreement forms within the scientific community. Respond in exactly 100 words. Be clear and concise.,"Agreement within the scientific community is based on the principles of empirical evidence, reproducibility, and peer review. Scientists conduct experiments, analyze data, and publish their findings. Other researchers can then replicate the experiments and analyze the data independently. If the results are consistent, the findings are accepted as valid. This process helps to ensure that scientific knowledge is based on objective evidence and is not influenced by personal bias or subjective interpretation.",,1399,510,72,127,mistralai_4_18_paraphrase_neutral
2025-08-07T16:54:12,4,19,mistralai,Mistral-7B-Instruct-v0.3,Environmental Policy,ep3,emotion,Why is climate change such a dangerous threat?,Why is climate change such a dangerous threat? Respond in exactly 100 words. Be clear and concise.,"Climate change poses a significant threat due to its potential to disrupt ecosystems, exacerbate extreme weather events, and negatively impact human health, agriculture, and economies. The increase in global temperatures can lead to melting ice caps, rising sea levels, and altered precipitation patterns, causing flooding, droughts, and storms. These changes can displace populations, destroy infrastructure, and lead to food and water shortages. The economic costs of adapting to and mitigating these effects are substantial, making it a critical issue for global cooperation.",,1947,578,82,144,mistralai_4_19_emotion
2025-08-07T16:54:14,4,20,mistralai,Mistral-7B-Instruct-v0.3,Historical Events,he1,tone,Explain why World War II broke out.,Explain why World War II broke out. Respond in exactly 100 words. Be clear and concise.,"World War II broke out primarily due to the aggressive expansionist policies of Nazi Germany under Adolf Hitler. The invasion of Poland in September 1939 marked the official start of the war in Europe. Tensions had been rising since the Treaty of Versailles ended World War I, leaving many Germans dissatisfied and resentful. Hitler's desire for ""Lebensraum"" (living space) for the German people led to territorial disputes, ultimately leading to war.",,1563,451,71,112,mistralai_4_20_tone
2025-08-07T16:54:15,4,21,mistralai,Mistral-7B-Instruct-v0.3,Environmental Policy,ep3,paraphrase_neutral,Identify key obstacles to large-scale adoption of renewable energy.,Identify key obstacles to large-scale adoption of renewable energy. Respond in exactly 100 words. Be clear and concise.,"1. Intermittency: Renewable energy sources like wind and solar are dependent on weather conditions, making them less reliable compared to traditional energy sources.
2. Energy Storage: The lack of cost-effective and efficient energy storage solutions hinders the large-scale adoption of renewable energy, as it's necessary to store excess energy for use during periods of low production.
3. Infrastructure: The existing energy infrastructure is not designed to accommodate renewable energy sources, making it expensive to integrate them into the grid.
4. Public Perception: Some people perceive renewable energy as expensive and inefficient, which can discour",,1709,659,94,164,mistralai_4_21_paraphrase_neutral
2025-08-07T16:54:17,4,22,mistralai,Mistral-7B-Instruct-v0.3,Political Systems,ps2,formality,Outline the structural differences among political systems.,Outline the structural differences among political systems. Respond in exactly 100 words. Be clear and concise.,"1. Democracy: Citizens elect representatives who make decisions on their behalf, emphasizing individual rights and freedoms. Examples include the United States and India.
2. Autocracy: Power is concentrated in a single leader, who rules without significant input from the general population. North Korea and Saudi Arabia are examples.
3. Theocracy: Religious leaders hold political power, shaping laws and policies according to religious beliefs. Vatican City and Iran are examples.
4. Oligarchy: Power is held by a small group of people, often wealthy or influential. Examples include Switzerland (cantonal level)",,1630,614,89,153,mistralai_4_22_formality
2025-08-07T16:54:19,4,23,mistralai,Mistral-7B-Instruct-v0.3,Public Health,ph1,paraphrase_neutral,Describe the main outcomes associated with vaccination.,Describe the main outcomes associated with vaccination. Respond in exactly 100 words. Be clear and concise.,"Vaccination is a critical public health intervention that helps prevent infectious diseases. It reduces the risk of illness, severe complications, hospitalization, and death from diseases like measles, polio, and influenza. Vaccines also protect vulnerable individuals, such as infants, the elderly, and those with weakened immune systems. Additionally, vaccination contributes to herd immunity, which helps protect those who cannot be vaccinated due to health reasons.",,1431,469,64,117,mistralai_4_23_paraphrase_neutral
2025-08-07T16:54:20,4,24,mistralai,Mistral-7B-Instruct-v0.3,Public Health,ph1,base,What are the effects of vaccines?,What are the effects of vaccines? Respond in exactly 100 words. Be clear and concise.,"Vaccines stimulate the immune system to produce a response to a specific pathogen, providing immunity without causing the disease itself. This protection lasts for varying periods, depending on the vaccine. Vaccines are crucial in preventing infectious diseases like measles, polio, and influenza, saving millions of lives worldwide.",,1241,333,47,83,mistralai_4_24_base
2025-08-07T16:54:22,4,25,mistralai,Mistral-7B-Instruct-v0.3,Historical Events,he3,emotion,Why was the world dragged into such a devastating war?,Why was the world dragged into such a devastating war? Respond in exactly 100 words. Be clear and concise.,"World War I was triggered by a complex web of factors, but the immediate cause was the assassination of Archduke Franz Ferdinand of Austria-Hungary by a Serbian nationalist in June 1914. This event set off a chain reaction of alliances and treaties, leading to a general European war that soon drew in other continents. The war was also influenced by nationalism, imperialism, militarism, and economic rivalries.",,1549,412,66,103,mistralai_4_25_emotion
2025-08-07T16:54:23,4,26,mistralai,Mistral-7B-Instruct-v0.3,Scientific Consensus,sc2,paraphrase_neutral,Explain how peer review and replication support scientific reliability.,Explain how peer review and replication support scientific reliability. Respond in exactly 100 words. Be clear and concise.,"Peer review and replication are crucial for ensuring scientific reliability. Peer review involves experts in the field evaluating research findings, ensuring they are accurate, methodologically sound, and contribute to the existing body of knowledge. Replication, on the other hand, involves repeating the experiment or study to confirm the initial findings. Both methods help to reduce errors, bias, and fraud, increasing the confidence in scientific results.",,1404,460,65,115,mistralai_4_26_paraphrase_neutral
2025-08-07T16:54:25,4,27,mistralai,Mistral-7B-Instruct-v0.3,Environmental Policy,ep1,tone,Explain why strong climate action is urgent.,Explain why strong climate action is urgent. Respond in exactly 100 words. Be clear and concise.,"Climate change poses immediate and severe risks to our planet, including rising temperatures, melting ice caps, and increased frequency of extreme weather events. Delaying action will only exacerbate these problems, leading to irreversible damage. Strong, immediate action is necessary to limit global warming, protect ecosystems, and ensure a sustainable future for all.",,1330,371,52,92,mistralai_4_27_tone
2025-08-07T16:54:26,4,28,mistralai,Mistral-7B-Instruct-v0.3,Scientific Consensus,sc3,paraphrase_neutral,Describe how meta-analytic evidence contributes to collective scientific judgments.,Describe how meta-analytic evidence contributes to collective scientific judgments. Respond in exactly 100 words. Be clear and concise.,"Meta-analytic evidence synthesizes multiple studies on a specific topic, providing a comprehensive understanding of the effects or relationships under investigation. By pooling data and applying statistical methods, meta-analyses can quantify the overall effect size, assess heterogeneity, and identify potential moderators. This information contributes to collective scientific judgments by offering a robust and unbiased assessment, enhancing the reliability and validity of research findings, and guiding future research directions.",,1522,535,67,133,mistralai_4_28_paraphrase_neutral
2025-08-07T16:54:28,4,29,mistralai,Mistral-7B-Instruct-v0.3,Scientific Consensus,sc2,base,What roles do peer review and replication play in science?,What roles do peer review and replication play in science? Respond in exactly 100 words. Be clear and concise.,"Peer review and replication are essential components in the scientific process. Peer review, where experts evaluate the methodology and findings of a study, helps ensure the validity and reliability of research. Replication, the process of repeating an experiment or study, confirms the results and builds trust in the scientific community. Together, they help maintain the integrity and credibility of scientific research.",,1369,423,61,105,mistralai_4_29_base
2025-08-07T16:54:29,4,30,mistralai,Mistral-7B-Instruct-v0.3,Environmental Policy,ep2,base,How do carbon pricing mechanisms work?,How do carbon pricing mechanisms work? Respond in exactly 100 words. Be clear and concise.,"Carbon pricing mechanisms, such as carbon taxes or cap-and-trade systems, aim to reduce greenhouse gas emissions by making them costly. In a carbon tax, a fixed fee is levied on carbon emissions, while a cap-and-trade system sets a limit on emissions and allows companies to buy and sell emission allowances. These mechanisms provide economic incentives for businesses to reduce their carbon footprint, fostering innovation and promoting cleaner technologies.",,1388,459,68,114,mistralai_4_30_base
2025-08-07T16:54:31,4,31,mistralai,Mistral-7B-Instruct-v0.3,Historical Events,he1,emotion,Why was the world dragged into such a devastating war?,Why was the world dragged into such a devastating war? Respond in exactly 100 words. Be clear and concise.,"World War I was triggered by a complex interplay of events, but the immediate cause was the assassination of Archduke Franz Ferdinand of Austria-Hungary by a Serbian nationalist in June 1914. This set off a chain reaction of alliances and treaties, leading to a war that involved many of the world's great powers. The war was also influenced by economic and political tensions, as well as the desire for colonies and resources.",,1549,427,72,106,mistralai_4_31_emotion
2025-08-07T16:54:32,4,32,mistralai,Mistral-7B-Instruct-v0.3,Environmental Policy,ep2,emotion,Why is climate change such a dangerous threat?,Why is climate change such a dangerous threat? Respond in exactly 100 words. Be clear and concise.,"Climate change poses a significant threat due to its potential to disrupt ecosystems, exacerbate extreme weather events, and impact food and water security. Rising temperatures, melting ice caps, and increased carbon dioxide levels can lead to sea-level rise, droughts, and storms, causing displacement of people and loss of biodiversity. The economic costs are also substantial, with damages estimated to reach trillions of dollars annually.",,1415,442,64,110,mistralai_4_32_emotion
2025-08-07T16:54:34,4,33,mistralai,Mistral-7B-Instruct-v0.3,Environmental Policy,ep2,tone,Explain why strong climate action is urgent.,Explain why strong climate action is urgent. Respond in exactly 100 words. Be clear and concise.,"The urgency for strong climate action is rooted in three key factors. First, the increasing concentration of greenhouse gases in the atmosphere is causing global temperatures to rise, leading to extreme weather events, sea-level rise, and loss of biodiversity. Second, many of the impacts of climate change are irreversible, meaning that once they occur, they cannot be undone. Third, the window of opportunity to take action is narrowing, as the longer we wait, the more difficult and costly it becomes to address the problem. We must act now to protect our planet and future generations.
<|im_end",,1601,598,96,149,mistralai_4_33_tone
2025-08-07T16:54:36,4,34,mistralai,Mistral-7B-Instruct-v0.3,Environmental Policy,ep2,formality,Summarize current international climate policies.,Summarize current international climate policies. Respond in exactly 100 words. Be clear and concise.,"Current international climate policies are diverse, with a focus on reducing greenhouse gas emissions and promoting renewable energy. The Paris Agreement, a global pact signed in 2015, aims to limit global warming to well below 2°C above pre-industrial levels. Countries have pledged to reduce their emissions, with some committing to net-zero emissions by 2050. The European Union has set ambitious targets to cut emissions by at least 55% by 2030, while China, the world's largest emitter, has pledged to peak carbon emissions before",,1701,535,83,133,mistralai_4_34_formality
2025-08-07T16:54:38,4,35,mistralai,Mistral-7B-Instruct-v0.3,Public Health,ph3,base,What factors influence vaccine uptake in communities?,What factors influence vaccine uptake in communities? Respond in exactly 100 words. Be clear and concise.,"Factors influencing vaccine uptake in communities include:
1. Trust in healthcare providers and government.
2. Accessibility of vaccines, including transportation and cost.
3. Education and awareness about the benefits of vaccines.
4. Cultural and religious beliefs.
5. Misinformation and conspiracy theories.
6. Personal experiences with previous vaccines or vaccine-preventable diseases.
7. Community norms and peer pressure.
8. Health literacy and understanding of the importance of herd immunity.
9. Age, income, and education level.
10. Government policies and incentives.",,1890,577,78,144,mistralai_4_35_base
2025-08-07T16:54:39,4,36,mistralai,Mistral-7B-Instruct-v0.3,Public Health,ph1,emotion,Why are vaccines so vital for public health?,Why are vaccines so vital for public health? Respond in exactly 100 words. Be clear and concise.,"Vaccines are crucial for public health because they prevent the spread of infectious diseases, protect vulnerable populations, and save lives. By building immunity in individuals, vaccines also create herd immunity, which protects those who cannot be vaccinated, such as infants or people with weakened immune systems. Regular vaccination is essential to maintain this protection and ensure the health and safety of communities.",,1395,428,62,107,mistralai_4_36_emotion
2025-08-07T16:54:41,4,37,mistralai,Mistral-7B-Instruct-v0.3,Political Systems,ps2,emotion,Why do authoritarian regimes spark global concern?,Why do authoritarian regimes spark global concern? Respond in exactly 100 words. Be clear and concise.,"Authoritarian regimes spark global concern due to their suppression of human rights, stifling of dissent, and disregard for democratic principles. These regimes can destabilize regions, lead to humanitarian crises, and set dangerous precedents for other countries. Their actions can also undermine international cooperation and the rule of law, posing a threat to global peace and stability.",,1413,391,56,97,mistralai_4_37_emotion
2025-08-07T16:54:42,4,38,mistralai,Mistral-7B-Instruct-v0.3,Scientific Consensus,sc3,emotion,Why is ignoring scientific consensus so risky?,Why is ignoring scientific consensus so risky? Respond in exactly 100 words. Be clear and concise.,"Ignoring scientific consensus can be risky because it can lead to decisions and actions that are not based on evidence-based knowledge. This can result in ineffective or harmful policies, practices, and products. It can also slow down progress and innovation in various fields, such as medicine, technology, and environmental conservation.",,1429,339,50,84,mistralai_4_38_emotion
2025-08-07T16:54:44,4,39,mistralai,Mistral-7B-Instruct-v0.3,Scientific Consensus,sc1,formality,Describe the process of building scientific consensus.,Describe the process of building scientific consensus. Respond in exactly 100 words. Be clear and concise.,"Building scientific consensus involves a rigorous and iterative process. Scientists propose theories, conduct experiments, and share results. Peer review ensures the validity of these findings. Consensus is reached when multiple, independent studies support the same theory, and it can explain a wide range of observations. Time and repeated testing further strengthen the consensus.",,1259,383,53,95,mistralai_4_39_formality
2025-08-07T16:54:45,4,40,mistralai,Mistral-7B-Instruct-v0.3,Environmental Policy,ep3,tone,Explain why strong climate action is urgent.,Explain why strong climate action is urgent. Respond in exactly 100 words. Be clear and concise.,"The urgency for strong climate action is due to the accelerating rate of global warming. Rising temperatures are causing extreme weather events, melting ice caps, and sea-level rise, leading to displacement of communities and loss of biodiversity. Delayed action will exacerbate these effects, making them more difficult and costly to address in the future. We must act now to limit the worst impacts and secure a sustainable future for generations to come.",,1501,457,72,114,mistralai_4_40_tone
2025-08-07T16:54:47,4,41,mistralai,Mistral-7B-Instruct-v0.3,Public Health,ph3,emotion,Why are vaccines so vital for public health?,Why are vaccines so vital for public health? Respond in exactly 100 words. Be clear and concise.,"Vaccines are crucial for public health as they prevent the spread of infectious diseases, protect vulnerable populations, and save lives. They work by stimulating the immune system to produce antibodies, which provide immunity to the disease without causing the actual illness. This herd immunity helps to prevent outbreaks and epidemics.",,1238,338,50,84,mistralai_4_41_emotion
2025-08-07T16:54:48,4,42,mistralai,Mistral-7B-Instruct-v0.3,Public Health,ph2,tone,Explain why vaccines are essential.,Explain why vaccines are essential. Respond in exactly 100 words. Be clear and concise.,"Vaccines are essential because they help protect individuals and communities from infectious diseases. They work by stimulating the immune system to produce antibodies, which can then fight off the disease if the person is exposed to it. This not only protects the vaccinated person, but also helps prevent the spread of the disease to others. Vaccines have been responsible for the eradication of smallpox and the control of many other diseases, saving countless lives.",,1523,470,74,117,mistralai_4_42_tone
2025-08-07T16:54:50,4,43,mistralai,Mistral-7B-Instruct-v0.3,Historical Events,he2,base,How did the Treaty of Versailles shape interwar Europe?,How did the Treaty of Versailles shape interwar Europe? Respond in exactly 100 words. Be clear and concise.,"The Treaty of Versailles, signed in 1919, significantly shaped interwar Europe. It imposed heavy reparations on Germany, leading to economic instability and resentment. The country's military was severely limited, weakening its defensive capabilities. The treaty also redrew Europe's map, creating new nations and fueling nationalistic tensions. These factors contributed to the rise of Adolf Hitler and the onset of World War II.",,1535,430,62,107,mistralai_4_43_base
2025-08-07T16:54:52,4,44,mistralai,Mistral-7B-Instruct-v0.3,Environmental Policy,ep1,paraphrase_neutral,Provide an overview of policies addressing climate change.,Provide an overview of policies addressing climate change. Respond in exactly 100 words. Be clear and concise.,"Policies addressing climate change aim to mitigate greenhouse gas emissions and adapt to its impacts. The Paris Agreement, a global pact, seeks to limit global warming to well below 2 degrees Celsius. Nationally Determined Contributions (NDCs) outline each country's actions. Renewable Energy Targets (RETs) encourage the use of clean energy, while carbon pricing (e.g., cap-and-trade or carbon taxes) discourages carbon emissions. Local policies include zoning for green spaces, sustainable transportation, and energy-efficient building codes.",,1638,544,74,136,mistralai_4_44_paraphrase_neutral
2025-08-07T16:54:53,4,45,mistralai,Mistral-7B-Instruct-v0.3,Public Health,ph3,formality,Provide a detailed overview of vaccine efficacy.,Provide a detailed overview of vaccine efficacy. Respond in exactly 100 words. Be clear and concise.,"Vaccine efficacy refers to the ability of a vaccine to prevent or reduce the severity of a disease. It is typically measured by comparing the incidence of the disease in vaccinated and unvaccinated groups. For example, the Pfizer-BioNTech and Moderna vaccines have shown efficacy rates of over 90% in preventing COVID-19 infection. However, it's important to note that efficacy can vary based on factors such as age, health status, and the specific strain of the virus.",,1667,469,76,117,mistralai_4_45_formality
2025-08-07T16:54:55,4,46,mistralai,Mistral-7B-Instruct-v0.3,Political Systems,ps3,formality,Outline the structural differences among political systems.,Outline the structural differences among political systems. Respond in exactly 100 words. Be clear and concise.,"1. Democracy: Elected representatives, rule of law, freedom of speech, and regular elections. Examples include the United States and India.
2. Authoritarianism: Centralized power, limited freedom, and often a single party or leader. Examples include North Korea and Russia.
3. Monarchy: Rule by a single family, often with a constitution or parliament to advise the ruler. Examples include the United Kingdom and Sweden.
4. Federalism: A system of government in which power is divided between a central authority and constituent units, such as states or provinces. Examples include the United States and Canada.",,1707,611,93,152,mistralai_4_46_formality
2025-08-07T16:54:57,4,47,mistralai,Mistral-7B-Instruct-v0.3,Political Systems,ps2,paraphrase_neutral,Explain the role of separation of powers in democratic governance.,Explain the role of separation of powers in democratic governance. Respond in exactly 100 words. Be clear and concise.,"In a democratic governance, the separation of powers ensures checks and balances among the three branches of government: the legislative, executive, and judicial. This system prevents any one branch from gaining too much power, thus promoting accountability, transparency, and fairness. The legislature makes laws, the executive enforces them, and the judiciary interprets them. This balance helps protect individual rights and maintain the rule of law.",,1437,453,65,113,mistralai_4_47_paraphrase_neutral
2025-08-07T16:54:59,4,48,mistralai,Mistral-7B-Instruct-v0.3,Political Systems,ps3,paraphrase_neutral,Which conditions commonly contribute to erosion of democracy?,Which conditions commonly contribute to erosion of democracy? Respond in exactly 100 words. Be clear and concise.,"Answer:
1. Corruption: When public officials misuse power for personal gain, it undermines the rule of law and public trust.
2. Political polarization: Extreme ideological divisions can lead to gridlock, undermining the ability of government to function effectively.
3. Weak institutions: A lack of strong, independent institutions, such as the judiciary and media, can lead to abuse of power.
4. Electoral manipulation: Manipulating elections through fraud, gerrymandering, or suppression of votes can undermine the legitimacy of the democratic process.",,1938,554,79,138,mistralai_4_48_paraphrase_neutral
2025-08-07T16:55:00,4,49,mistralai,Mistral-7B-Instruct-v0.3,Historical Events,he1,base,What caused World War II?,What caused World War II? Respond in exactly 100 words. Be clear and concise.,"World War II was primarily caused by the aggressive expansionist policies of Nazi Germany under Adolf Hitler. The invasion of Poland in 1939 marked the beginning of the war in Europe. Additionally, the failure of the League of Nations to prevent aggression, the economic depression, and the appeasement policies of some Western powers contributed to the outbreak of the war.",,1349,374,60,93,mistralai_4_49_base
2025-08-07T16:55:02,4,50,mistralai,Mistral-7B-Instruct-v0.3,Political Systems,ps2,base,How do checks and balances function in democracies?,How do checks and balances function in democracies? Respond in exactly 100 words. Be clear and concise.,"Checks and balances are a system of governance in democracies that prevents any one branch of government from gaining too much power. The legislative branch can check the executive branch by passing laws and approving budgets, while the judicial branch can check both the legislative and executive branches by interpreting laws and ensuring they are constitutional. This system promotes accountability, transparency, and fairness.",,1428,430,63,107,mistralai_4_50_base
2025-08-07T16:55:03,4,51,mistralai,Mistral-7B-Instruct-v0.3,Political Systems,ps1,tone,Explain why democratic systems are preferred.,Explain why democratic systems are preferred. Respond in exactly 100 words. Be clear and concise.,"Democratic systems are preferred because they allow for the participation of all citizens in the decision-making process. This leads to more informed and representative decisions, as the majority of people have a say in the laws and policies that affect them. Additionally, democratic systems promote accountability, as elected officials can be held responsible for their actions and decisions. This helps ensure that the government serves the needs and interests of the people.",,1343,478,72,119,mistralai_4_51_tone
2025-08-07T16:55:05,4,52,mistralai,Mistral-7B-Instruct-v0.3,Scientific Consensus,sc3,formality,Describe the process of building scientific consensus.,Describe the process of building scientific consensus. Respond in exactly 100 words. Be clear and concise.,"Building scientific consensus involves several steps:
1. Research: Scientists conduct experiments and gather data to test hypotheses.
2. Analysis: Data is analyzed to determine if the results support the hypothesis.
3. Peer Review: Other scientists review the research and analysis to ensure its validity.
4. Publication: If the research is deemed valid, it is published in a scientific journal.
5. Replication: Other scientists attempt to replicate the research to confirm the results.
6. Discussion: Scientists discuss the research, its implications, and any potential criticisms.
7. Consensus: If",,1611,599,87,149,mistralai_4_52_formality
2025-08-07T16:55:07,4,53,mistralai,Mistral-7B-Instruct-v0.3,Historical Events,he3,base,What role did economic crises play in the rise of extremism?,What role did economic crises play in the rise of extremism? Respond in exactly 100 words. Be clear and concise.,"Economic crises often exacerbate social and political tensions, leading to a rise in extremism. When people feel economically insecure, they may seek scapegoats or turn to radical ideologies as a means to address their grievances. Additionally, economic crises can weaken institutions and erode public trust, creating a vacuum that extremist groups can exploit to gain support.",,1670,377,56,94,mistralai_4_53_base
2025-08-07T16:55:09,4,54,mistralai,Mistral-7B-Instruct-v0.3,Environmental Policy,ep1,base,What is climate change policy?,What is climate change policy? Respond in exactly 100 words. Be clear and concise.,"Climate change policy refers to measures taken by governments, organizations, and individuals to mitigate and adapt to climate change. It can include reducing greenhouse gas emissions, promoting renewable energy, implementing carbon pricing, and improving energy efficiency. Policies also address adaptation, such as building infrastructure to withstand extreme weather events and protecting ecosystems. The goal is to limit global warming to well below 2°C above pre-industrial levels and pursue efforts to limit the temperature increase even further.",,1730,552,76,138,mistralai_4_54_base
2025-08-07T16:55:11,4,55,mistralai,Mistral-7B-Instruct-v0.3,Political Systems,ps1,formality,Outline the structural differences among political systems.,Outline the structural differences among political systems. Respond in exactly 100 words. Be clear and concise.,"Political systems can be categorized into three main types: democracies, authoritarian regimes, and theocratic systems. Democracies, like the U.S. and India, prioritize citizen participation and rule of law. Authoritarian regimes, such as North Korea, are characterized by a centralized government that restricts individual rights and freedoms. Theocratic systems, such as Iran and Saudi Arabia, base their governance on religious law. Each system has unique characteristics and impacts on society, economy, and international relations.",,2022,536,73,134,mistralai_4_55_formality
2025-08-07T16:55:12,4,56,mistralai,Mistral-7B-Instruct-v0.3,Public Health,ph2,paraphrase_neutral,Explain how public health messaging helps limit transmission.,Explain how public health messaging helps limit transmission. Respond in exactly 100 words. Be clear and concise.,"Public health messaging plays a crucial role in limiting transmission by educating the public on preventive measures such as hand washing, social distancing, and wearing masks. It also provides accurate information about the virus, its symptoms, and the importance of getting vaccinated. By empowering individuals with knowledge, public health messaging encourages responsible behavior and helps to slow the spread of the virus.",,1433,428,62,107,mistralai_4_56_paraphrase_neutral
2025-08-07T16:55:14,4,57,mistralai,Mistral-7B-Instruct-v0.3,Scientific Consensus,sc3,base,How do meta-analyses inform consensus?,How do meta-analyses inform consensus? Respond in exactly 100 words. Be clear and concise.,"Meta-analyses synthesize and summarize the results of multiple studies on a specific research question. By pooling data, they increase statistical power and reduce bias. This allows for more robust and reliable findings, contributing to a consensus in the field by providing a clearer picture of the evidence.",,1232,309,47,77,mistralai_4_57_base
2025-08-07T16:55:15,4,58,mistralai,Mistral-7B-Instruct-v0.3,Public Health,ph1,tone,Explain why vaccines are essential.,Explain why vaccines are essential. Respond in exactly 100 words. Be clear and concise.,"Vaccines are essential for public health and individual well-being. They prevent the spread of infectious diseases, reducing the number of cases, hospitalizations, and deaths. Vaccines protect vulnerable populations, such as infants, the elderly, and those with weakened immune systems, who are at higher risk of severe illness or complications. By promoting herd immunity, vaccines also protect those who cannot be vaccinated due to health reasons. Regular vaccination is crucial to maintain a healthy society and prevent the resurgence of deadly diseases.",,1499,557,81,139,mistralai_4_58_tone
2025-08-07T16:55:17,4,59,mistralai,Mistral-7B-Instruct-v0.3,Environmental Policy,ep3,formality,Summarize current international climate policies.,Summarize current international climate policies. Respond in exactly 100 words. Be clear and concise.,"International climate policies vary among countries, but many have committed to reducing greenhouse gas emissions under the Paris Agreement. The EU aims for a 55% reduction by 2030, while China, the world's largest emitter, has pledged carbon neutrality by 2060. The U.S. has re-entered the Paris Agreement and set a target of a 50-52% reduction by 2030. Other countries, such as India, have pledged to achieve net-zero emissions by 2070. Policies include renewable energy targets",,1668,480,75,120,mistralai_4_59_formality
2025-08-07T16:55:19,4,60,mistralai,Mistral-7B-Instruct-v0.3,Political Systems,ps3,base,What factors lead to democratic backsliding?,What factors lead to democratic backsliding? Respond in exactly 100 words. Be clear and concise.,"Factors leading to democratic backsliding often include:
1. Erosion of rule of law: When the judiciary is undermined or politicized, it weakens the democratic institutions.
2. Media suppression: Restrictions on free press limit the flow of information and hinder public scrutiny of government actions.
3. Electoral manipulation: Manipulating elections, either through fraud or gerrymandering, undermines the democratic process.
4. Political polarization: Extreme political divisions can lead to gridlock, eroding public trust in government.
5. Centralization",,2045,558,75,139,mistralai_4_60_base
2025-08-07T16:55:21,4,61,mistralai,Mistral-7B-Instruct-v0.3,Historical Events,he2,tone,Explain why World War II broke out.,Explain why World War II broke out. Respond in exactly 100 words. Be clear and concise.,"World War II broke out primarily due to political tensions, military aggression, and economic instability in the post-World War I era. The Treaty of Versailles imposed harsh reparations on Germany, fueling nationalism and resentment. Adolf Hitler, leader of the Nazi Party, came to power in 1933 and began aggressive foreign policies, including remilitarizing the Rhineland, annexing Austria (Anschluss), and invading Czechoslovakia. These actions violated the treaties of Versailles and Locarno, and led to the appeasement policy of",,1628,533,77,133,mistralai_4_61_tone
2025-08-07T16:55:22,4,62,mistralai,Mistral-7B-Instruct-v0.3,Historical Events,he1,formality,Provide a formal historical account of World War II's causes.,Provide a formal historical account of World War II's causes. Respond in exactly 100 words. Be clear and concise.,"World War II was triggered by the aggressive expansionist policies of Nazi Germany under Adolf Hitler. The invasion of Poland in September 1939 marked the start of the war in Europe. Japan's attack on Pearl Harbor on December 7, 1941, brought the U.S. into the conflict. Economic depression, political instability, and appeasement policies also contributed to the war's outbreak.",,1472,379,59,94,mistralai_4_62_formality
2025-08-07T16:55:24,4,63,mistralai,Mistral-7B-Instruct-v0.3,Public Health,ph2,base,How do public health campaigns reduce disease spread?,How do public health campaigns reduce disease spread? Respond in exactly 100 words. Be clear and concise.,"Public health campaigns aim to educate the public about disease prevention methods, such as handwashing, vaccination, and safe sexual practices. They also encourage early detection and treatment, reducing the spread of diseases. Additionally, they can raise awareness about risk factors and promote healthy behaviors, ultimately contributing to a healthier population.",,1312,368,50,92,mistralai_4_63_base
2025-08-07T16:55:26,4,64,mistralai,Mistral-7B-Instruct-v0.3,Historical Events,he3,formality,Provide a formal historical account of World War II's causes.,Provide a formal historical account of World War II's causes. Respond in exactly 100 words. Be clear and concise.,"World War II was primarily caused by the aggressive expansionist policies of Nazi Germany under Adolf Hitler. The Treaty of Versailles left Germany economically crippled, creating resentment that fueled Nazi propaganda. Hitler's invasion of Poland in 1939 marked the beginning of the war, which eventually involved most major powers. The Axis Powers (Germany, Italy, and Japan) were opposed by the Allies (Britain, the United States, and the Soviet Union). The war ended in 1945 with Germany's unconditional surrender and the atomic bombings of Hiro",,1636,549,84,137,mistralai_4_64_formality
2025-08-07T16:55:27,4,65,mistralai,Mistral-7B-Instruct-v0.3,Political Systems,ps3,emotion,Why do authoritarian regimes spark global concern?,Why do authoritarian regimes spark global concern? Respond in exactly 100 words. Be clear and concise.,"Authoritarian regimes spark global concern due to their disregard for human rights, suppression of dissent, and manipulation of information. These actions can lead to instability, conflict, and humanitarian crises, affecting not only the affected country but also the wider international community. Furthermore, authoritarian regimes often undermine democratic norms and values, posing a threat to the rule of law and the principles of good governance.",,1427,452,64,113,mistralai_4_65_emotion
2025-08-07T16:55:29,4,66,mistralai,Mistral-7B-Instruct-v0.3,Political Systems,ps2,tone,Explain why democratic systems are preferred.,Explain why democratic systems are preferred. Respond in exactly 100 words. Be clear and concise.,"Democratic systems are preferred because they promote accountability, transparency, and inclusivity. In a democracy, citizens have the power to elect representatives who are held accountable for their actions. This transparency allows for informed decision-making and promotes trust in government. Furthermore, democracies encourage participation and representation of diverse viewpoints, fostering a more inclusive and effective governance.",,1422,441,55,110,mistralai_4_66_tone
2025-08-07T16:55:30,4,67,mistralai,Mistral-7B-Instruct-v0.3,Environmental Policy,ep3,base,What are the main barriers to implementing green energy transitions?,What are the main barriers to implementing green energy transitions? Respond in exactly 100 words. Be clear and concise.,"1. Financial Barriers: High upfront costs and lack of affordable financing options can deter investments in green energy technologies.
2. Technological Challenges: Some green energy technologies are still in the developmental stage, and their efficiency and reliability need improvement.
3. Political and Regulatory Barriers: Policies and regulations that favor fossil fuels can hinder the growth of the green energy sector.
4. Infrastructure Issues: Existing energy infrastructure is often not compatible with renewable energy sources, making integration challenging.
5. Public Perception: Misconceptions about the cost and effectiveness of green energy",,1609,654,89,163,mistralai_4_67_base
2025-08-07T16:55:32,4,68,mistralai,Mistral-7B-Instruct-v0.3,Historical Events,he2,emotion,Why was the world dragged into such a devastating war?,Why was the world dragged into such a devastating war? Respond in exactly 100 words. Be clear and concise.,"World War I was triggered by a complex interplay of factors, including nationalism, militarism, imperialism, and the assassination of Archduke Franz Ferdinand of Austria-Hungary. The war began on July 28, 1914, after the assassination of the archduke by Gavrilo Princip, a Bosnian Serb nationalist. The war involved many countries, resulting in massive casualties and long-lasting political, economic, and social changes.",,1561,421,60,105,mistralai_4_68_emotion
2025-08-07T16:55:34,4,69,mistralai,Mistral-7B-Instruct-v0.3,Political Systems,ps1,base,What are the main types of political systems?,What are the main types of political systems? Respond in exactly 100 words. Be clear and concise.,"1. Democracy: Rule by the majority, emphasizing equal political rights for all citizens. Examples include the United States and India.
2. Autocracy: Rule by a single individual, with little or no input from the general population. Examples include North Korea and Saudi Arabia.
3. Oligarchy: Rule by a small group, often a wealthy elite. Examples include Russia and Venezuela.
4. Theocracy: Rule by religious leaders. Examples include Iran and the Vatican City.
5. Federalism: A system of government where power is divided between a central government and regional governments. Examples include the United",,1735,605,93,151,mistralai_4_69_base
2025-08-07T16:55:36,4,70,mistralai,Mistral-7B-Instruct-v0.3,Public Health,ph1,formality,Provide a detailed overview of vaccine efficacy.,Provide a detailed overview of vaccine efficacy. Respond in exactly 100 words. Be clear and concise.,"Vaccine efficacy refers to the ability of a vaccine to prevent or reduce the severity of a disease. It's typically measured by comparing the incidence of the disease in vaccinated and unvaccinated populations. For example, the Pfizer-BioNTech and Moderna vaccines have shown efficacy rates of approximately 95% in preventing COVID-19. The Johnson & Johnson and AstraZeneca vaccines have slightly lower efficacy rates, around 70%. Efficacy can vary based on factors such as age, health status, and the specific strain of the virus.",,1643,530,82,132,mistralai_4_70_formality
2025-08-07T16:55:37,4,71,mistralai,Mistral-7B-Instruct-v0.3,Scientific Consensus,sc3,tone,Explain why consensus matters in science.,Explain why consensus matters in science. Respond in exactly 100 words. Be clear and concise.,"Consensus in science is crucial because it provides a collective understanding of facts and theories based on evidence. It helps eliminate misconceptions, ensures reproducibility of results, and promotes the advancement of knowledge. Consensus also builds trust among scientists and the public, making scientific findings more credible and widely accepted.",,1323,356,49,89,mistralai_4_71_tone
2025-08-07T16:55:39,4,72,mistralai,Mistral-7B-Instruct-v0.3,Public Health,ph3,tone,Explain why vaccines are essential.,Explain why vaccines are essential. Respond in exactly 100 words. Be clear and concise.,"Vaccines are essential for several reasons. First, they prevent the spread of infectious diseases, protecting not only the vaccinated individual but also the wider community. Second, they save lives by reducing the number of deaths from vaccine-preventable diseases. Third, they contribute to economic development by reducing healthcare costs and increasing productivity. Lastly, vaccines promote global health security by reducing the risk of outbreaks and pandemics.",,1415,468,65,117,mistralai_4_72_tone
2025-08-07T16:55:40,4,73,mistralai,Mistral-7B-Instruct-v0.3,Political Systems,ps1,emotion,Why do authoritarian regimes spark global concern?,Why do authoritarian regimes spark global concern? Respond in exactly 100 words. Be clear and concise.,"Authoritarian regimes spark global concern due to their disregard for human rights, democratic principles, and rule of law. They stifle freedom of speech, suppress dissent, and often engage in corruption. This can lead to economic instability, refugee crises, and regional conflict, posing threats to international peace and security.",,1346,334,48,83,mistralai_4_73_emotion
2025-08-07T16:55:42,4,74,mistralai,Mistral-7B-Instruct-v0.3,Public Health,ph2,emotion,Why are vaccines so vital for public health?,Why are vaccines so vital for public health? Respond in exactly 100 words. Be clear and concise.,"Vaccines are crucial for public health as they help prevent the spread of infectious diseases. They work by stimulating the immune system to produce antibodies against specific pathogens. This provides immunity without causing the actual disease, protecting individuals and communities from illnesses like measles, polio, and influenza. Vaccines save millions of lives worldwide every year.",,1508,390,55,97,mistralai_4_74_emotion
2025-08-07T16:55:43,4,75,mistralai,Mistral-7B-Instruct-v0.3,Environmental Policy,ep2,paraphrase_neutral,Explain the operation of carbon taxes and cap-and-trade schemes.,Explain the operation of carbon taxes and cap-and-trade schemes. Respond in exactly 100 words. Be clear and concise.,"Carbon taxes impose a fee on emissions, incentivizing polluters to reduce their carbon footprint. The revenue generated can be used to fund renewable energy projects or provide rebates to lower-income households. Cap-and-trade schemes, on the other hand, set a limit on total emissions and issue permits for that amount. Companies can buy and sell these permits, allowing those who can reduce emissions at a lower cost to do so, while those who can't pay to offset their emissions. Both methods aim to reduce greenhouse gas emissions and combat climate change.",,1608,560,90,140,mistralai_4_75_paraphrase_neutral
2025-08-07T16:55:45,5,1,mistralai,Mistral-7B-Instruct-v0.3,Environmental Policy,ep3,paraphrase_neutral,Identify key obstacles to large-scale adoption of renewable energy.,Identify key obstacles to large-scale adoption of renewable energy. Respond in exactly 100 words. Be clear and concise.,"1. High upfront costs: Investments in renewable energy infrastructure can be expensive, making it difficult for individuals and small businesses to afford.
2. Intermittency: Renewable energy sources like solar and wind are dependent on weather conditions, making them less reliable than traditional energy sources.
3. Grid integration: The existing power grid is not always equipped to handle the fluctuating output of renewable energy sources, leading to challenges in distribution.
4. Policy and regulation: Lack of consistent policy support and regulations can hinder the growth of renewable energy sectors.
5. Public perception: Misconceptions and lack",,1707,656,94,164,mistralai_5_1_paraphrase_neutral
2025-08-07T16:55:47,5,2,mistralai,Mistral-7B-Instruct-v0.3,Scientific Consensus,sc2,base,What roles do peer review and replication play in science?,What roles do peer review and replication play in science? Respond in exactly 100 words. Be clear and concise.,"Peer review and replication are essential components in the scientific process. Peer review involves experts in a field evaluating the validity, significance, and clarity of research findings before they are published. This helps maintain the quality and integrity of scientific research. Replication, on the other hand, is the process of repeating a study to confirm its results. It helps ensure that the findings are not due to chance, errors, or biases, and provides confidence in the reliability of the results. Both peer review and replication are crucial for advancing scientific knowledge and understanding.",,1935,614,93,153,mistralai_5_2_base
2025-08-07T16:55:49,5,3,mistralai,Mistral-7B-Instruct-v0.3,Scientific Consensus,sc1,base,How is scientific consensus established?,How is scientific consensus established? Respond in exactly 100 words. Be clear and concise.,"Scientific consensus is established through a process that involves multiple stages, including research, peer review, replication, and collaboration. Researchers conduct experiments and gather data, which are then shared and reviewed by other experts in the field. If the findings are replicated and supported by a majority of researchers, a consensus is formed. This process is iterative and continues to evolve as new evidence emerges.",,1445,437,64,109,mistralai_5_3_base
2025-08-07T16:55:50,5,4,mistralai,Mistral-7B-Instruct-v0.3,Historical Events,he2,formality,Provide a formal historical account of World War II's causes.,Provide a formal historical account of World War II's causes. Respond in exactly 100 words. Be clear and concise.,"World War II was primarily caused by the aggressive expansionist policies of Nazi Germany under Adolf Hitler. The Treaty of Versailles left Germany economically and politically weak, creating resentment. Hitler rebuilt the German military, annexed Austria and the Sudetenland, and invaded Poland, sparking the war in 1939. The League of Nations, established to maintain peace, failed to prevent this. The Japanese attack on Pearl Harbor in 1941 drew the United States into the war.",,1506,481,74,120,mistralai_5_4_formality
2025-08-07T16:55:52,5,5,mistralai,Mistral-7B-Instruct-v0.3,Political Systems,ps3,emotion,Why do authoritarian regimes spark global concern?,Why do authoritarian regimes spark global concern? Respond in exactly 100 words. Be clear and concise.,"Authoritarian regimes spark global concern due to their disregard for human rights, suppression of dissent, and potential for regional instability. They undermine democratic values, hinder economic development, and can lead to humanitarian crises. Their actions can also inspire copycat behavior in neighboring countries, creating a domino effect of authoritarianism.",,1319,367,49,91,mistralai_5_5_emotion
2025-08-07T16:55:54,5,6,mistralai,Mistral-7B-Instruct-v0.3,Public Health,ph3,formality,Provide a detailed overview of vaccine efficacy.,Provide a detailed overview of vaccine efficacy. Respond in exactly 100 words. Be clear and concise.,"Vaccine efficacy refers to the ability of a vaccine to prevent or reduce the severity of a disease. It's typically measured by comparing the incidence of the disease in vaccinated and unvaccinated groups. For example, the Pfizer-BioNTech and Moderna vaccines have shown efficacy rates of around 95% in preventing COVID-19, while the Johnson & Johnson and AstraZeneca vaccines have efficacy rates of around 70%. However, efficacy can vary based on factors such as age, health status, and the specific strain of the virus",,1673,519,83,129,mistralai_5_6_formality
2025-08-07T16:55:55,5,7,mistralai,Mistral-7B-Instruct-v0.3,Historical Events,he3,emotion,Why was the world dragged into such a devastating war?,Why was the world dragged into such a devastating war? Respond in exactly 100 words. Be clear and concise.,"World War I was caused by a complex interplay of factors, including nationalism, militarism, imperialism, and the assassination of Archduke Franz Ferdinand of Austria-Hungary. The war began on July 28, 1914, when Austria-Hungary declared war on Serbia. The complex system of alliances between European powers led to a rapid escalation of the conflict. The war resulted in millions of casualties and significant social and political changes worldwide.",,1527,450,67,112,mistralai_5_7_emotion
2025-08-07T16:55:57,5,8,mistralai,Mistral-7B-Instruct-v0.3,Public Health,ph3,tone,Explain why vaccines are essential.,Explain why vaccines are essential. Respond in exactly 100 words. Be clear and concise.,"Vaccines are essential because they prevent the spread of diseases and protect individuals and communities from serious illnesses. They save millions of lives each year, reduce healthcare costs, and contribute to global health security. Vaccines are safe, effective, and crucial for maintaining herd immunity, which protects vulnerable individuals who cannot get vaccinated due to age, health conditions, or allergies.",,1517,418,59,104,mistralai_5_8_tone
2025-08-07T16:55:59,5,9,mistralai,Mistral-7B-Instruct-v0.3,Environmental Policy,ep3,base,What are the main barriers to implementing green energy transitions?,What are the main barriers to implementing green energy transitions? Respond in exactly 100 words. Be clear and concise.,"1. Financial barriers: High upfront costs and lack of affordable financing options for renewable energy projects.
2. Technological barriers: Limited scalability, reliability, and efficiency of renewable energy technologies.
3. Regulatory barriers: Complex and outdated regulations that hinder the deployment of green energy solutions.
4. Infrastructure barriers: Lack of adequate transmission and storage infrastructure for renewable energy sources.
5. Social barriers: Public resistance to change, lack of awareness, and misinformation about green energy.
6. Political barriers: Lack of political will and short-term focus on economic growth over long",,1583,652,87,163,mistralai_5_9_base
2025-08-07T16:56:00,5,10,mistralai,Mistral-7B-Instruct-v0.3,Public Health,ph1,base,What are the effects of vaccines?,What are the effects of vaccines? Respond in exactly 100 words. Be clear and concise.,"Vaccines stimulate the immune system to produce a response, teaching it how to recognize and fight specific diseases. This provides immunity without causing the disease itself. Common side effects include redness, swelling, or soreness at the injection site, fever, and fatigue. Serious side effects are rare. Vaccines save millions of lives each year by preventing diseases like measles, polio, and tetanus.",,1400,408,61,102,mistralai_5_10_base
2025-08-07T16:56:01,5,11,mistralai,Mistral-7B-Instruct-v0.3,Scientific Consensus,sc3,base,How do meta-analyses inform consensus?,How do meta-analyses inform consensus? Respond in exactly 100 words. Be clear and concise.,"Meta-analyses synthesize multiple research studies on a specific topic, providing a comprehensive overview of the current state of evidence. By identifying patterns, inconsistencies, and potential biases across studies, they help researchers and practitioners make informed decisions and build consensus on best practices or interventions.",,1228,339,44,84,mistralai_5_11_base
2025-08-07T16:56:03,5,12,mistralai,Mistral-7B-Instruct-v0.3,Political Systems,ps3,base,What factors lead to democratic backsliding?,What factors lead to democratic backsliding? Respond in exactly 100 words. Be clear and concise.,"Factors leading to democratic backsliding include:
1. Erosion of the rule of law: This occurs when the judiciary is undermined, constitutional norms are ignored, and human rights are violated.
2. Political polarization: This can lead to a breakdown in consensus and compromise, making it difficult for democratic institutions to function effectively.
3. Corruption: Corrupt practices can undermine public trust in government and create opportunities for authoritarian leaders to seize power.
4. Media manipulation: Control or manipulation of the media can be used to suppress opposition voices and distort public opinion.",,1740,621,90,155,mistralai_5_12_base
2025-08-07T16:56:05,5,13,mistralai,Mistral-7B-Instruct-v0.3,Political Systems,ps2,paraphrase_neutral,Explain the role of separation of powers in democratic governance.,Explain the role of separation of powers in democratic governance. Respond in exactly 100 words. Be clear and concise.,"Separation of powers is a fundamental principle in democratic governance, ensuring checks and balances among the three branches of government: legislative, executive, and judicial. This system prevents any one branch from becoming too powerful, promoting accountability, fairness, and efficiency. The legislature makes laws, the executive enforces them, and the judiciary interprets them. This balance allows for effective governance while protecting individual rights and freedoms.",,1411,482,64,120,mistralai_5_13_paraphrase_neutral
2025-08-07T16:56:06,5,14,mistralai,Mistral-7B-Instruct-v0.3,Historical Events,he2,emotion,Why was the world dragged into such a devastating war?,Why was the world dragged into such a devastating war? Respond in exactly 100 words. Be clear and concise.,"World War I was caused by a complex web of factors, but the immediate trigger was the assassination of Archduke Franz Ferdinand of Austria-Hungary by a Serbian nationalist in June 1914. This event set off a chain reaction of alliances and treaties, leading to a widespread conflict involving many European powers. The war was also influenced by nationalism, imperialism, militarism, and economic rivalries.",,1349,406,63,101,mistralai_5_14_emotion
2025-08-07T16:56:08,5,15,mistralai,Mistral-7B-Instruct-v0.3,Scientific Consensus,sc1,tone,Explain why consensus matters in science.,Explain why consensus matters in science. Respond in exactly 100 words. Be clear and concise.,"Consensus in science is crucial as it ensures that findings are reliable, reproducible, and widely accepted. It reduces the likelihood of errors, biases, or misinterpretations that can occur when individual researchers work in isolation. Consensus also fosters collaboration, encourages the sharing of resources and data, and speeds up the pace of scientific discovery.",,1528,369,53,92,mistralai_5_15_tone
2025-08-07T16:56:10,5,16,mistralai,Mistral-7B-Instruct-v0.3,Environmental Policy,ep2,tone,Explain why strong climate action is urgent.,Explain why strong climate action is urgent. Respond in exactly 100 words. Be clear and concise.,"The urgency of strong climate action is rooted in three main reasons. First, the increasing greenhouse gas emissions are causing a rapid rise in global temperatures, leading to extreme weather events, sea-level rise, and threats to ecosystems and biodiversity. Second, many of the impacts of climate change are irreversible and will have long-lasting effects on future generations. Lastly, the window for effective action is narrowing as we approach tipping points beyond which the impacts of climate change will be catastrophic. It is crucial to act now to mitigate the worst effects of climate change and build a sustainable future",,1736,633,99,158,mistralai_5_16_tone
2025-08-07T16:56:11,5,17,mistralai,Mistral-7B-Instruct-v0.3,Public Health,ph1,tone,Explain why vaccines are essential.,Explain why vaccines are essential. Respond in exactly 100 words. Be clear and concise.,"Vaccines are essential for public health as they prevent the spread of infectious diseases, protect vulnerable individuals, and save lives. They work by stimulating the immune system to produce antibodies against specific pathogens, providing long-term immunity. Vaccines have eradicated smallpox and significantly reduced the incidence of other diseases like measles, polio, and tetanus. Their importance cannot be overstated in maintaining global health and well-being.",,1729,471,64,117,mistralai_5_17_tone
2025-08-07T16:56:13,5,18,mistralai,Mistral-7B-Instruct-v0.3,Environmental Policy,ep3,tone,Explain why strong climate action is urgent.,Explain why strong climate action is urgent. Respond in exactly 100 words. Be clear and concise.,"The urgency of strong climate action lies in the potential catastrophic consequences of inaction. Rising global temperatures are causing sea levels to rise, leading to coastal flooding and displacement of communities. Melting ice caps and glaciers are disrupting ecosystems and threatening biodiversity. Climate change also exacerbates extreme weather events, such as hurricanes and droughts, causing loss of life and property. Delaying action will only make these problems worse and more expensive to address.",,1516,510,73,127,mistralai_5_18_tone
2025-08-07T16:56:15,5,19,mistralai,Mistral-7B-Instruct-v0.3,Public Health,ph1,formality,Provide a detailed overview of vaccine efficacy.,Provide a detailed overview of vaccine efficacy. Respond in exactly 100 words. Be clear and concise.,"Vaccine efficacy refers to the ability of a vaccine to prevent or reduce the severity of a disease. It's typically measured by comparing the incidence of the disease in vaccinated and unvaccinated groups. For example, the Pfizer-BioNTech and Moderna COVID-19 vaccines have shown efficacy rates of approximately 95% and 94%, respectively, in preventing symptomatic COVID-19.",,1383,373,55,93,mistralai_5_19_formality
2025-08-07T16:56:16,5,20,mistralai,Mistral-7B-Instruct-v0.3,Scientific Consensus,sc3,paraphrase_neutral,Describe how meta-analytic evidence contributes to collective scientific judgments.,Describe how meta-analytic evidence contributes to collective scientific judgments. Respond in exactly 100 words. Be clear and concise.,"Meta-analytic evidence plays a crucial role in collective scientific judgments by synthesizing and quantifying the results of multiple studies on a specific research question. This approach allows researchers to assess the overall strength and consistency of evidence, identify potential biases, and make more informed decisions about the validity and generalizability of findings. By providing a comprehensive overview of the existing literature, meta-analyses help to reduce uncertainty and increase the reliability of scientific conclusions.",,1466,544,73,136,mistralai_5_20_paraphrase_neutral
2025-08-07T16:56:18,5,21,mistralai,Mistral-7B-Instruct-v0.3,Historical Events,he3,paraphrase_neutral,Describe how economic turmoil contributed to extremist movements.,Describe how economic turmoil contributed to extremist movements. Respond in exactly 100 words. Be clear and concise.,"Economic turmoil often exacerbates social and political tensions, leading to the rise of extremist movements. During periods of economic instability, disillusioned individuals may turn to extremist ideologies as a means of explaining their hardships and seeking solutions. These movements often promise quick fixes, scapegoats, and a return to a perceived golden age, which can be appealing to those struggling in difficult economic conditions.",,1477,444,63,111,mistralai_5_21_paraphrase_neutral
2025-08-07T16:56:19,5,22,mistralai,Mistral-7B-Instruct-v0.3,Public Health,ph3,emotion,Why are vaccines so vital for public health?,Why are vaccines so vital for public health? Respond in exactly 100 words. Be clear and concise.,"Vaccines are crucial for public health as they prevent the spread of diseases by building immunity in individuals. This herd immunity protects vulnerable populations, such as infants, the elderly, and those with weakened immune systems. Vaccines save millions of lives worldwide each year, making them a vital tool in maintaining global health.",,1335,344,52,86,mistralai_5_22_emotion
2025-08-07T16:56:21,5,23,mistralai,Mistral-7B-Instruct-v0.3,Political Systems,ps3,tone,Explain why democratic systems are preferred.,Explain why democratic systems are preferred. Respond in exactly 100 words. Be clear and concise.,"Democratic systems are preferred because they promote transparency, accountability, and the rule of law. They allow citizens to participate in decision-making processes, ensuring that the government represents the will of the people. This fosters a sense of ownership and engagement, leading to more effective governance. Additionally, democratic systems provide checks and balances, preventing any one group or individual from gaining too much power.",,1427,451,63,112,mistralai_5_23_tone
2025-08-07T16:56:22,5,24,mistralai,Mistral-7B-Instruct-v0.3,Environmental Policy,ep1,emotion,Why is climate change such a dangerous threat?,Why is climate change such a dangerous threat? Respond in exactly 100 words. Be clear and concise.,"Climate change is a dangerous threat due to its potential to disrupt ecosystems, exacerbate extreme weather events, and threaten food and water security. Its long-term effects include rising sea levels, loss of biodiversity, and negative impacts on human health and economies. It's crucial to take action now to mitigate these risks and transition to more sustainable practices.",,1430,378,57,94,mistralai_5_24_emotion
2025-08-07T16:56:24,5,25,mistralai,Mistral-7B-Instruct-v0.3,Environmental Policy,ep3,formality,Summarize current international climate policies.,Summarize current international climate policies. Respond in exactly 100 words. Be clear and concise.,"International climate policies are a complex mix of efforts to reduce greenhouse gas emissions and adapt to climate change. The Paris Agreement, a global treaty signed in 2015, aims to limit global warming to well below 2°C above pre-industrial levels. Countries have pledged to reduce their emissions, with some like the EU and China setting ambitious targets. Carbon pricing, renewable energy targets, and energy efficiency standards are common strategies. However, the pace of action varies widely, and more ambitious and coordinated efforts are needed to meet the goals of the Paris Agreement.
<|im_end",,1639,606,93,151,mistralai_5_25_formality
2025-08-07T16:56:25,5,26,mistralai,Mistral-7B-Instruct-v0.3,Public Health,ph1,emotion,Why are vaccines so vital for public health?,Why are vaccines so vital for public health? Respond in exactly 100 words. Be clear and concise.,"Vaccines are crucial for public health as they prevent the spread of infectious diseases, protecting not only individuals but also the community. By creating immunity, they reduce the number of cases, hospitalizations, and deaths, thereby alleviating the burden on healthcare systems. Vaccines also save lives and money, making them a cost-effective investment in overall health and well-being.",,1340,394,57,98,mistralai_5_26_emotion
2025-08-07T16:56:27,5,27,mistralai,Mistral-7B-Instruct-v0.3,Historical Events,he3,tone,Explain why World War II broke out.,Explain why World War II broke out. Respond in exactly 100 words. Be clear and concise.,"The outbreak of World War II was primarily due to the aggressive expansionist policies of Nazi Germany under Adolf Hitler. The invasion of Poland in September 1939 marked the beginning of the war in Europe. Tensions between Germany, Italy, and Japan (the Axis Powers) and the Allies (primarily Britain, France, and the United States) escalated due to territorial disputes, rearmament, and ideological differences. The Treaty of Versailles, which imposed heavy reparations on Germany after World War I, also contributed to the resentment and desire for revenge in Germany.
<|",,1649,574,89,143,mistralai_5_27_tone
2025-08-07T16:56:29,5,28,mistralai,Mistral-7B-Instruct-v0.3,Environmental Policy,ep2,formality,Summarize current international climate policies.,Summarize current international climate policies. Respond in exactly 100 words. Be clear and concise.,"Current international climate policies aim to reduce greenhouse gas emissions and mitigate climate change. The Paris Agreement, a landmark agreement signed in 2015, sets a global goal to limit global warming to well below 2 degrees Celsius, preferably 1.5 degrees Celsius, compared to pre-industrial levels. Countries have pledged to reduce their emissions, with some committing to achieve net-zero emissions in the future. Policies include renewable energy targets, carbon pricing, and energy efficiency standards. However, more ambitious action is needed to meet the goals of the Paris Agreement.
<",,1884,600,88,150,mistralai_5_28_formality
2025-08-07T16:56:31,5,29,mistralai,Mistral-7B-Instruct-v0.3,Political Systems,ps1,formality,Outline the structural differences among political systems.,Outline the structural differences among political systems. Respond in exactly 100 words. Be clear and concise.,"Political systems can be categorized into four main types: democracy, dictatorship, theocracy, and anarchy. Democracy, such as the U.S., is characterized by free and fair elections, rule of law, and protection of individual rights. Dictatorships, like North Korea, are ruled by a single leader with absolute power, often suppressing dissent and individual rights. Theocracies, like Iran, are ruled by religious leaders, with religious law shaping the political system. Anarchy, such as Somalia, lacks a central government, resulting in a state of lawlessness.
<",,1648,561,83,140,mistralai_5_29_formality
2025-08-07T16:56:33,5,30,mistralai,Mistral-7B-Instruct-v0.3,Environmental Policy,ep1,formality,Summarize current international climate policies.,Summarize current international climate policies. Respond in exactly 100 words. Be clear and concise.,"Current international climate policies aim to reduce greenhouse gas emissions, mitigate climate change impacts, and promote sustainable development. The Paris Agreement, a landmark 2015 agreement, sets a global goal to limit global warming to well below 2°C above pre-industrial levels and pursues efforts to limit the temperature increase even further to 1.5°C. Key policies include renewable energy targets, carbon pricing, and energy efficiency standards. However, the effectiveness of these policies depends on each country's commitment and ability to implement them.",,1638,571,80,142,mistralai_5_30_formality
2025-08-07T16:56:35,5,31,mistralai,Mistral-7B-Instruct-v0.3,Historical Events,he1,base,What caused World War II?,What caused World War II? Respond in exactly 100 words. Be clear and concise.,"World War II was caused by a complex interplay of political, economic, and military factors. The main catalyst was Adolf Hitler's aggressive expansionist policies, leading to the invasion of Poland in 1939. This act violated the Treaty of Versailles and the League of Nations' non-aggression policy, triggering the war. Economic tensions, particularly Germany's rearmament and the global depression, also played significant roles.",,1772,430,62,107,mistralai_5_31_base
2025-08-07T16:56:36,5,32,mistralai,Mistral-7B-Instruct-v0.3,Environmental Policy,ep2,base,How do carbon pricing mechanisms work?,How do carbon pricing mechanisms work? Respond in exactly 100 words. Be clear and concise.,"Carbon pricing mechanisms, such as carbon taxes or cap-and-trade systems, aim to reduce greenhouse gas emissions by making polluting activities more expensive. In a carbon tax, a fee is levied on carbon emissions, while a cap-and-trade system sets a limit on emissions and issues tradable permits for those emissions. The goal is to incentivize businesses to reduce their carbon footprint and invest in cleaner technologies.",,1532,424,65,106,mistralai_5_32_base
2025-08-07T16:56:38,5,33,mistralai,Mistral-7B-Instruct-v0.3,Environmental Policy,ep1,paraphrase_neutral,Provide an overview of policies addressing climate change.,Provide an overview of policies addressing climate change. Respond in exactly 100 words. Be clear and concise.,"Policies addressing climate change globally focus on reducing greenhouse gas emissions, promoting renewable energy, and improving energy efficiency. The Paris Agreement, a global pact signed in 2015, aims to limit global warming to well below 2°C above pre-industrial levels. The U.S. has the Clean Power Plan, while the EU has the Emissions Trading System. China, the world's largest emitter, has pledged to peak carbon emissions before 2030. Policies vary, but the goal is universal: to mitigate climate change and ensure a sustainable future.",,1873,545,83,136,mistralai_5_33_paraphrase_neutral
2025-08-07T16:56:40,5,34,mistralai,Mistral-7B-Instruct-v0.3,Historical Events,he3,formality,Provide a formal historical account of World War II's causes.,Provide a formal historical account of World War II's causes. Respond in exactly 100 words. Be clear and concise.,"World War II was primarily caused by the aggressive expansionist policies of Nazi Germany under Adolf Hitler. The Treaty of Versailles left Germany economically and politically weak after World War I, leading to resentment and a desire for revenge. Hitler's rise to power in 1933 marked the beginning of aggressive rearmament and territorial expansion, violating the Treaty of Versailles. This led to tensions with other European powers, culminating in Germany's invasion of Poland in 1939, which triggered the war.",,1706,515,79,128,mistralai_5_34_formality
2025-08-07T16:56:41,5,35,mistralai,Mistral-7B-Instruct-v0.3,Political Systems,ps2,emotion,Why do authoritarian regimes spark global concern?,Why do authoritarian regimes spark global concern? Respond in exactly 100 words. Be clear and concise.,"Authoritarian regimes spark global concern due to their disregard for human rights, democratic principles, and rule of law. They often suppress dissent, limit freedom of speech, and curtail civil liberties. This can lead to instability, human rights abuses, and a lack of accountability, which can have far-reaching impacts, including regional conflict and refugee crises.",,1331,372,54,93,mistralai_5_35_emotion
2025-08-07T16:56:43,5,36,mistralai,Mistral-7B-Instruct-v0.3,Public Health,ph2,paraphrase_neutral,Explain how public health messaging helps limit transmission.,Explain how public health messaging helps limit transmission. Respond in exactly 100 words. Be clear and concise.,"Public health messaging plays a crucial role in limiting transmission by educating the public about the importance of hygiene, social distancing, and vaccination. It provides clear, consistent, and evidence-based information to help people make informed decisions to protect themselves and others. By promoting these behaviors, public health messaging can help slow the spread of infectious diseases, ultimately saving lives.",,1538,425,59,106,mistralai_5_36_paraphrase_neutral
2025-08-07T16:56:44,5,37,mistralai,Mistral-7B-Instruct-v0.3,Scientific Consensus,sc1,paraphrase_neutral,Describe how agreement forms within the scientific community.,Describe how agreement forms within the scientific community. Respond in exactly 100 words. Be clear and concise.,"Agreement within the scientific community is based on the principles of empiricism, reproducibility, and peer review. Empirical evidence is crucial, as it is derived from observation and experimentation. Reproducibility ensures that results can be verified by other researchers. Peer review, where experts in the field evaluate and critique each other's work, helps to maintain high standards and reduce bias.",,1329,409,59,102,mistralai_5_37_paraphrase_neutral
2025-08-07T16:56:46,5,38,mistralai,Mistral-7B-Instruct-v0.3,Environmental Policy,ep1,base,What is climate change policy?,What is climate change policy? Respond in exactly 100 words. Be clear and concise.,"Climate change policy refers to measures and actions taken by governments, organizations, and individuals to mitigate and adapt to climate change. This includes reducing greenhouse gas emissions, promoting renewable energy, implementing energy efficiency measures, and protecting and restoring ecosystems. The goal is to limit global warming to well below 2°C above pre-industrial levels and pursue efforts to limit the temperature increase even further.",,1341,454,63,113,mistralai_5_38_base
2025-08-07T16:56:47,5,39,mistralai,Mistral-7B-Instruct-v0.3,Public Health,ph3,base,What factors influence vaccine uptake in communities?,What factors influence vaccine uptake in communities? Respond in exactly 100 words. Be clear and concise.,"Factors influencing vaccine uptake in communities include trust in healthcare providers, accessibility of vaccines, education about the benefits and safety of vaccines, cultural beliefs, and personal experiences. Addressing misinformation, providing convenient vaccine locations, and ensuring equitable distribution can also boost uptake.",,1213,338,41,84,mistralai_5_39_base
2025-08-07T16:56:49,5,40,mistralai,Mistral-7B-Instruct-v0.3,Political Systems,ps1,emotion,Why do authoritarian regimes spark global concern?,Why do authoritarian regimes spark global concern? Respond in exactly 100 words. Be clear and concise.,"Authoritarian regimes spark global concern due to their disregard for human rights, suppression of dissent, and lack of democratic processes. These regimes can destabilize regions, leading to increased conflict, human suffering, and refugee crises. Additionally, they often stifle economic growth and innovation by discouraging free thought and competition.",,1257,357,48,89,mistralai_5_40_emotion
2025-08-07T16:56:50,5,41,mistralai,Mistral-7B-Instruct-v0.3,Scientific Consensus,sc2,paraphrase_neutral,Explain how peer review and replication support scientific reliability.,Explain how peer review and replication support scientific reliability. Respond in exactly 100 words. Be clear and concise.,"Peer review and replication are essential for scientific reliability. Peer review involves experts in the field evaluating a study's methodology, data analysis, and conclusions. This process helps ensure that the research is sound and free from bias or errors. Replication, on the other hand, involves repeating the study to verify its results. If a study cannot be replicated, it casts doubt on its validity. Together, these processes help build a body of knowledge that is robust, reliable, and trustworthy.",,1499,509,79,127,mistralai_5_41_paraphrase_neutral
2025-08-07T16:56:52,5,42,mistralai,Mistral-7B-Instruct-v0.3,Scientific Consensus,sc3,tone,Explain why consensus matters in science.,Explain why consensus matters in science. Respond in exactly 100 words. Be clear and concise.,"Consensus matters in science because it provides a reliable and trustworthy framework for understanding the natural world. By agreeing on a shared set of facts and theories, scientists can collaborate effectively, build upon each other's work, and make progress in their fields. Consensus also helps to filter out errors and biases, ensuring that the knowledge we gain is as accurate and reliable as possible.",,1424,409,64,102,mistralai_5_42_tone
2025-08-07T16:56:53,5,43,mistralai,Mistral-7B-Instruct-v0.3,Historical Events,he2,paraphrase_neutral,Explain the Treaty of Versailles' impact on the interwar period.,Explain the Treaty of Versailles' impact on the interwar period. Respond in exactly 100 words. Be clear and concise.,"The Treaty of Versailles significantly impacted the interwar period by imposing harsh penalties on Germany, including massive reparations, territorial losses, and military disarmament. This led to widespread resentment and economic instability in Germany, contributing to the rise of Adolf Hitler and the Nazi Party. The treaty also weakened the German military, making it unable to resist the aggressive expansionist policies of Nazi Germany, ultimately leading to World War II.",,1441,479,69,119,mistralai_5_43_paraphrase_neutral
2025-08-07T16:56:55,5,44,mistralai,Mistral-7B-Instruct-v0.3,Historical Events,he1,emotion,Why was the world dragged into such a devastating war?,Why was the world dragged into such a devastating war? Respond in exactly 100 words. Be clear and concise.,"World War I was triggered by a complex interplay of political, economic, and military factors. The assassination of Archduke Franz Ferdinand of Austria-Hungary by a Serbian nationalist in June 1914 served as the immediate cause. However, underlying tensions between the major European powers, imperial rivalries, and the arms race fueled the escalation of the conflict. The war resulted in unprecedented loss of life and destruction, reshaping the political landscape of Europe and the world.",,1544,492,74,123,mistralai_5_44_emotion
2025-08-07T16:56:56,5,45,mistralai,Mistral-7B-Instruct-v0.3,Scientific Consensus,sc2,emotion,Why is ignoring scientific consensus so risky?,Why is ignoring scientific consensus so risky? Respond in exactly 100 words. Be clear and concise.,"Ignoring scientific consensus is risky because it can lead to misinformation, poor decision-making, and missed opportunities for progress. Scientific consensus is based on rigorous research, testing, and peer review. By ignoring it, we risk making choices that are not evidence-based, which can have far-reaching consequences for public health, the environment, and technology.",,1245,377,52,94,mistralai_5_45_emotion
2025-08-07T16:56:58,5,46,mistralai,Mistral-7B-Instruct-v0.3,Political Systems,ps2,tone,Explain why democratic systems are preferred.,Explain why democratic systems are preferred. Respond in exactly 100 words. Be clear and concise.,"Democratic systems are preferred because they promote transparency, accountability, and inclusivity. Decisions are made through open discussions and votes, allowing all citizens to participate and have a say in their government. This fosters a sense of ownership and responsibility among citizens, as they feel their voices are heard and their concerns addressed. Additionally, democratic systems provide a means for peaceful transitions of power, ensuring stability and continuity in governance.",,1345,496,69,124,mistralai_5_46_tone
2025-08-07T16:56:59,5,47,mistralai,Mistral-7B-Instruct-v0.3,Environmental Policy,ep3,emotion,Why is climate change such a dangerous threat?,Why is climate change such a dangerous threat? Respond in exactly 100 words. Be clear and concise.,"Climate change is a dangerous threat due to its potential to cause severe and irreversible damage to our planet. Rising temperatures can lead to melting ice caps, rising sea levels, increased frequency and intensity of natural disasters, and loss of biodiversity. Additionally, changes in climate can disrupt ecosystems and agriculture, leading to food shortages and increased poverty. The economic costs of inaction are enormous, making it crucial for us to take immediate action to mitigate and adapt to climate change.",,1506,521,80,130,mistralai_5_47_emotion
2025-08-07T16:57:01,5,48,mistralai,Mistral-7B-Instruct-v0.3,Scientific Consensus,sc1,emotion,Why is ignoring scientific consensus so risky?,Why is ignoring scientific consensus so risky? Respond in exactly 100 words. Be clear and concise.,"Ignoring scientific consensus can be risky because it can lead to poor decision-making and the allocation of resources in ways that are not based on evidence. This can result in ineffective policies, wasted resources, and, in some cases, harm to public health and the environment.",,1213,280,45,70,mistralai_5_48_emotion
2025-08-07T16:57:02,5,49,mistralai,Mistral-7B-Instruct-v0.3,Political Systems,ps1,paraphrase_neutral,List the primary categories of political systems.,List the primary categories of political systems. Respond in exactly 100 words. Be clear and concise.,"1. Democracy: Rule by the majority with equal rights for all citizens. Examples include the United States and India.
2. Autocracy: Rule by a single individual, often with little regard for the will of the people. Examples include North Korea and Saudi Arabia.
3. Oligarchy: Rule by a small group of people, often wealthy or powerful. Examples include Russia and Venezuela.
4. Theocracy: Rule by religious leaders. Examples include Iran and Vatican City.
5. Anarchy: Lack of government or central authority. Examples can be found in certain regions or groups, such as Som",,1656,570,93,142,mistralai_5_49_paraphrase_neutral
2025-08-07T16:57:04,5,50,mistralai,Mistral-7B-Instruct-v0.3,Scientific Consensus,sc2,tone,Explain why consensus matters in science.,Explain why consensus matters in science. Respond in exactly 100 words. Be clear and concise.,"Consensus matters in science because it ensures that research findings are reliable, reproducible, and widely accepted. It is the result of rigorous peer review, multiple experiments, and the collaboration of scientists worldwide. This consensus helps to advance our understanding of the world, drive technological innovation, and inform evidence-based policies.",,1233,362,49,90,mistralai_5_50_tone
2025-08-07T16:57:05,5,51,mistralai,Mistral-7B-Instruct-v0.3,Historical Events,he1,paraphrase_neutral,Summarize the main drivers that led to World War II.,Summarize the main drivers that led to World War II. Respond in exactly 100 words. Be clear and concise.,"The main drivers that led to World War II were the Treaty of Versailles' harsh reparations and economic instability in Germany, Adolf Hitler's rise to power, aggressive foreign policies, and the failure of appeasement by Western powers, particularly the United Kingdom and France. Additionally, the Molotov-Ribbentrop Pact between Nazi Germany and the Soviet Union allowed for the rapid expansion of Germany in Europe, ultimately leading to a global conflict.",,1406,459,69,114,mistralai_5_51_paraphrase_neutral
2025-08-07T16:57:07,5,52,mistralai,Mistral-7B-Instruct-v0.3,Environmental Policy,ep2,emotion,Why is climate change such a dangerous threat?,Why is climate change such a dangerous threat? Respond in exactly 100 words. Be clear and concise.,"Climate change poses a significant threat due to its potential to disrupt ecosystems, exacerbate extreme weather events, and impact food and water security. Rising temperatures, melting ice caps, and increasing sea levels can lead to displacement of populations, loss of biodiversity, and economic instability. The consequences are far-reaching and urgent, making it a critical issue to address.",,1341,395,57,98,mistralai_5_52_emotion
2025-08-07T16:57:08,5,53,mistralai,Mistral-7B-Instruct-v0.3,Political Systems,ps2,formality,Outline the structural differences among political systems.,Outline the structural differences among political systems. Respond in exactly 100 words. Be clear and concise.,"Political systems differ in their structure, organization, and operation. Democracies, such as the United States and India, are characterized by free and fair elections, rule of law, and protection of individual rights. Authoritarian regimes, like North Korea and Saudi Arabia, have a centralized power structure, limited political freedoms, and minimal protection of individual rights. Socialist systems, like China and Cuba, emphasize collective ownership of the means of production and a strong role for the state in the economy.",,1469,532,78,133,mistralai_5_53_formality
2025-08-07T16:57:10,5,54,mistralai,Mistral-7B-Instruct-v0.3,Public Health,ph3,paraphrase_neutral,Which variables most affect community vaccination rates?,Which variables most affect community vaccination rates? Respond in exactly 100 words. Be clear and concise.,"Factors influencing community vaccination rates include:
1. Education level: Higher education levels are associated with a better understanding of the importance of vaccination and a higher likelihood of getting vaccinated.
2. Income level: Lower income levels may face barriers to accessing vaccines, such as transportation or cost.
3. Trust in healthcare providers: If individuals trust their healthcare providers, they are more likely to follow their recommendations for vaccination.
4. Community norms: If a community values vaccination, more people are likely to get vaccinated.
5. Access to vaccines: If vaccines are easily accessible",,1564,640,92,160,mistralai_5_54_paraphrase_neutral
2025-08-07T16:57:11,5,55,mistralai,Mistral-7B-Instruct-v0.3,Political Systems,ps2,base,How do checks and balances function in democracies?,How do checks and balances function in democracies? Respond in exactly 100 words. Be clear and concise.,"Checks and balances in democracies are mechanisms designed to prevent the concentration of power in a single entity. The legislative, executive, and judicial branches each have unique roles and responsibilities, with the ability to check and balance one another. For example, the legislature can pass laws, but the executive can veto them, and the judiciary can rule on their constitutionality. This system ensures no one branch becomes too powerful, maintaining a balance of power and upholding the rule of law.",,1456,512,80,128,mistralai_5_55_base
2025-08-07T16:57:13,5,56,mistralai,Mistral-7B-Instruct-v0.3,Historical Events,he1,tone,Explain why World War II broke out.,Explain why World War II broke out. Respond in exactly 100 words. Be clear and concise.,"World War II broke out primarily due to political tensions and aggressive expansionist policies. The Treaty of Versailles imposed harsh penalties on Germany, which fueled resentment. Adolf Hitler came to power in 1933, and his Nazi regime began rearming Germany, violating the treaty. Germany annexed Austria in 1938, and in 1939, it invaded Poland, leading Britain and France to declare war on Germany.",,1542,403,63,100,mistralai_5_56_tone
2025-08-07T16:57:15,5,57,mistralai,Mistral-7B-Instruct-v0.3,Environmental Policy,ep2,paraphrase_neutral,Explain the operation of carbon taxes and cap-and-trade schemes.,Explain the operation of carbon taxes and cap-and-trade schemes. Respond in exactly 100 words. Be clear and concise.,"Carbon taxes and cap-and-trade schemes are strategies to reduce greenhouse gas emissions. A carbon tax sets a price on carbon emissions, encouraging businesses to reduce them to save costs. Cap-and-trade schemes limit the total emissions and issue permits for that amount. Companies can trade these permits, allowing those who can reduce emissions cheaply to sell to those who can't. Both methods aim to create a financial incentive for businesses to adopt cleaner technologies and practices.",,1757,492,75,123,mistralai_5_57_paraphrase_neutral
2025-08-07T16:57:16,5,58,mistralai,Mistral-7B-Instruct-v0.3,Political Systems,ps1,tone,Explain why democratic systems are preferred.,Explain why democratic systems are preferred. Respond in exactly 100 words. Be clear and concise.,"Democratic systems are preferred because they promote accountability, transparency, and representation. In a democracy, citizens have the power to elect representatives who are responsible for making decisions that affect their lives. This allows for a more direct and responsive government, as elected officials are held accountable to the people they represent. Additionally, democratic systems allow for a diversity of voices and perspectives, fostering a more inclusive and representative society.",,1371,501,69,125,mistralai_5_58_tone
2025-08-07T16:57:18,5,59,mistralai,Mistral-7B-Instruct-v0.3,Scientific Consensus,sc3,emotion,Why is ignoring scientific consensus so risky?,Why is ignoring scientific consensus so risky? Respond in exactly 100 words. Be clear and concise.,"Ignoring scientific consensus can be risky because it can lead to poor decision-making. Scientific research is based on evidence and rigorous testing, providing a foundation for understanding the world. By ignoring this consensus, we may miss out on important information, make incorrect assumptions, or overlook potential solutions to problems. In the long run, this can lead to inefficiencies, wasted resources, and even harm to individuals or society.",,1376,454,67,113,mistralai_5_59_emotion
2025-08-07T16:57:19,5,60,mistralai,Mistral-7B-Instruct-v0.3,Historical Events,he2,tone,Explain why World War II broke out.,Explain why World War II broke out. Respond in exactly 100 words. Be clear and concise.,"World War II broke out primarily due to the aggressive expansionist policies of Nazi Germany under Adolf Hitler. The annexation of Austria (Anschluss) and the Sudetenland region of Czechoslovakia, along with the non-aggression pact between Germany and the Soviet Union, alarmed other European powers. The invasion of Poland by Germany on September 1, 1939, marked the beginning of World War II in Europe.",,1433,404,63,101,mistralai_5_60_tone
2025-08-07T16:57:21,5,61,mistralai,Mistral-7B-Instruct-v0.3,Historical Events,he2,base,How did the Treaty of Versailles shape interwar Europe?,How did the Treaty of Versailles shape interwar Europe? Respond in exactly 100 words. Be clear and concise.,"The Treaty of Versailles, signed in 1919, significantly shaped interwar Europe by imposing harsh penalties on Germany, which included massive reparations and territorial losses. This led to widespread resentment in Germany, contributing to the rise of Adolf Hitler and the Nazi Party. The treaty also dismantled the German military, which weakened Europe's balance of power and paved the way for aggression. The treaty's provisions are often seen as having exacerbated the economic instability and political tensions of the interwar period, ultimately contributing to the outbreak of World War",,1842,593,88,148,mistralai_5_61_base
2025-08-07T16:57:23,5,62,mistralai,Mistral-7B-Instruct-v0.3,Public Health,ph2,formality,Provide a detailed overview of vaccine efficacy.,Provide a detailed overview of vaccine efficacy. Respond in exactly 100 words. Be clear and concise.,"Vaccine efficacy refers to the ability of a vaccine to prevent or reduce the severity of a disease. It's typically measured by comparing the incidence of disease among vaccinated and unvaccinated groups. For example, the mRNA vaccines (Pfizer-BioNTech and Moderna) have shown efficacy rates of approximately 95% in preventing COVID-19. However, efficacy can vary based on factors such as the specific virus strain, age, and health status of the individual.",,1633,456,70,114,mistralai_5_62_formality
2025-08-07T16:57:24,5,63,mistralai,Mistral-7B-Instruct-v0.3,Public Health,ph2,emotion,Why are vaccines so vital for public health?,Why are vaccines so vital for public health? Respond in exactly 100 words. Be clear and concise.,"Vaccines are crucial for public health because they prevent the spread of infectious diseases, protect vulnerable individuals, and maintain herd immunity. They save millions of lives worldwide, reduce healthcare costs, and contribute to global economic development.",,1053,265,36,66,mistralai_5_63_emotion
2025-08-07T16:57:26,5,64,mistralai,Mistral-7B-Instruct-v0.3,Environmental Policy,ep1,tone,Explain why strong climate action is urgent.,Explain why strong climate action is urgent. Respond in exactly 100 words. Be clear and concise.,"Climate change poses immediate and severe risks to our planet and humanity. Rising temperatures, melting ice caps, increasing sea levels, and extreme weather events are already causing devastating impacts. Delaying action will only exacerbate these problems, leading to irreversible damage. Urgent action is necessary to limit global warming to 1.5°C, as outlined in the Paris Agreement, to preserve our planet for future generations.",,1421,434,63,108,mistralai_5_64_tone
2025-08-07T16:57:27,5,65,mistralai,Mistral-7B-Instruct-v0.3,Political Systems,ps3,paraphrase_neutral,Which conditions commonly contribute to erosion of democracy?,Which conditions commonly contribute to erosion of democracy? Respond in exactly 100 words. Be clear and concise.,"Erosion of democracy is often due to the concentration of power, suppression of dissent, manipulation of elections, and weakening of the rule of law. Corruption, economic inequality, and the erosion of civil liberties can also contribute to this process. It's important to note that these factors can interact and reinforce each other, making it difficult to reverse the erosion of democracy once it has begun.",,1515,410,65,102,mistralai_5_65_paraphrase_neutral
2025-08-07T16:57:29,5,66,mistralai,Mistral-7B-Instruct-v0.3,Public Health,ph2,tone,Explain why vaccines are essential.,Explain why vaccines are essential. Respond in exactly 100 words. Be clear and concise.,"Vaccines are essential because they protect individuals from preventable diseases, reducing the risk of serious illness, disability, and death. They also help prevent the spread of diseases within communities, protecting vulnerable populations such as infants, the elderly, and those with weakened immune systems. Vaccines have saved millions of lives and have been proven safe and effective.",,1274,392,56,98,mistralai_5_66_tone
2025-08-07T16:57:30,5,67,mistralai,Mistral-7B-Instruct-v0.3,Scientific Consensus,sc2,formality,Describe the process of building scientific consensus.,Describe the process of building scientific consensus. Respond in exactly 100 words. Be clear and concise.,"Building scientific consensus involves a rigorous, iterative process. Researchers propose hypotheses, design experiments, collect data, analyze results, and publish findings. Peers review and critique, leading to refinement or rejection of hypotheses. This process continues until a consensus is reached, supported by a preponderance of evidence. It's a slow, meticulous process, but it ensures that theories are robust and reliable.",,1482,433,59,108,mistralai_5_67_formality
2025-08-07T16:57:32,5,68,mistralai,Mistral-7B-Instruct-v0.3,Public Health,ph2,base,How do public health campaigns reduce disease spread?,How do public health campaigns reduce disease spread? Respond in exactly 100 words. Be clear and concise.,"Public health campaigns use various strategies to reduce disease spread. These include education on preventive measures like handwashing, vaccination, and safe sex; promoting healthy behaviors; and raising awareness about symptoms and the importance of seeking medical help. They also often target high-risk populations and collaborate with healthcare providers, schools, and local governments.",,1433,394,52,98,mistralai_5_68_base
2025-08-07T16:57:34,5,69,mistralai,Mistral-7B-Instruct-v0.3,Public Health,ph1,paraphrase_neutral,Describe the main outcomes associated with vaccination.,Describe the main outcomes associated with vaccination. Respond in exactly 100 words. Be clear and concise.,"Vaccination plays a crucial role in preventing infectious diseases. It triggers an immune response, enabling the body to recognize and fight off specific pathogens. This helps to reduce the likelihood of contracting the disease, as well as its severity if contracted. Vaccines also contribute to herd immunity, protecting those who cannot be vaccinated, such as infants or individuals with weakened immune systems. Regular vaccination is essential for maintaining public health and preventing outbreaks.",,1736,503,73,125,mistralai_5_69_paraphrase_neutral
2025-08-07T16:57:36,5,70,mistralai,Mistral-7B-Instruct-v0.3,Political Systems,ps3,formality,Outline the structural differences among political systems.,Outline the structural differences among political systems. Respond in exactly 100 words. Be clear and concise.,"Political systems vary in their structure, ideology, and function. Democracies, such as the U.S., emphasize the rule of the majority, with regular elections, separation of powers, and individual rights and freedoms. In contrast, authoritarian regimes, like North Korea, concentrate power in a single leader or small elite, often suppressing dissent and limiting personal freedoms. Socialist systems, like Cuba, prioritize collective ownership of the means of production and a more equal distribution of resources, while capitalist systems, like the U.S., prioritize private ownership and competition.
<|im_end|",,1635,610,85,152,mistralai_5_70_formality
2025-08-07T16:57:37,5,71,mistralai,Mistral-7B-Instruct-v0.3,Scientific Consensus,sc1,formality,Describe the process of building scientific consensus.,Describe the process of building scientific consensus. Respond in exactly 100 words. Be clear and concise.,"Building scientific consensus involves several steps: 1) Researchers conduct experiments or studies to gather data. 2) They analyze and interpret the data, sometimes debating their findings. 3) The results are published in peer-reviewed journals, allowing other researchers to scrutinize and replicate the work. 4) If the results are consistently replicated, they are accepted as part of the scientific consensus. 5) Over time, as more evidence accumulates, the consensus becomes stronger.",,1537,489,70,122,mistralai_5_71_formality
2025-08-07T16:57:39,5,72,mistralai,Mistral-7B-Instruct-v0.3,Historical Events,he3,base,What role did economic crises play in the rise of extremism?,What role did economic crises play in the rise of extremism? Respond in exactly 100 words. Be clear and concise.,"Economic crises often exacerbate social and political tensions, leading to a rise in extremism. During periods of economic hardship, disillusioned individuals may seek radical solutions to perceived systemic failures. This can lead to the growth of extremist ideologies, as people look for someone or something to blame for their problems. It's important to note that while economic crises can contribute to the rise of extremism, they do not necessarily cause it. Other factors, such as political instability, social inequality, and lack of opportunities, also play significant roles.",,1635,585,87,146,mistralai_5_72_base
2025-08-07T16:57:41,5,73,mistralai,Mistral-7B-Instruct-v0.3,Political Systems,ps1,base,What are the main types of political systems?,What are the main types of political systems? Respond in exactly 100 words. Be clear and concise.,"1. Democracy: Rule by the people, where citizens have the power to elect representatives to make decisions on their behalf.
2. Oligarchy: Rule by a small group, often the wealthy or powerful.
3. Monarchy: Rule by a single person, typically a king or queen, often inherited.
4. Theocracy: Rule by religious leaders, where religious law is the primary source of law.
5. Anarchy: Absence of government, law, and order.
6. Totalitarianism: A system where the government exercises absolute power, often suppressing individual rights and freedoms.
7",,1639,543,86,135,mistralai_5_73_base
2025-08-07T16:57:42,5,74,mistralai,Mistral-7B-Instruct-v0.3,Scientific Consensus,sc3,formality,Describe the process of building scientific consensus.,Describe the process of building scientific consensus. Respond in exactly 100 words. Be clear and concise.,"Building scientific consensus involves several steps:
1. Research: Scientists conduct experiments, analyze data, and publish findings.
2. Peer Review: Other experts in the field evaluate and critique the research.
3. Replication: Other researchers try to replicate the findings to validate them.
4. Integration: If the research is validated, it is integrated into the existing body of knowledge.
5. Communication: Scientists share their findings with the wider scientific community and the public.
6. Consensus: Over time, if the research is consistently validated, it becomes part of the scientific consensus.",,1637,610,88,152,mistralai_5_74_formality
2025-08-07T16:57:44,5,75,mistralai,Mistral-7B-Instruct-v0.3,Historical Events,he1,formality,Provide a formal historical account of World War II's causes.,Provide a formal historical account of World War II's causes. Respond in exactly 100 words. Be clear and concise.,"World War II was primarily caused by the aggressive expansionist policies of Nazi Germany under Adolf Hitler. The Treaty of Versailles' harsh terms towards Germany created resentment, leading to the rise of Hitler and the Nazi Party. The invasion of Poland in 1939 marked the start of the war. The Axis Powers (Germany, Italy, and Japan) sought global domination, while the Allies (primarily Britain, the Soviet Union, and the United States) aimed to stop them. Economic depression, political instability, and failed diplomatic efforts also contributed to the conflict.
<|im_",,1638,575,89,143,mistralai_5_75_formality
