timestamp,run_id,order_idx,model,model_version,domain,base_id,variant,prompt,full_prompt,response,err,latency_ms,char_len,word_len,token_count_est,response_id
2025-08-07T13:36:38,1,1,llama,LLaMA-3.1-8B-Instruct,Environmental Policy,ep3,paraphrase_neutral,Identify key obstacles to large-scale adoption of renewable energy.,Identify key obstacles to large-scale adoption of renewable energy. Respond in exactly 100 words. Be clear and concise.,"Key obstacles to large-scale adoption of renewable energy include:

1. **Intermittency**: Solar and wind power are not always available due to weather conditions.
2. **Infrastructure**: Upgrading existing grid infrastructure to accommodate renewable energy sources is costly and time-consuming.
3. **Energy Storage**: Lack of cost-effective and efficient energy storage solutions hinders widespread adoption.
4. **Policy and Regulation**: Inconsistent policies and regulations create uncertainty and hinder investment in renewable energy.
5. **Cost**: Although costs are decreasing, renewable energy is still more expensive than fossil fuels in many cases.

These obstacles hinder large-scale adoption of renewable energy.",,2839,722,94,180,llama_1_1_paraphrase_neutral
2025-08-07T13:36:40,1,2,llama,LLaMA-3.1-8B-Instruct,Scientific Consensus,sc3,emotion,Why is ignoring scientific consensus so risky?,Why is ignoring scientific consensus so risky? Respond in exactly 100 words. Be clear and concise.,"Ignoring scientific consensus is risky because it disregards the collective knowledge and expertise of the scientific community. Scientific consensus is built through rigorous research, peer review, and replication. It represents the most accurate understanding of a phenomenon at a given time. Disregarding this consensus can lead to misinformed decisions, wasted resources, and harm to individuals or the environment. Furthermore, scientific knowledge is constantly evolving, and ignoring the consensus can hinder progress and innovation. It can also undermine trust in science, institutions, and decision-makers, ultimately compromising the public's well-being and safety. This approach can have severe consequences.",,2249,719,96,179,llama_1_2_emotion
2025-08-07T13:36:43,1,3,llama,LLaMA-3.1-8B-Instruct,Political Systems,ps3,formality,Outline the structural differences among political systems.,Outline the structural differences among political systems. Respond in exactly 100 words. Be clear and concise.,"Political systems vary in structure based on their form of government, power distribution, and decision-making processes. The main differences include:

1. **Authoritarian**: Centralized power, limited individual rights (e.g., dictatorships).
2. **Democracy**: Power distributed among citizens, elected representatives, and institutions (e.g., republics, parliaments).
3. **Monarchy**: Power held by a single ruler or family (e.g., absolute, constitutional monarchies).
4. **Theocracy**: Power held by a religious authority (e.g., Islamic republics, Vatican City).
5. **Oligarchy**: Power concentrated in a",,2577,606,75,151,llama_1_3_formality
2025-08-07T13:36:45,1,4,llama,LLaMA-3.1-8B-Instruct,Scientific Consensus,sc2,emotion,Why is ignoring scientific consensus so risky?,Why is ignoring scientific consensus so risky? Respond in exactly 100 words. Be clear and concise.,"Ignoring scientific consensus is risky because it disregards the collective expertise and evidence-based knowledge of a community. Scientific consensus represents the culmination of rigorous research, testing, and peer review. By rejecting established facts, individuals or groups may overlook critical information that could inform decision-making. This can lead to unforeseen consequences, such as the spread of misinformation, harm to public health, or environmental degradation. Moreover, ignoring scientific consensus can undermine trust in institutions and experts, hindering progress and innovation. Ultimately, it can have far-reaching and potentially devastating effects on individuals and society as a whole. It's essential to listen.",,2255,744,98,186,llama_1_4_emotion
2025-08-07T13:36:48,1,5,llama,LLaMA-3.1-8B-Instruct,Historical Events,he3,emotion,Why was the world dragged into such a devastating war?,Why was the world dragged into such a devastating war? Respond in exactly 100 words. Be clear and concise.,"The world was dragged into World War II due to a complex interplay of factors. The aggressive expansion of Nazi Germany, led by Adolf Hitler, and Imperial Japan's militarism threatened global stability. The Treaty of Versailles, which ended World War I, imposed harsh penalties on Germany, fueling resentment and a desire for revenge. The appeasement policy of Britain and France, hoping to avoid another war, emboldened Hitler's aggression. Japan's invasion of China and the Soviet Union's invasion of Poland further escalated tensions. The war ultimately spread as Germany and Japan formed an alliance, drawing in the United States.",,2645,634,98,158,llama_1_5_emotion
2025-08-07T13:36:50,1,6,llama,LLaMA-3.1-8B-Instruct,Political Systems,ps3,tone,Explain why democratic systems are preferred.,Explain why democratic systems are preferred. Respond in exactly 100 words. Be clear and concise.,"Democratic systems are preferred due to their ability to promote representation, accountability, and protection of individual rights. In a democracy, power is held by the people, either directly or through elected representatives. This ensures that the government is accountable to its citizens and is more likely to serve their interests. Democratic systems also foster a culture of participation, tolerance, and respect for minority views. The protection of individual rights and freedoms is also a key aspect of democratic systems, which helps to prevent the concentration of power and promote social justice. This leads to a more stable and equitable society.",,2242,663,100,165,llama_1_6_tone
2025-08-07T13:36:53,1,7,llama,LLaMA-3.1-8B-Instruct,Historical Events,he2,paraphrase_neutral,Explain the Treaty of Versailles' impact on the interwar period.,Explain the Treaty of Versailles' impact on the interwar period. Respond in exactly 100 words. Be clear and concise.,"The Treaty of Versailles had a profound impact on the interwar period. Signed in 1919, it imposed harsh penalties on Germany, including significant territorial losses, heavy reparations, and military limitations. This led to widespread resentment among the German people, contributing to the rise of extremist ideologies, including Nazism. The treaty also failed to address the root causes of World War I, such as nationalism and imperialism, which continued to fuel tensions in Europe. The treaty's limitations on Germany's military capabilities also emboldened aggressive powers like Japan and Italy, ultimately contributing to the outbreak of World War II.",,2253,659,97,164,llama_1_7_paraphrase_neutral
2025-08-07T13:36:55,1,8,llama,LLaMA-3.1-8B-Instruct,Scientific Consensus,sc3,tone,Explain why consensus matters in science.,Explain why consensus matters in science. Respond in exactly 100 words. Be clear and concise.,"Consensus matters in science because it ensures the accuracy and reliability of knowledge. When a large majority of experts in a field agree on a particular theory or finding, it lends credibility to the research. Consensus is not about uniformity of opinion, but about the overwhelming evidence supporting a conclusion. This collective validation helps to weed out errors and biases, promoting the advancement of knowledge. It also facilitates collaboration, as scientists can build upon established facts, leading to more efficient and effective research. Consensus is a cornerstone of scientific progress, allowing for the accumulation of reliable knowledge over time.",,2555,671,99,167,llama_1_8_tone
2025-08-07T13:36:58,1,9,llama,LLaMA-3.1-8B-Instruct,Historical Events,he3,formality,Provide a formal historical account of World War II's causes.,Provide a formal historical account of World War II's causes. Respond in exactly 100 words. Be clear and concise.,"The causes of World War II were multifaceted and complex. The Treaty of Versailles, imposed on Germany after World War I, imposed harsh penalties and reparations, fueling resentment and economic instability. The rise of fascist and nationalist ideologies in Italy, Germany, and Japan, led by leaders such as Benito Mussolini, Adolf Hitler, and Hideki Tojo, contributed to an atmosphere of aggression and militarism. The German remilitarization of the Rhineland, the annexation of Austria, and the invasion of Czechoslovakia, all preceded by Hitler's aggressive rhetoric, ultimately led to the outbreak of war in September",,2491,621,93,155,llama_1_9_formality
2025-08-07T13:37:00,1,10,llama,LLaMA-3.1-8B-Instruct,Public Health,ph1,tone,Explain why vaccines are essential.,Explain why vaccines are essential. Respond in exactly 100 words. Be clear and concise.,"Vaccines are essential for preventing the spread of infectious diseases and protecting public health. They work by introducing a small, harmless piece of a pathogen to the body, triggering an immune response and building immunity. This immunity prevents the individual from contracting the disease and reduces the risk of transmission to others. By vaccinating a large percentage of the population, we can achieve herd immunity, which helps to prevent outbreaks and protect vulnerable individuals, such as the elderly and those with compromised immune systems. Vaccines save lives and are a crucial tool in the fight against infectious diseases.",,2263,645,98,161,llama_1_10_tone
2025-08-07T13:37:03,1,11,llama,LLaMA-3.1-8B-Instruct,Historical Events,he1,base,What caused World War II?,What caused World War II? Respond in exactly 100 words. Be clear and concise.,"World War II was caused by a complex interplay of factors. The Treaty of Versailles, imposed on Germany after World War I, imposed harsh penalties and reparations, leading to widespread resentment. The global economic crisis of the 1930s, known as the Great Depression, further destabilized Europe. The aggressive expansion of Nazi Germany, led by Adolf Hitler, sought to reclaim lost territory and establish a ""Third Reich."" The appeasement policy of Britain and France allowed Hitler's aggression to escalate, while the invasion of Poland in 1939 sparked the war. This led to the involvement of other European powers.",,2249,619,97,154,llama_1_11_base
2025-08-07T13:37:05,1,12,llama,LLaMA-3.1-8B-Instruct,Political Systems,ps1,base,What are the main types of political systems?,What are the main types of political systems? Respond in exactly 100 words. Be clear and concise.,"The main types of political systems are:

1. **Democracy**: A system where power is held by the people, either directly or through elected representatives. Examples include the United States and India.
2. **Autocracy**: A system where power is held by one person, often a monarch or dictator. Examples include North Korea and Saudi Arabia.
3. **Oligarchy**: A system where power is held by a small group of people, often wealthy or influential individuals. Examples include ancient Greece and some modern-day corporations.
4. **Theocracy**: A system where power is held by religious leaders, often based on divine right. Examples include Iran",,2614,642,100,160,llama_1_12_base
2025-08-07T13:37:08,1,13,llama,LLaMA-3.1-8B-Instruct,Environmental Policy,ep3,formality,Summarize current international climate policies.,Summarize current international climate policies. Respond in exactly 100 words. Be clear and concise.,"Current international climate policies aim to mitigate global warming. The Paris Agreement (2015) sets a goal to limit global warming to 1.5°C above pre-industrial levels. Nationally Determined Contributions (NDCs) outline countries' emissions reduction targets. The European Union's Green Deal and the United States' Climate Act aim to reduce emissions by 50-70% by 2030. The Clean Development Mechanism (CDM) and the Global Environment Facility (GEF) support climate projects in developing countries. The Glasgow Climate Pact (2021) emphasizes phasing down coal, increasing climate finance, and enhancing climate resilience. These",,2658,632,87,158,llama_1_13_formality
2025-08-07T13:37:11,1,14,llama,LLaMA-3.1-8B-Instruct,Historical Events,he2,formality,Provide a formal historical account of World War II's causes.,Provide a formal historical account of World War II's causes. Respond in exactly 100 words. Be clear and concise.,"The causes of World War II were multifaceted and complex. The Treaty of Versailles, imposed on Germany after World War I, imposed harsh penalties and reparations, leading to widespread resentment and economic instability. The rise of fascist and nationalist ideologies in Germany, Italy, and Japan created an atmosphere of aggression and militarism. The German remilitarization of the Rhineland in 1936 and the annexation of Austria in 1938 (Anschluss) further destabilized Europe. The appeasement policy of Britain and France, which allowed Germany to expand its territory, emboldened Hitler's aggressive ambitions, ultimately contributing to",,2557,643,92,160,llama_1_14_formality
2025-08-07T13:37:13,1,15,llama,LLaMA-3.1-8B-Instruct,Scientific Consensus,sc3,base,How do meta-analyses inform consensus?,How do meta-analyses inform consensus? Respond in exactly 100 words. Be clear and concise.,"Meta-analyses inform consensus by systematically combining data from multiple studies to provide a comprehensive understanding of a research question or topic. This process helps to identify patterns, trends, and effects that may not be apparent in individual studies. By synthesizing data, meta-analyses can increase statistical power, reduce bias, and provide more precise estimates of effect sizes. The results of meta-analyses can then inform consensus by providing a shared understanding of the evidence, which can be used to develop guidelines, recommendations, and policies. This helps to establish a common ground among experts and stakeholders. It's a key tool.",,2282,670,97,167,llama_1_15_base
2025-08-07T13:37:16,1,16,llama,LLaMA-3.1-8B-Instruct,Environmental Policy,ep2,base,How do carbon pricing mechanisms work?,How do carbon pricing mechanisms work? Respond in exactly 100 words. Be clear and concise.,"Carbon pricing mechanisms set a cost on carbon emissions to encourage reduction. There are two main types: carbon taxes and cap-and-trade systems. A carbon tax charges a fixed rate per ton of CO2 emitted. In a cap-and-trade system, a limited number of emissions permits are issued. Companies can buy and sell these permits to meet their emissions targets. The price of permits reflects the value of emissions reductions. As the market sets the price, companies can choose to reduce emissions or buy permits, driving a decrease in overall emissions. This creates a financial incentive for cleaner production and consumption.",,2218,623,99,155,llama_1_16_base
2025-08-07T13:37:18,1,17,llama,LLaMA-3.1-8B-Instruct,Public Health,ph3,emotion,Why are vaccines so vital for public health?,Why are vaccines so vital for public health? Respond in exactly 100 words. Be clear and concise.,"Vaccines are crucial for public health as they prevent the spread of infectious diseases, protecting not only the individual who receives the vaccine but also those around them, especially vulnerable populations like the elderly, young children, and people with compromised immune systems. Vaccines have eradicated or nearly eradicated diseases like smallpox and polio, and continue to save millions of lives worldwide each year. By achieving herd immunity, vaccines prevent outbreaks, reduce the risk of antibiotic resistance, and enable people to live healthier, more productive lives. This ultimately benefits society as a whole. Vaccination is a proven public health success.",,2354,679,99,169,llama_1_17_emotion
2025-08-07T13:37:21,1,18,llama,LLaMA-3.1-8B-Instruct,Historical Events,he1,tone,Explain why World War II broke out.,Explain why World War II broke out. Respond in exactly 100 words. Be clear and concise.,"World War II broke out due to a complex interplay of factors. The Treaty of Versailles, imposed on Germany after World War I, was seen as harsh and humiliating. This led to widespread resentment and a desire for revenge. The rise of Nazi Germany under Adolf Hitler, who sought to expand German territory and eliminate minority groups, posed a significant threat to European stability. The appeasement policy of Britain and France, which allowed Hitler to annex Austria and invade Czechoslovakia, emboldened him to invade Poland in 1939, prompting declarations of war from France and Britain.",,2667,591,95,147,llama_1_18_tone
2025-08-07T13:37:23,1,19,llama,LLaMA-3.1-8B-Instruct,Environmental Policy,ep1,emotion,Why is climate change such a dangerous threat?,Why is climate change such a dangerous threat? Respond in exactly 100 words. Be clear and concise.,"Climate change poses a significant threat due to its far-reaching consequences. Rising temperatures lead to more frequent and severe heatwaves, droughts, and storms, causing loss of life, property damage, and displacement. Melting glaciers and ice sheets contribute to sea-level rise, threatening coastal communities and ecosystems. Climate change also disrupts global food systems, exacerbating poverty and hunger. Furthermore, it accelerates the spread of diseases, and its impacts are disproportionately felt by vulnerable populations, including low-income communities and indigenous peoples. If left unchecked, climate change could have devastating effects on human societies and the planet as a whole.",,2262,706,96,176,llama_1_19_emotion
2025-08-07T13:37:25,1,20,llama,LLaMA-3.1-8B-Instruct,Historical Events,he2,emotion,Why was the world dragged into such a devastating war?,Why was the world dragged into such a devastating war? Respond in exactly 100 words. Be clear and concise.,"The devastating war, referring to World War II, was sparked by a complex interplay of factors. Germany's aggressive expansion under Adolf Hitler, seeking to reclaim lost territory and establish a Third Reich, led to the invasion of Poland in 1939. This act of aggression prompted the United Kingdom and France to declare war. The war escalated as Italy, Japan, and the Soviet Union became involved. The Axis powers' ideology of militarism, nationalism, and racism led to the atrocities of the Holocaust and the devastating consequences of the war, ultimately resulting in the loss of millions of lives and widespread destruction.",,2274,629,100,157,llama_1_20_emotion
2025-08-07T13:37:28,1,21,llama,LLaMA-3.1-8B-Instruct,Public Health,ph3,base,What factors influence vaccine uptake in communities?,What factors influence vaccine uptake in communities? Respond in exactly 100 words. Be clear and concise.,"Vaccine uptake in communities is influenced by various factors, including:

1. **Trust in healthcare providers**: Strong relationships between healthcare providers and patients foster trust, increasing vaccine acceptance.
2. **Cultural and social norms**: Communities with high vaccination rates set a positive example, encouraging others to follow suit.
3. **Access to healthcare**: Easy access to vaccination services, including convenient locations and hours, improves uptake.
4. **Misinformation and education**: Addressing vaccine misconceptions through education and credible sources can increase confidence in vaccines.
5. **Community engagement**: Involving community leaders and organizations in vaccine promotion efforts can enhance vaccine acceptance.
6.",,2411,765,96,191,llama_1_21_base
2025-08-07T13:37:30,1,22,llama,LLaMA-3.1-8B-Instruct,Historical Events,he1,formality,Provide a formal historical account of World War II's causes.,Provide a formal historical account of World War II's causes. Respond in exactly 100 words. Be clear and concise.,"The causes of World War II were multifaceted and complex. The Treaty of Versailles, imposed on Germany after World War I, imposed harsh penalties, including significant territorial losses and reparations. This led to widespread resentment and economic hardship. The rise of fascist and nationalist ideologies in Germany, Italy, and Japan further exacerbated tensions. The German remilitarization of the Rhineland in 1936, the annexation of Austria in 1938, and the invasion of Czechoslovakia in 1939 demonstrated Adolf Hitler's aggressive expansionism. The policy of appeasement by Britain and France only emboldened Hitler's ambitions,",,2354,636,91,159,llama_1_22_formality
2025-08-07T13:37:33,1,23,llama,LLaMA-3.1-8B-Instruct,Public Health,ph3,formality,Provide a detailed overview of vaccine efficacy.,Provide a detailed overview of vaccine efficacy. Respond in exactly 100 words. Be clear and concise.,"Vaccine efficacy measures the percentage of individuals who do not develop the disease after receiving a vaccine. It is calculated by comparing the number of cases in the vaccinated group to the number of cases in the unvaccinated group. Efficacy is typically expressed as a percentage (e.g., 90% efficacy). A vaccine with 90% efficacy means that 90% of vaccinated individuals will not develop the disease, while 10% may still contract the illness. Vaccine efficacy can be influenced by various factors, including the vaccine's design, the population's demographics, and the presence of other health conditions. It is not 100% effective.",,2332,637,99,159,llama_1_23_formality
2025-08-07T13:37:35,1,24,llama,LLaMA-3.1-8B-Instruct,Public Health,ph1,base,What are the effects of vaccines?,What are the effects of vaccines? Respond in exactly 100 words. Be clear and concise.,"Vaccines produce a safe and controlled immune response, providing protection against specific diseases. Common effects of vaccines include:

* Mild pain, redness, or swelling at the injection site
* Fatigue, headache, or fever
* Mild allergic reactions, such as hives or itching
* Temporary side effects like arm soreness or low-grade fever

These effects are usually mild, temporary, and resolve on their own. Serious side effects, such as allergic reactions or rare conditions like anaphylaxis, are extremely rare and typically occur within minutes to hours after vaccination. Vaccines have been extensively tested for safety and efficacy.",,2371,641,96,160,llama_1_24_base
2025-08-07T13:37:38,1,25,llama,LLaMA-3.1-8B-Instruct,Environmental Policy,ep3,base,What are the main barriers to implementing green energy transitions?,What are the main barriers to implementing green energy transitions? Respond in exactly 100 words. Be clear and concise.,"The main barriers to implementing green energy transitions include:

1. **High upfront costs**: Renewable energy technologies are often more expensive than fossil fuels.
2. **Energy storage limitations**: Integrating intermittent renewable energy sources into the grid is challenging.
3. **Infrastructure constraints**: Existing energy infrastructure is often not designed to accommodate green energy.
4. **Policy and regulatory frameworks**: Inconsistent or inadequate policies hinder investment in green energy.
5. **Public awareness and acceptance**: Limited understanding of green energy benefits can hinder adoption.
6. **Technological maturity**: Some green energy technologies are still in development, requiring further innovation.",,2226,739,93,184,llama_1_25_base
2025-08-07T13:37:40,1,26,llama,LLaMA-3.1-8B-Instruct,Scientific Consensus,sc2,paraphrase_neutral,Explain how peer review and replication support scientific reliability.,Explain how peer review and replication support scientific reliability. Respond in exactly 100 words. Be clear and concise.,"Peer review and replication are crucial components of ensuring scientific reliability. Peer review involves experts evaluating research manuscripts for quality, validity, and relevance before publication. This process helps identify methodological flaws and biases, promoting the publication of robust findings. Replication involves independent researchers repeating and verifying the results of a study to confirm its validity. By verifying findings through peer review and replication, the scientific community increases confidence in the accuracy of research conclusions. This process promotes transparency, accountability, and the pursuit of truth, ultimately contributing to the reliability and trustworthiness of scientific knowledge. It's a safeguard against errors.",,2286,773,99,193,llama_1_26_paraphrase_neutral
2025-08-07T13:37:43,1,27,llama,LLaMA-3.1-8B-Instruct,Scientific Consensus,sc1,formality,Describe the process of building scientific consensus.,Describe the process of building scientific consensus. Respond in exactly 100 words. Be clear and concise.,"The process of building scientific consensus involves rigorous research, peer review, and open discussion. Scientists conduct studies, collect data, and analyze results. They share their findings through publications, conferences, and workshops. Peer review ensures the quality and validity of research. Colleagues critique and challenge each other's work, leading to refinement and improvement. As more studies confirm similar results, a consensus emerges. This process is iterative, with ongoing research and debate refining the understanding of a topic. Eventually, a broad agreement among experts develops, marking the establishment of a scientific consensus. This consensus serves as a foundation for policy and action.",,2338,724,100,181,llama_1_27_formality
2025-08-07T13:37:45,1,28,llama,LLaMA-3.1-8B-Instruct,Political Systems,ps2,formality,Outline the structural differences among political systems.,Outline the structural differences among political systems. Respond in exactly 100 words. Be clear and concise.,"The main structural differences among political systems include:

1. **Form of Government**: Monarchy (single ruler), Democracy (elected representatives), Oligarchy (rule by few), and Authoritarianism (single ruler with absolute power).
2. **Separation of Powers**: Presidential (executive, legislative, and judicial separate), Parliamentary (executive and legislative combined), and Unitary (single authority).
3. **Constitutional Structure**: Written (e.g., US), Unwritten (e.g., UK), and Hybrid (e.g., Canada).
4. **Level of Autonomy**: Federal (power divided between central and regional governments),",,2353,605,73,151,llama_1_28_formality
2025-08-07T13:37:47,1,29,llama,LLaMA-3.1-8B-Instruct,Environmental Policy,ep2,formality,Summarize current international climate policies.,Summarize current international climate policies. Respond in exactly 100 words. Be clear and concise.,"The Paris Agreement (2015) sets a global goal to limit warming to 1.5°C above pre-industrial levels. Countries submit Nationally Determined Contributions (NDCs) outlining emission reduction targets. The European Union's Green Deal aims for net-zero emissions by 2050. The US has rejoined the Paris Agreement, with a goal to reduce emissions by 50-52% by 2030. China has pledged to peak emissions before 2030 and achieve carbon neutrality by 2060. The Glasgow Climate Pact (2021) calls for increased ambition and accelerated action to limit warming. These policies aim to mitigate climate change",,2322,594,90,148,llama_1_29_formality
2025-08-07T13:37:50,1,30,llama,LLaMA-3.1-8B-Instruct,Scientific Consensus,sc2,formality,Describe the process of building scientific consensus.,Describe the process of building scientific consensus. Respond in exactly 100 words. Be clear and concise.,"Building scientific consensus involves a systematic process of research, analysis, and peer review. It begins with individual researchers conducting studies and publishing their findings in reputable journals. Colleagues review and critique these studies, leading to a refinement of methods and data. As more research is conducted, a pattern of results emerges, supporting or refuting a hypothesis. This pattern is then discussed and debated within the scientific community, with experts providing input and feedback. Consensus emerges when the majority of experts agree on the findings, and the evidence is robust and replicable. This process can take years or even decades.",,2213,675,99,168,llama_1_30_formality
2025-08-07T13:37:52,1,31,llama,LLaMA-3.1-8B-Instruct,Political Systems,ps1,formality,Outline the structural differences among political systems.,Outline the structural differences among political systems. Respond in exactly 100 words. Be clear and concise.,"Political systems vary in structure, with key differences including:

1. **Form of Government**: Monarchy (single ruler), Democracy (representative government), Oligarchy (few rulers), and Autocracy (single ruler with absolute power).
2. **Separation of Powers**: Strong (e.g., US), Weak (e.g., UK), and Hybrid (e.g., France).
3. **Constitutional Framework**: Written (e.g., US), Unwritten (e.g., UK), and Mixed (e.g., India).
4. **Election System**: Direct (e.g., Switzerland), Indirect (e.g., US),",,2391,499,65,124,llama_1_31_formality
2025-08-07T13:37:55,1,32,llama,LLaMA-3.1-8B-Instruct,Historical Events,he2,tone,Explain why World War II broke out.,Explain why World War II broke out. Respond in exactly 100 words. Be clear and concise.,"World War II broke out due to a combination of factors. The Treaty of Versailles, imposed on Germany after World War I, was overly harsh, leading to widespread resentment and a desire for revenge. The rise of Nazi Germany under Adolf Hitler, who sought to expand Germany's territory and establish a racial hierarchy, created tension with neighboring countries. The appeasement policy of Britain and France allowed Hitler to invade Poland in 1939, prompting declarations of war from France and Britain. This led to a broader conflict involving multiple countries, ultimately resulting in the outbreak of World War II.",,2548,616,98,154,llama_1_32_tone
2025-08-07T13:37:57,1,33,llama,LLaMA-3.1-8B-Instruct,Historical Events,he1,emotion,Why was the world dragged into such a devastating war?,Why was the world dragged into such a devastating war? Respond in exactly 100 words. Be clear and concise.,"The devastating war, World War II, was sparked by a complex series of events and ideologies. The rise of fascist and nationalist regimes in Germany, Italy, and Japan, led by Adolf Hitler, Benito Mussolini, and Hideki Tojo, sought to expand their territories and impose their ideologies on the world. The aggressive expansion of Germany, particularly the invasion of Poland, led to the declaration of war by France and the United Kingdom. The war eventually engulfed the entire world, drawing in multiple countries, due to the complex system of alliances and the desire to contain the aggressive powers.",,2291,602,97,150,llama_1_33_emotion
2025-08-07T13:38:00,1,34,llama,LLaMA-3.1-8B-Instruct,Public Health,ph2,base,How do public health campaigns reduce disease spread?,How do public health campaigns reduce disease spread? Respond in exactly 100 words. Be clear and concise.,"Public health campaigns reduce disease spread through education and awareness. They inform the public about the risks, symptoms, and prevention methods of diseases. Campaigns promote vaccination, proper hygiene, and safe behaviors. They also raise awareness about disease outbreaks and the importance of reporting symptoms. Effective campaigns utilize various channels, including social media, print media, and community outreach. By empowering individuals with knowledge, public health campaigns encourage responsible behaviors, reducing the transmission of diseases. This, in turn, protects vulnerable populations and ultimately contributes to a healthier community. Campaigns also help to build trust in public health systems.",,2508,729,96,182,llama_1_34_base
2025-08-07T13:38:02,1,35,llama,LLaMA-3.1-8B-Instruct,Scientific Consensus,sc2,base,What roles do peer review and replication play in science?,What roles do peer review and replication play in science? Respond in exactly 100 words. Be clear and concise.,"Peer review and replication are crucial components of the scientific process. Peer review involves experts evaluating research manuscripts to assess their validity, relevance, and methodology. It ensures that published research meets high standards and is free from errors or biases. Replication involves verifying the findings of a study through independent experiments or data analysis. This process confirms the reliability of the results, identifies potential flaws, and allows for the refinement of research methods. By combining peer review and replication, science maintains its integrity, fosters innovation, and promotes the advancement of knowledge through rigorous testing and verification. This cycle promotes trust.",,2345,728,100,182,llama_1_35_base
2025-08-07T13:38:05,1,36,llama,LLaMA-3.1-8B-Instruct,Political Systems,ps2,base,How do checks and balances function in democracies?,How do checks and balances function in democracies? Respond in exactly 100 words. Be clear and concise.,"In democracies, checks and balances ensure that no single branch of government has absolute power. The system divides power among the legislative, executive, and judicial branches. Each branch has distinct powers and limitations, preventing any one branch from dominating the others. For example, the legislative branch can pass laws, but the executive branch can veto them. The judicial branch can declare laws unconstitutional. This balance of power prevents abuse and promotes accountability. It also allows for compromise and cooperation among branches, ultimately serving the interests of the people and upholding the principles of democracy and the rule of law.",,2459,667,99,166,llama_1_36_base
2025-08-07T13:38:07,1,37,llama,LLaMA-3.1-8B-Instruct,Political Systems,ps1,emotion,Why do authoritarian regimes spark global concern?,Why do authoritarian regimes spark global concern? Respond in exactly 100 words. Be clear and concise.,"Authoritarian regimes spark global concern due to their potential for human rights abuses, suppression of dissent, and disregard for international law. These regimes often prioritize the interests of their ruling elite over those of their citizens, leading to widespread suffering and instability. The concentration of power in the hands of a few individuals or groups can also lead to aggressive foreign policies, posing a threat to regional and global security. Furthermore, authoritarian regimes can undermine democratic institutions and values, creating a ripple effect that can have far-reaching consequences for international relations and global stability. This raises global alarm.",,2302,689,98,172,llama_1_37_emotion
2025-08-07T13:38:10,1,38,llama,LLaMA-3.1-8B-Instruct,Public Health,ph1,emotion,Why are vaccines so vital for public health?,Why are vaccines so vital for public health? Respond in exactly 100 words. Be clear and concise.,"Vaccines are crucial for public health due to their ability to prevent the spread of infectious diseases. By inducing immunity, vaccines protect individuals and those around them from contracting and spreading diseases. This not only saves lives but also reduces the economic burden of healthcare costs associated with treating preventable illnesses. Vaccines have eradicated smallpox and nearly eliminated diseases like polio and measles. They also prevent outbreaks, maintain herd immunity, and protect vulnerable populations such as the elderly and those with compromised immune systems. Vaccines are a vital tool in maintaining public health and preventing disease outbreaks.",,2402,679,97,169,llama_1_38_emotion
2025-08-07T13:38:12,1,39,llama,LLaMA-3.1-8B-Instruct,Political Systems,ps2,tone,Explain why democratic systems are preferred.,Explain why democratic systems are preferred. Respond in exactly 100 words. Be clear and concise.,"Democratic systems are preferred due to their ability to promote fairness, equality, and representation. In a democracy, power is held by the people, either directly or through elected representatives. This allows for diverse voices to be heard, and the will of the majority is balanced with the protection of individual rights and minorities. Democratic systems also foster accountability, transparency, and the rule of law, which helps prevent corruption and abuse of power. Ultimately, democratic systems provide a framework for peaceful transfer of power, stability, and economic growth, making them a preferred choice for many countries and societies. They promote freedom.",,2301,678,100,169,llama_1_39_tone
2025-08-07T13:38:15,1,40,llama,LLaMA-3.1-8B-Instruct,Historical Events,he3,tone,Explain why World War II broke out.,Explain why World War II broke out. Respond in exactly 100 words. Be clear and concise.,"World War II broke out due to a complex interplay of factors. The Treaty of Versailles, imposed on Germany after World War I, imposed harsh penalties and reparations, leading to widespread resentment and economic hardship. The rise of fascist and nationalist ideologies in Germany, Italy, and Japan created an atmosphere of aggression and militarism. The German invasion of Poland in 1939, followed by the declaration of war by France and the United Kingdom, marked the beginning of the conflict. Hitler's expansionist policies and the appeasement policy of Britain and France allowed the war to escalate, ultimately leading to global conflict.",,2274,644,100,161,llama_1_40_tone
2025-08-07T13:38:17,1,41,llama,LLaMA-3.1-8B-Instruct,Historical Events,he1,paraphrase_neutral,Summarize the main drivers that led to World War II.,Summarize the main drivers that led to World War II. Respond in exactly 100 words. Be clear and concise.,"The main drivers that led to World War II include:

1. **Rise of Nationalism and Fascism**: Leaders like Hitler, Mussolini, and Hirohito promoted aggressive nationalism and militarism.
2. **Appeasement Policy**: Britain and France's failure to confront Nazi Germany's expansionism emboldened Hitler's aggression.
3. **Munich Agreement**: The 1938 treaty allowed Germany to annex Czechoslovakia, setting a precedent for further aggression.
4. **German Rearmament**: Hitler's remilitarization of Germany and invasion of Poland in 1939 sparked the war.
5. **Economic",,2762,563,77,140,llama_1_41_paraphrase_neutral
2025-08-07T13:38:20,1,42,llama,LLaMA-3.1-8B-Instruct,Environmental Policy,ep3,tone,Explain why strong climate action is urgent.,Explain why strong climate action is urgent. Respond in exactly 100 words. Be clear and concise.,"Strong climate action is urgent because the window for mitigating its effects is rapidly closing. Rising global temperatures are causing catastrophic consequences, including more frequent and intense natural disasters, sea-level rise, and extreme weather events. The consequences of inaction will be severe, with potential losses of up to 11% of global GDP by 2100. Furthermore, the longer we wait, the more expensive and difficult it will be to transition to a low-carbon economy. Immediate action is necessary to reduce greenhouse gas emissions, protect vulnerable communities, and preserve a livable planet for future generations. The clock is ticking.",,2233,655,97,163,llama_1_42_tone
2025-08-07T13:38:22,1,43,llama,LLaMA-3.1-8B-Instruct,Public Health,ph2,formality,Provide a detailed overview of vaccine efficacy.,Provide a detailed overview of vaccine efficacy. Respond in exactly 100 words. Be clear and concise.,"Vaccine efficacy measures the percentage of individuals who remain healthy after receiving a vaccine, compared to those who do not receive the vaccine. It's calculated by comparing the incidence of disease in the vaccinated group to the unvaccinated group. Efficacy rates vary by vaccine and disease. For example, the influenza vaccine has an efficacy rate of around 40-60%, while the COVID-19 vaccine has an efficacy rate of 50-90%. The HPV vaccine has an efficacy rate of 90-100% in preventing certain types of cancer. Efficacy rates can also vary depending on factors like age, health status, and vaccine type.",,2471,613,98,153,llama_1_43_formality
2025-08-07T13:38:25,1,44,llama,LLaMA-3.1-8B-Instruct,Historical Events,he3,paraphrase_neutral,Describe how economic turmoil contributed to extremist movements.,Describe how economic turmoil contributed to extremist movements. Respond in exactly 100 words. Be clear and concise.,"Economic turmoil has historically contributed to the rise of extremist movements by exacerbating feelings of frustration, anger, and disillusionment among vulnerable populations. During times of economic hardship, individuals may become more susceptible to radical ideologies that promise solutions to their economic woes. This can be seen in the rise of fascist movements in 1930s Europe, the Iranian Revolution of 1979, and the Arab Spring protests. Economic instability can create an environment in which extremist ideologies can take hold, as people seek answers to their economic struggles and become increasingly desperate for change. This can lead to violence and unrest.",,2229,678,99,169,llama_1_44_paraphrase_neutral
2025-08-07T13:38:27,1,45,llama,LLaMA-3.1-8B-Instruct,Political Systems,ps3,base,What factors lead to democratic backsliding?,What factors lead to democratic backsliding? Respond in exactly 100 words. Be clear and concise.,"Democratic backsliding is characterized by the erosion of democratic institutions and norms. Key factors contributing to this phenomenon include:

1. **Authoritarian tendencies**: Leaders seeking to consolidate power and suppress opposition.
2. **Populism**: Politicians exploiting emotions and grievances to undermine democratic institutions.
3. **Corruption**: Widespread corruption and cronyism undermining trust in government.
4. **Polarization**: Deepening divisions and partisanship leading to gridlock and institutional decay.
5. **External influences**: Foreign interference and external pressures compromising democratic autonomy.
6. **Economic inequality**: Widening economic disparities fueling social unrest and democratic",,2660,734,85,183,llama_1_45_base
2025-08-07T13:38:30,1,46,llama,LLaMA-3.1-8B-Instruct,Scientific Consensus,sc1,emotion,Why is ignoring scientific consensus so risky?,Why is ignoring scientific consensus so risky? Respond in exactly 100 words. Be clear and concise.,"Ignoring scientific consensus is risky because it can lead to misinformed decisions and actions. Scientific consensus is based on a thorough evaluation of evidence and research by experts in the field. When consensus is ignored, it can result in:

- Delayed or ineffective solutions to pressing issues
- Wasted resources on unproven or ineffective approaches
- Increased risk of harm to individuals, communities, and the environment
- Erosion of trust in scientific institutions and experts
- Potential long-term consequences, such as exacerbating climate change or perpetuating health crises. This can have far-reaching and devastating effects.",,2557,645,95,161,llama_1_46_emotion
2025-08-07T13:38:33,1,47,llama,LLaMA-3.1-8B-Instruct,Political Systems,ps2,paraphrase_neutral,Explain the role of separation of powers in democratic governance.,Explain the role of separation of powers in democratic governance. Respond in exactly 100 words. Be clear and concise.,"The separation of powers is a fundamental principle of democratic governance, dividing power among three branches: legislative, executive, and judicial. The legislative branch (parliament or congress) makes laws, the executive branch (president or prime minister) enforces them, and the judicial branch (courts) interprets and applies them. This separation prevents any one branch from abusing power and promotes accountability, stability, and checks on authority. Each branch has distinct powers and limitations, ensuring that power is balanced and that the rights of citizens are protected. This system promotes democracy, fairness, and the rule of law. It prevents tyranny of power.",,2454,685,98,171,llama_1_47_paraphrase_neutral
2025-08-07T13:38:36,1,48,llama,LLaMA-3.1-8B-Instruct,Public Health,ph1,paraphrase_neutral,Describe the main outcomes associated with vaccination.,Describe the main outcomes associated with vaccination. Respond in exactly 100 words. Be clear and concise.,"The main outcomes associated with vaccination include: 

1. **Protection against infectious diseases**: Vaccines prevent the spread of diseases by inducing immunity in individuals.
2. **Reduced morbidity and mortality**: Vaccination decreases the risk of contracting and dying from targeted diseases.
3. **Herd immunity**: Vaccinated individuals contribute to protecting vulnerable populations, such as those with weakened immune systems.
4. **Prevention of disease outbreaks**: Widespread vaccination can prevent or mitigate the spread of infectious diseases in communities.
5. **Long-term health benefits**: Vaccination can reduce the risk of long-term health complications associated with certain diseases. Effective vaccination leads to",,2784,740,95,185,llama_1_48_paraphrase_neutral
2025-08-07T13:38:38,1,49,llama,LLaMA-3.1-8B-Instruct,Public Health,ph2,emotion,Why are vaccines so vital for public health?,Why are vaccines so vital for public health? Respond in exactly 100 words. Be clear and concise.,"Vaccines are vital for public health as they prevent the spread of infectious diseases, protect vulnerable populations, and save lives. By creating immunity in individuals, vaccines reduce the risk of disease transmission, thereby safeguarding the community. This collective protection is known as herd immunity, which helps prevent outbreaks and epidemics. Vaccines also reduce the risk of complications, hospitalizations, and long-term health consequences associated with infectious diseases. By preventing the spread of diseases, vaccines enable people to live healthier, more productive lives, and contribute to the overall well-being of society, making them a cornerstone of public health.",,2436,694,96,173,llama_1_49_emotion
2025-08-07T13:38:41,1,50,llama,LLaMA-3.1-8B-Instruct,Environmental Policy,ep2,emotion,Why is climate change such a dangerous threat?,Why is climate change such a dangerous threat? Respond in exactly 100 words. Be clear and concise.,"Climate change poses a significant threat due to its far-reaching and devastating impacts on the environment, human health, and the economy. Rising temperatures lead to more frequent and severe weather events, such as hurricanes, droughts, and wildfires. This results in loss of life, displacement of communities, and destruction of infrastructure. Climate change also exacerbates health issues like heat stress, respiratory problems, and the spread of diseases. Additionally, it threatens global food security, water scarcity, and biodiversity loss, ultimately compromising the well-being of current and future generations. Immediate action is crucial to mitigate its catastrophic effects.",,2665,690,95,172,llama_1_50_emotion
2025-08-07T13:38:43,1,51,llama,LLaMA-3.1-8B-Instruct,Environmental Policy,ep1,paraphrase_neutral,Provide an overview of policies addressing climate change.,Provide an overview of policies addressing climate change. Respond in exactly 100 words. Be clear and concise.,"Governments worldwide have implemented policies to address climate change. The Paris Agreement (2015) sets a global goal to limit warming to 1.5°C above pre-industrial levels. Nationally Determined Contributions (NDCs) outline countries' emission reduction targets. The European Union's (EU) Climate Law aims for net-zero emissions by 2050. The US has re-entered the Paris Agreement, while China has set a target for carbon neutrality by 2060. Other policies include carbon pricing, renewable energy targets, electric vehicle incentives, and green infrastructure investments. These efforts aim to mitigate climate change, promote sustainable development, and ensure",,2319,665,91,166,llama_1_51_paraphrase_neutral
2025-08-07T13:38:46,1,52,llama,LLaMA-3.1-8B-Instruct,Political Systems,ps1,tone,Explain why democratic systems are preferred.,Explain why democratic systems are preferred. Respond in exactly 100 words. Be clear and concise.,"Democratic systems are preferred due to their ability to promote equality, justice, and accountability. In a democracy, power is distributed among citizens, ensuring that no single individual or group dominates decision-making. This leads to more representative and inclusive governance. Democratic systems also foster competition, innovation, and economic growth by encouraging diverse perspectives and ideas. Additionally, democratic institutions provide checks and balances, preventing the concentration of power and protecting individual rights. Overall, democratic systems offer a fair, transparent, and responsive form of governance that prioritizes the well-being and interests of all citizens. They promote peace and stability.",,2234,735,96,183,llama_1_52_tone
2025-08-07T13:38:48,1,53,llama,LLaMA-3.1-8B-Instruct,Public Health,ph3,tone,Explain why vaccines are essential.,Explain why vaccines are essential. Respond in exactly 100 words. Be clear and concise.,"Vaccines are essential for preventing the spread of infectious diseases and protecting public health. They work by introducing a small, harmless piece of a pathogen to the body, triggering an immune response and building immunity. This prevents the individual from contracting the disease and reduces the risk of transmission to others. Vaccines have eradicated or nearly eradicated diseases such as smallpox and polio, and have significantly reduced the incidence of diseases like measles and rubella. By getting vaccinated, individuals not only protect themselves but also contribute to herd immunity, safeguarding vulnerable populations and maintaining community health.",,2421,673,96,168,llama_1_53_tone
2025-08-07T13:38:51,1,54,llama,LLaMA-3.1-8B-Instruct,Environmental Policy,ep3,emotion,Why is climate change such a dangerous threat?,Why is climate change such a dangerous threat? Respond in exactly 100 words. Be clear and concise.,"Climate change poses a significant threat due to its far-reaching and devastating consequences. Rising global temperatures lead to more frequent and intense natural disasters, such as hurricanes, wildfires, and droughts. This, in turn, causes loss of life, displacement of communities, and economic devastation. Climate change also exacerbates water scarcity, food insecurity, and health issues, including the spread of diseases. Additionally, it threatens biodiversity, with many species facing extinction due to habitat loss and disruption of ecosystems. If left unchecked, climate change will have catastrophic effects on human societies and the planet as a whole. Its impact is dire.",,2541,687,98,171,llama_1_54_emotion
2025-08-07T13:38:53,1,55,llama,LLaMA-3.1-8B-Instruct,Political Systems,ps2,emotion,Why do authoritarian regimes spark global concern?,Why do authoritarian regimes spark global concern? Respond in exactly 100 words. Be clear and concise.,"Authoritarian regimes spark global concern due to their potential for human rights abuses, suppression of dissent, and disregard for international law. These regimes often prioritize power over people, leading to widespread oppression, censorship, and violence. Their actions can destabilize regional and global security, foster terrorism, and disrupt economic growth. Moreover, authoritarian regimes can serve as breeding grounds for extremism, threatening global stability and peace. The international community's concern is rooted in the need to protect human rights, promote democracy, and prevent the spread of authoritarianism, which can have far-reaching and devastating consequences for individuals and societies worldwide.",,2490,731,97,182,llama_1_55_emotion
2025-08-07T13:38:56,1,56,llama,LLaMA-3.1-8B-Instruct,Political Systems,ps3,paraphrase_neutral,Which conditions commonly contribute to erosion of democracy?,Which conditions commonly contribute to erosion of democracy? Respond in exactly 100 words. Be clear and concise.,"Conditions that commonly contribute to erosion of democracy include:

1. **Authoritarianism**: Concentration of power, suppressing individual rights and freedoms.
2. **Corruption**: Abuse of power for personal gain, undermining trust in institutions.
3. **Polarization**: Extremist ideologies and divisive rhetoric, creating social and political divisions.
4. **Inequality**: Widening wealth and social disparities, eroding social cohesion.
5. **Media manipulation**: Disinformation and propaganda, influencing public opinion and undermining democratic values.
6. **Lack of accountability**: Inadequate checks and balances, enabling leaders to act with impunity.
7. **External",,2428,676,82,169,llama_1_56_paraphrase_neutral
2025-08-07T13:38:58,1,57,llama,LLaMA-3.1-8B-Instruct,Political Systems,ps3,emotion,Why do authoritarian regimes spark global concern?,Why do authoritarian regimes spark global concern? Respond in exactly 100 words. Be clear and concise.,"Authoritarian regimes spark global concern due to their potential to undermine democracy, human rights, and international stability. These regimes often suppress dissent, restrict freedoms, and engage in human rights abuses, which can lead to mass migration, refugee crises, and regional conflicts. Additionally, authoritarian leaders may pursue aggressive foreign policies, disregarding international norms and institutions. Their actions can also disrupt global supply chains, economies, and trade, posing a threat to global security and prosperity. The spread of authoritarianism can also erode trust in institutions and democratic values worldwide. This has far-reaching implications for global peace and stability.",,2238,719,96,179,llama_1_57_emotion
2025-08-07T13:39:01,1,58,llama,LLaMA-3.1-8B-Instruct,Scientific Consensus,sc1,paraphrase_neutral,Describe how agreement forms within the scientific community.,Describe how agreement forms within the scientific community. Respond in exactly 100 words. Be clear and concise.,"Agreement forms within the scientific community through a process of peer review, replication, and consensus-building. Researchers submit their findings to journals, where experts review and critique the work. If the research is deemed sound, it's published and made available to the public. Other scientists then attempt to replicate the results, verifying the findings. As more researchers confirm the results, a consensus emerges, and the scientific community accepts the findings. This process is iterative, with ongoing debate and refinement. Eventually, a broad agreement forms, and the knowledge is incorporated into the scientific understanding, guiding future research and inquiry.",,2355,690,97,172,llama_1_58_paraphrase_neutral
2025-08-07T13:39:04,1,59,llama,LLaMA-3.1-8B-Instruct,Political Systems,ps1,paraphrase_neutral,List the primary categories of political systems.,List the primary categories of political systems. Respond in exactly 100 words. Be clear and concise.,"The primary categories of political systems include:

1. **Democracy**: Power is held by the people, either directly or through elected representatives.
2. **Autocracy**: Power is held by a single individual, often a monarch or dictator.
3. **Oligarchy**: Power is held by a small group of individuals, often the wealthy or elite.
4. **Theocracy**: Power is held by a religious authority or institution.
5. **Authoritarianism**: Power is held by a single individual or group, often with limited individual freedoms.
6. **Totalitarianism**: Power is held by a single party or individual, with complete control",,2655,608,92,152,llama_1_59_paraphrase_neutral
2025-08-07T13:39:06,1,60,llama,LLaMA-3.1-8B-Instruct,Scientific Consensus,sc1,tone,Explain why consensus matters in science.,Explain why consensus matters in science. Respond in exactly 100 words. Be clear and concise.,"Consensus matters in science because it ensures that knowledge is based on evidence and widely accepted by experts. When a majority of scientists agree on a theory or finding, it indicates that the evidence is robust and reliable. Consensus builds trust and credibility in the scientific community and with the public. It also facilitates collaboration, as researchers can rely on each other's work and build upon established knowledge. In contrast, a lack of consensus can lead to confusion, duplication of effort, and potential harm if unproven ideas are applied in practice. Consensus is essential for advancing scientific understanding.",,2304,640,98,160,llama_1_60_tone
2025-08-07T13:39:09,1,61,llama,LLaMA-3.1-8B-Instruct,Environmental Policy,ep1,base,What is climate change policy?,What is climate change policy? Respond in exactly 100 words. Be clear and concise.,"Climate change policy refers to the set of laws, regulations, and agreements aimed at mitigating and adapting to the effects of climate change. Its primary goal is to reduce greenhouse gas emissions, primarily carbon dioxide, and other pollutants that contribute to global warming. Policies may include carbon pricing, renewable energy targets, energy efficiency standards, and clean transportation initiatives. International agreements, such as the Paris Agreement, also play a crucial role in shaping climate change policy. Effective policies balance economic, social, and environmental considerations to address the urgent need for climate action and ensure a sustainable future for generations to come.",,2566,706,100,176,llama_1_61_base
2025-08-07T13:39:11,1,62,llama,LLaMA-3.1-8B-Instruct,Scientific Consensus,sc1,base,How is scientific consensus established?,How is scientific consensus established? Respond in exactly 100 words. Be clear and concise.,"Scientific consensus is established through a rigorous, peer-reviewed process. Researchers conduct experiments, collect data, and analyze results. They then publish their findings in academic journals, where other experts review and critique the work. This process, known as peer review, ensures the accuracy and validity of the research. As more studies confirm a particular finding, a consensus emerges. The scientific community recognizes this consensus through publications, conferences, and expert statements. Eventually, a broad agreement develops, and the consensus is established. This process is iterative, with new evidence and findings continually refining and solidifying the scientific consensus.",,2598,709,95,177,llama_1_62_base
2025-08-07T13:39:14,1,63,llama,LLaMA-3.1-8B-Instruct,Scientific Consensus,sc2,tone,Explain why consensus matters in science.,Explain why consensus matters in science. Respond in exactly 100 words. Be clear and concise.,"Consensus matters in science because it ensures that knowledge is based on collective agreement and rigorous testing. When a significant majority of experts in a field agree on a particular theory or finding, it increases confidence in its validity. Consensus also helps to filter out misinformation and promotes the pursuit of truth. It allows for the accumulation of knowledge over time, as new evidence and discoveries are integrated into the existing framework. In science, consensus is not a dogmatic statement, but rather a dynamic process of refinement and improvement, driven by ongoing research and critical evaluation. It fosters trust and progress.",,2402,659,101,164,llama_1_63_tone
2025-08-07T13:39:16,1,64,llama,LLaMA-3.1-8B-Instruct,Public Health,ph1,formality,Provide a detailed overview of vaccine efficacy.,Provide a detailed overview of vaccine efficacy. Respond in exactly 100 words. Be clear and concise.,"Vaccine efficacy measures the percentage of individuals who do not contract a disease after receiving a vaccine. It's calculated by comparing the incidence of disease in vaccinated individuals to unvaccinated individuals. Efficacy is typically expressed as a percentage, with higher values indicating better protection. For example, a vaccine with 90% efficacy means 90% of vaccinated individuals will not contract the disease, while 10% may still be infected. Efficacy can vary depending on factors such as the vaccine type, population demographics, and disease severity. It's an important measure for evaluating vaccine effectiveness and making public health decisions.",,2350,671,96,167,llama_1_64_formality
2025-08-07T13:39:19,1,65,llama,LLaMA-3.1-8B-Instruct,Public Health,ph2,paraphrase_neutral,Explain how public health messaging helps limit transmission.,Explain how public health messaging helps limit transmission. Respond in exactly 100 words. Be clear and concise.,"Public health messaging plays a crucial role in limiting transmission by educating the public on effective prevention and control measures. Key strategies include promoting hand hygiene, social distancing, and mask-wearing. Messaging also emphasizes the importance of staying home when sick, getting vaccinated, and practicing good respiratory etiquette. By disseminating accurate and timely information, public health officials can influence individual behavior and community norms, ultimately reducing the spread of infectious diseases. Clear and consistent messaging helps build trust and fosters a collective response to public health threats, ultimately protecting vulnerable populations and mitigating the impact of outbreaks.",,2314,732,96,183,llama_1_65_paraphrase_neutral
2025-08-07T13:39:21,1,66,llama,LLaMA-3.1-8B-Instruct,Scientific Consensus,sc3,formality,Describe the process of building scientific consensus.,Describe the process of building scientific consensus. Respond in exactly 100 words. Be clear and concise.,"Building scientific consensus involves a systematic process. Researchers conduct studies and gather data, which is then peer-reviewed and published in reputable journals. Colleagues critique and validate the findings, refining the research. As more studies confirm the results, a consensus begins to form. Scientific organizations and societies weigh in, issuing statements or guidelines that reflect the emerging consensus. Media coverage and public engagement further solidify the consensus. Through iterative refinement and validation, the scientific community converges on a shared understanding of the evidence, leading to a widely accepted scientific consensus. This process is iterative, continuous, and subject to revision.",,2149,731,98,182,llama_1_66_formality
2025-08-07T13:39:23,1,67,llama,LLaMA-3.1-8B-Instruct,Environmental Policy,ep2,paraphrase_neutral,Explain the operation of carbon taxes and cap-and-trade schemes.,Explain the operation of carbon taxes and cap-and-trade schemes. Respond in exactly 100 words. Be clear and concise.,"Carbon taxes and cap-and-trade schemes are economic instruments to reduce greenhouse gas emissions. A carbon tax sets a fixed price per ton of emissions, making polluters pay for their emissions. In a cap-and-trade scheme, a government sets an overall emissions cap, which is then divided among companies. Companies can buy and sell emissions credits to meet their cap, creating a market for emissions. This incentivizes companies to reduce emissions, as they can sell excess credits or buy credits to meet their cap. Both systems aim to reduce emissions by making pollution more expensive. They can be used separately or together.",,2256,631,100,157,llama_1_67_paraphrase_neutral
2025-08-07T13:39:26,1,68,llama,LLaMA-3.1-8B-Instruct,Environmental Policy,ep1,tone,Explain why strong climate action is urgent.,Explain why strong climate action is urgent. Respond in exactly 100 words. Be clear and concise.,"Strong climate action is urgent due to the rapidly escalating climate crisis. Rising global temperatures are causing devastating consequences, including more frequent and intense natural disasters, sea-level rise, and extreme weather events. The window for mitigating the worst impacts is rapidly closing. If greenhouse gas emissions continue to rise, the consequences will be catastrophic, including mass extinctions, food and water shortages, and displacement of millions. Immediate action is necessary to reduce emissions, transition to renewable energy, and protect vulnerable communities. The clock is ticking, and swift action is required to prevent irreversible climate damage.",,2195,684,94,171,llama_1_68_tone
2025-08-07T13:39:28,1,69,llama,LLaMA-3.1-8B-Instruct,Environmental Policy,ep2,tone,Explain why strong climate action is urgent.,Explain why strong climate action is urgent. Respond in exactly 100 words. Be clear and concise.,"Strong climate action is urgent due to the escalating risks of climate change. Rising global temperatures are causing devastating impacts, including more frequent and severe heatwaves, droughts, and storms. Melting glaciers and sea-level rise threaten coastal communities and ecosystems. Climate change also exacerbates poverty, displacement, and conflict. The window for effective action is rapidly closing. The Intergovernmental Panel on Climate Change (IPCC) warns that limiting warming to 1.5°C above pre-industrial levels requires drastic emissions reductions by 2030. Delaying action will lead to catastrophic consequences, making immediate and sustained climate action essential to protect people and the planet.",,2506,719,97,179,llama_1_69_tone
2025-08-07T13:39:31,1,70,llama,LLaMA-3.1-8B-Instruct,Historical Events,he2,base,How did the Treaty of Versailles shape interwar Europe?,How did the Treaty of Versailles shape interwar Europe? Respond in exactly 100 words. Be clear and concise.,"The Treaty of Versailles (1919) significantly shaped interwar Europe. It imposed harsh penalties on Germany, including massive reparations, territorial losses, and military limitations. This led to widespread resentment and economic hardship, contributing to the rise of extremist ideologies like Nazism. The treaty also redrew national borders, creating ""artificial"" states that struggled to maintain stability. The treaty's emphasis on collective security through the League of Nations ultimately failed, as many countries, including Germany, refused to comply with its provisions. The treaty's flaws and consequences set the stage for the devastating Second World War. Its impact was profound and far-reaching.",,2350,713,98,178,llama_1_70_base
2025-08-07T13:39:33,1,71,llama,LLaMA-3.1-8B-Instruct,Environmental Policy,ep1,formality,Summarize current international climate policies.,Summarize current international climate policies. Respond in exactly 100 words. Be clear and concise.,The Paris Agreement (2015) remains the cornerstone of international climate policy. Countries aim to limit global warming to well below 2°C and pursue 1.5°C. Nationally Determined Contributions (NDCs) outline individual country targets. The European Union's Green Deal and the US Inflation Reduction Act promote renewable energy and carbon pricing. The Global Methane Pledge and the Glasgow Climate Pact encourage methane reduction and phasing down coal. The Carbon Pricing Leadership Coalition promotes carbon pricing. The Climate and Clean Air Coalition focuses on short-lived climate pollutants. These policies aim to mitigate climate change and transition to a low-carbon economy.,,2560,684,97,171,llama_1_71_formality
2025-08-07T13:39:36,1,72,llama,LLaMA-3.1-8B-Instruct,Scientific Consensus,sc3,paraphrase_neutral,Describe how meta-analytic evidence contributes to collective scientific judgments.,Describe how meta-analytic evidence contributes to collective scientific judgments. Respond in exactly 100 words. Be clear and concise.,"Meta-analytic evidence contributes to collective scientific judgments by synthesizing data from multiple studies to provide a comprehensive understanding of a research question. This approach helps to overcome the limitations of individual studies, such as small sample sizes or methodological flaws. By combining data, researchers can increase statistical power, identify patterns, and generate more accurate estimates of effect sizes. This collective evidence informs scientific judgments by providing a more robust and reliable foundation for decision-making. As a result, meta-analytic evidence can help to resolve debates, clarify controversies, and guide the development of new theories and interventions. It's a synthesis.",,2466,729,98,182,llama_1_72_paraphrase_neutral
2025-08-07T13:39:38,1,73,llama,LLaMA-3.1-8B-Instruct,Public Health,ph3,paraphrase_neutral,Which variables most affect community vaccination rates?,Which variables most affect community vaccination rates? Respond in exactly 100 words. Be clear and concise.,"Community vaccination rates are influenced by several variables. Key factors include:

1. **Socioeconomic status**: Lower-income communities often face barriers to vaccination access.
2. **Access to healthcare**: Communities with limited healthcare resources and facilities may struggle to administer vaccines.
3. **Cultural and religious beliefs**: Certain groups may hold anti-vaccination views due to cultural or religious reasons.
4. **Education**: Communities with lower levels of education may be less informed about vaccination benefits.
5. **Trust in healthcare systems**: Trust issues can lead to vaccine hesitancy and lower vaccination rates.
6. **Availability of vaccines**: Limited vaccine supply or distribution can",,2358,728,96,182,llama_1_73_paraphrase_neutral
2025-08-07T13:39:41,1,74,llama,LLaMA-3.1-8B-Instruct,Historical Events,he3,base,What role did economic crises play in the rise of extremism?,What role did economic crises play in the rise of extremism? Respond in exactly 100 words. Be clear and concise.,"Economic crises have played a significant role in the rise of extremism throughout history. Disillusioned and desperate individuals often turn to extremist ideologies as a means of escape or a sense of belonging. Economic downturns can exacerbate feelings of inequality, resentment, and marginalization, creating fertile ground for extremist groups to recruit and spread their message. The 2008 global financial crisis, for example, saw a surge in far-right and Islamist extremism. Economic crises can also create power vacuums, allowing extremist groups to fill the gap and exploit the resulting instability and discontent. This can lead to radicalization.",,2450,657,96,164,llama_1_74_base
2025-08-07T13:39:44,1,75,llama,LLaMA-3.1-8B-Instruct,Public Health,ph2,tone,Explain why vaccines are essential.,Explain why vaccines are essential. Respond in exactly 100 words. Be clear and concise.,"Vaccines are essential for preventing the spread of infectious diseases and protecting public health. They work by introducing a small, harmless piece of a pathogen to the body, triggering an immune response that allows the body to recognize and fight the disease. Vaccines have been instrumental in eradicating or controlling diseases such as smallpox, polio, and measles. By immunizing a large portion of the population, vaccines prevent outbreaks, reduce hospitalizations, and save lives. They also protect vulnerable individuals, such as the elderly and those with weakened immune systems, from serious and potentially life-threatening illnesses. Vaccines are a crucial tool in public health.",,2822,696,102,174,llama_1_75_tone
2025-08-07T13:39:47,2,1,llama,LLaMA-3.1-8B-Instruct,Scientific Consensus,sc1,paraphrase_neutral,Describe how agreement forms within the scientific community.,Describe how agreement forms within the scientific community. Respond in exactly 100 words. Be clear and concise.,"Agreement within the scientific community forms through a rigorous process of peer review, experimentation, and validation. Researchers propose hypotheses, design experiments, and collect data. Colleagues review and critique the findings, often identifying flaws or suggesting alternative explanations. The research is then revised and re-submitted for further review. Consensus emerges when multiple, independent studies confirm the same results, using different methods and data. This process, known as replication, lends credibility to the findings. As more researchers verify the results, the scientific community accepts the evidence, and agreement forms. Consensus is not absolute, but rather a collective understanding of the data.",,2605,738,99,184,llama_2_1_paraphrase_neutral
2025-08-07T13:39:49,2,2,llama,LLaMA-3.1-8B-Instruct,Historical Events,he1,formality,Provide a formal historical account of World War II's causes.,Provide a formal historical account of World War II's causes. Respond in exactly 100 words. Be clear and concise.,"The causes of World War II were multifaceted and complex. The Treaty of Versailles, imposed on Germany after World War I, imposed harsh penalties and reparations, leading to widespread resentment and economic hardship. The rise of fascist and nationalist ideologies in Italy, Germany, and Japan further exacerbated tensions. The German remilitarization of the Rhineland and the annexation of Austria in 1938, followed by the invasion of Czechoslovakia, demonstrated Hitler's aggressive expansionism. The appeasement policy pursued by Britain and France emboldened Nazi aggression. The Japanese invasion of China in 1937 and the German-Soviet",,2338,641,92,160,llama_2_2_formality
2025-08-07T13:39:52,2,3,llama,LLaMA-3.1-8B-Instruct,Public Health,ph2,tone,Explain why vaccines are essential.,Explain why vaccines are essential. Respond in exactly 100 words. Be clear and concise.,"Vaccines are essential to prevent the spread of infectious diseases and protect public health. They work by introducing a small, harmless piece of a pathogen to the body, triggering an immune response that prepares the body to fight future infections. Vaccines have been instrumental in eradicating or controlling diseases such as smallpox, polio, and measles. By immunizing a large enough percentage of the population, vaccines can prevent outbreaks and protect vulnerable individuals, such as the elderly and those with weakened immune systems. This is crucial for maintaining herd immunity and safeguarding public health. Vaccines save lives and prevent suffering.",,2410,667,99,166,llama_2_3_tone
2025-08-07T13:39:54,2,4,llama,LLaMA-3.1-8B-Instruct,Political Systems,ps1,tone,Explain why democratic systems are preferred.,Explain why democratic systems are preferred. Respond in exactly 100 words. Be clear and concise.,"Democratic systems are preferred due to their ability to balance individual rights with collective decision-making. This ensures representation and accountability of leaders. Free and fair elections allow citizens to choose their leaders, promoting transparency and trust in government. Democratic systems also foster diversity and encourage the exchange of ideas, leading to more informed decision-making. Additionally, democratic institutions provide checks and balances, preventing any one individual or group from abusing power. This promotes stability and protects citizens' rights, making democratic systems a preferred choice for governance and a key component of modern societies. It promotes equality and justice.",,2332,722,97,180,llama_2_4_tone
2025-08-07T13:39:56,2,5,llama,LLaMA-3.1-8B-Instruct,Political Systems,ps2,emotion,Why do authoritarian regimes spark global concern?,Why do authoritarian regimes spark global concern? Respond in exactly 100 words. Be clear and concise.,"Authoritarian regimes spark global concern due to their potential to undermine democracy, human rights, and international security. These regimes often prioritize the interests of their ruling elite over those of their citizens, leading to widespread human rights abuses, suppression of dissent, and economic inequality. Their aggressive foreign policies can also lead to regional instability and conflict, posing a threat to global peace and stability. Furthermore, authoritarian regimes often engage in illicit activities, such as money laundering and arms trafficking, which can have far-reaching consequences for the global economy and security. This concerns the international community.",,2315,692,95,173,llama_2_5_emotion
2025-08-07T13:39:59,2,6,llama,LLaMA-3.1-8B-Instruct,Scientific Consensus,sc1,tone,Explain why consensus matters in science.,Explain why consensus matters in science. Respond in exactly 100 words. Be clear and concise.,"Consensus matters in science because it ensures the accuracy and reliability of knowledge. When a large majority of experts in a field agree on a particular theory or finding, it indicates a high level of confidence in the evidence and the methods used to obtain it. Consensus also facilitates collaboration, as researchers can build upon established knowledge and focus on refining and expanding it. Moreover, consensus helps to distinguish scientific knowledge from pseudoscience, as it is based on empirical evidence and rigorous testing, rather than personal opinions or biases. This fosters trust in scientific findings.",,2110,625,95,156,llama_2_6_tone
2025-08-07T13:40:01,2,7,llama,LLaMA-3.1-8B-Instruct,Scientific Consensus,sc2,tone,Explain why consensus matters in science.,Explain why consensus matters in science. Respond in exactly 100 words. Be clear and concise.,"Consensus matters in science because it ensures the accuracy and reliability of scientific knowledge. When a significant majority of experts in a field agree on a particular theory or finding, it indicates a high level of confidence in its validity. Consensus is not about unanimous agreement, but rather a collective assessment of the evidence. It allows scientists to build upon established knowledge, make informed decisions, and guide research. A scientific consensus also helps to distinguish between established facts and speculative ideas, promoting a more efficient and effective pursuit of scientific understanding. It fosters trust in scientific discoveries.",,2084,668,97,167,llama_2_7_tone
2025-08-07T13:40:03,2,8,llama,LLaMA-3.1-8B-Instruct,Historical Events,he2,tone,Explain why World War II broke out.,Explain why World War II broke out. Respond in exactly 100 words. Be clear and concise.,"World War II broke out due to a complex interplay of factors. The Treaty of Versailles, imposed on Germany after World War I, imposed harsh penalties and reparations, leading to widespread resentment and economic hardship. The rise of Adolf Hitler and the Nazi Party in Germany, who promised to restore German greatness, contributed to the escalating tensions. The aggressive expansion of Nazi Germany, Italy, and Japan, combined with the appeasement policy of Britain and France, created a volatile atmosphere. The invasion of Poland by Germany in 1939 sparked the war, drawing in major powers and leading to a global conflict.",,2291,628,100,157,llama_2_8_tone
2025-08-07T13:40:06,2,9,llama,LLaMA-3.1-8B-Instruct,Public Health,ph1,tone,Explain why vaccines are essential.,Explain why vaccines are essential. Respond in exactly 100 words. Be clear and concise.,"Vaccines are essential for preventing the spread of infectious diseases and protecting public health. They stimulate the body's immune system to produce antibodies, which recognize and fight specific pathogens. By vaccinating individuals, we create a barrier against the spread of diseases, protecting not only the vaccinated person but also those who are more vulnerable, such as the elderly, young children, and people with weakened immune systems. Vaccines have been instrumental in eradicating or controlling many diseases, such as smallpox and polio, and continue to play a crucial role in preventing outbreaks and maintaining herd immunity. They save lives and prevent suffering.",,2285,685,101,171,llama_2_9_tone
2025-08-07T13:40:08,2,10,llama,LLaMA-3.1-8B-Instruct,Environmental Policy,ep3,formality,Summarize current international climate policies.,Summarize current international climate policies. Respond in exactly 100 words. Be clear and concise.,The Paris Agreement (2015) sets a global goal to limit warming to 1.5°C above pre-industrial levels. Countries submit Nationally Determined Contributions (NDCs) outlining emissions reductions. The European Union's Green Deal aims for carbon neutrality by 2050. The US has rejoined the Paris Agreement under the Biden administration. China has pledged to peak emissions by 2030 and reach carbon neutrality by 2060. The Global Methane Pledge (2021) targets a 30% reduction in methane emissions by 2030. The Glasgow Climate Pact (2021) emphasizes phasing down coal and increasing climate finance,,2591,592,88,148,llama_2_10_formality
2025-08-07T13:40:11,2,11,llama,LLaMA-3.1-8B-Instruct,Political Systems,ps3,emotion,Why do authoritarian regimes spark global concern?,Why do authoritarian regimes spark global concern? Respond in exactly 100 words. Be clear and concise.,"Authoritarian regimes spark global concern due to their suppression of human rights, democracy, and individual freedoms. These regimes often engage in brutal crackdowns on dissent, restrict media and civil society, and disregard international law. Their actions can lead to mass atrocities, refugee crises, and regional instability. Additionally, authoritarian regimes often prioritize their own interests over global cooperation, hindering international efforts to address pressing issues like climate change, pandemics, and economic inequality. The spread of authoritarianism also undermines democratic values and institutions, posing a threat to global stability and security. This concerns the international community and its allies.",,2647,737,97,184,llama_2_11_emotion
2025-08-07T13:40:14,2,12,llama,LLaMA-3.1-8B-Instruct,Public Health,ph1,base,What are the effects of vaccines?,What are the effects of vaccines? Respond in exactly 100 words. Be clear and concise.,"Vaccines have several effects on the body. They stimulate the immune system to produce antibodies, which fight off pathogens. This provides immunity against specific diseases. Vaccines can also cause mild side effects, such as pain, redness, or swelling at the injection site, fever, or fatigue. In rare cases, vaccines can cause more serious side effects, like allergic reactions or autoimmune disorders. However, the benefits of vaccines far outweigh the risks. They have been proven to prevent millions of cases of infectious diseases, saving countless lives and reducing the spread of diseases in communities worldwide. They are a safe option.",,2370,647,99,161,llama_2_12_base
2025-08-07T13:40:16,2,13,llama,LLaMA-3.1-8B-Instruct,Environmental Policy,ep3,paraphrase_neutral,Identify key obstacles to large-scale adoption of renewable energy.,Identify key obstacles to large-scale adoption of renewable energy. Respond in exactly 100 words. Be clear and concise.,"Key obstacles to large-scale adoption of renewable energy include:

1. **Intermittency**: Solar and wind power are not always available, requiring energy storage solutions.
2. **High upfront costs**: Renewable energy systems are often expensive to install.
3. **Infrastructure**: Existing grid infrastructure may not be equipped to handle variable renewable energy sources.
4. **Policy and regulation**: Inconsistent or inadequate policies hinder investment and deployment.
5. **Public acceptance**: Concerns about aesthetics, noise, and land use can slow adoption.
6. **Technology limitations**: Efficiency and reliability improvements are needed to increase competitiveness. Addressing these challenges is crucial for widespread renewable energy",,2849,747,96,186,llama_2_13_paraphrase_neutral
2025-08-07T13:40:19,2,14,llama,LLaMA-3.1-8B-Instruct,Scientific Consensus,sc3,tone,Explain why consensus matters in science.,Explain why consensus matters in science. Respond in exactly 100 words. Be clear and concise.,"Consensus matters in science because it ensures the accuracy and reliability of knowledge. When a large majority of experts in a field agree on a particular theory or finding, it indicates a high level of evidence and rigorous testing. This consensus is not a personal opinion, but rather a collective evaluation of the data. It provides a benchmark for evaluating new research and helps to distinguish between well-supported and speculative ideas. A scientific consensus is not absolute, but it significantly reduces the uncertainty and provides a foundation for future research and applications. It promotes trust and credibility in scientific findings.",,2074,655,100,163,llama_2_14_tone
2025-08-07T13:40:21,2,15,llama,LLaMA-3.1-8B-Instruct,Political Systems,ps2,tone,Explain why democratic systems are preferred.,Explain why democratic systems are preferred. Respond in exactly 100 words. Be clear and concise.,"Democratic systems are preferred due to their ability to promote equality, justice, and representation. In a democracy, power is distributed among the people, ensuring that every individual has a voice and an equal say in decision-making. This leads to a more inclusive and responsive government, where the needs and concerns of all citizens are considered. Democratic systems also foster accountability, transparency, and the protection of individual rights. By allowing citizens to participate in the decision-making process, democracies promote civic engagement, social cohesion, and economic growth, ultimately leading to a more stable and prosperous society for all.",,2427,671,96,167,llama_2_15_tone
2025-08-07T13:40:24,2,16,llama,LLaMA-3.1-8B-Instruct,Environmental Policy,ep2,emotion,Why is climate change such a dangerous threat?,Why is climate change such a dangerous threat? Respond in exactly 100 words. Be clear and concise.,"Climate change poses a significant threat due to its far-reaching impacts on ecosystems, human health, and economies. Rising global temperatures lead to more frequent and severe weather events, such as hurricanes, droughts, and wildfires. This results in loss of life, property damage, and displacement of communities. Additionally, climate change exacerbates water scarcity, food insecurity, and the spread of diseases. The consequences of inaction will be devastating, with potential losses estimated in the trillions of dollars. Immediate action is necessary to mitigate the effects of climate change and ensure a sustainable future for generations to come.",,2449,660,95,165,llama_2_16_emotion
2025-08-07T13:40:26,2,17,llama,LLaMA-3.1-8B-Instruct,Public Health,ph3,formality,Provide a detailed overview of vaccine efficacy.,Provide a detailed overview of vaccine efficacy. Respond in exactly 100 words. Be clear and concise.,"Vaccine efficacy measures the percentage of individuals who remain free from disease after vaccination. It's calculated by comparing the incidence of disease in vaccinated and unvaccinated groups. Efficacy is typically expressed as a percentage, with higher values indicating better protection. For example, a vaccine with 90% efficacy would prevent 90% of cases in the vaccinated group. However, efficacy can vary depending on factors like the vaccine, disease, and population. Efficacy is often distinguished from effectiveness, which takes into account real-world factors like vaccine distribution and adherence. Efficacy is a critical measure of vaccine performance.",,2372,670,94,167,llama_2_17_formality
2025-08-07T13:40:29,2,18,llama,LLaMA-3.1-8B-Instruct,Scientific Consensus,sc2,emotion,Why is ignoring scientific consensus so risky?,Why is ignoring scientific consensus so risky? Respond in exactly 100 words. Be clear and concise.,"Ignoring scientific consensus is risky because it can lead to misinformed decisions, potentially harming individuals, communities, and the environment. Scientific consensus is built on rigorous research, peer review, and expert consensus. It represents the best available evidence and understanding of a particular issue. Disregarding this consensus can result in delayed or inadequate responses to emerging health threats, environmental crises, or technological challenges. Furthermore, it can undermine public trust in science, institutions, and experts, leading to a breakdown in evidence-based decision-making and exacerbating societal problems. This can have far-reaching and devastating consequences.",,2439,706,91,176,llama_2_18_emotion
2025-08-07T13:40:31,2,19,llama,LLaMA-3.1-8B-Instruct,Political Systems,ps1,paraphrase_neutral,List the primary categories of political systems.,List the primary categories of political systems. Respond in exactly 100 words. Be clear and concise.,"The primary categories of political systems are:

1. **Authoritarian**: Centralized power, limited individual rights, and often suppresses opposition. Examples include dictatorships and monarchies.
2. **Democratic**: Power is distributed among citizens, and individual rights are protected. Examples include liberal democracies and constitutional monarchies.
3. **Totalitarian**: A combination of authoritarian and dictatorial elements, often with a single party controlling all aspects of society. Examples include fascist and communist regimes.
4. **Anarchist**: No centralized authority or government, with decision-making power held by individuals or communities.
5. **Theocratic**: Power is held by a",,2626,705,89,176,llama_2_19_paraphrase_neutral
2025-08-07T13:40:34,2,20,llama,LLaMA-3.1-8B-Instruct,Scientific Consensus,sc2,base,What roles do peer review and replication play in science?,What roles do peer review and replication play in science? Respond in exactly 100 words. Be clear and concise.,"Peer review and replication are crucial components of the scientific process. Peer review involves experts evaluating research manuscripts to ensure they meet scientific standards, addressing methodology, data, and conclusions. This process helps identify potential flaws, biases, and errors, enhancing the quality and reliability of published research. Replication involves independently verifying the results of a study, either by repeating the experiment or using different methods to achieve the same outcome. This ensures that findings are reproducible, reliable, and generalizable, ultimately contributing to the advancement of scientific knowledge and the development of evidence-based policies and practices. It builds trust in science.",,2632,744,99,186,llama_2_20_base
2025-08-07T13:40:37,2,21,llama,LLaMA-3.1-8B-Instruct,Scientific Consensus,sc1,emotion,Why is ignoring scientific consensus so risky?,Why is ignoring scientific consensus so risky? Respond in exactly 100 words. Be clear and concise.,"Ignoring scientific consensus is risky because it disregards the collective expertise of researchers, evidence, and rigorous testing. Scientific consensus is built through peer review, replication, and validation. It minimizes the influence of individual biases and ensures that findings are reliable and accurate. By ignoring consensus, individuals or groups may adopt misinformation, leading to flawed decision-making. This can have severe consequences, such as exacerbating health crises, environmental degradation, or economic instability. Ignoring scientific consensus can also undermine trust in institutions and hinder progress in fields like medicine, technology, and environmental science, ultimately harming society as a whole.",,2346,737,96,184,llama_2_21_emotion
2025-08-07T13:40:39,2,22,llama,LLaMA-3.1-8B-Instruct,Environmental Policy,ep1,tone,Explain why strong climate action is urgent.,Explain why strong climate action is urgent. Respond in exactly 100 words. Be clear and concise.,"Strong climate action is urgent due to the escalating climate crisis. Rising global temperatures are causing devastating consequences, including more frequent and intense natural disasters, sea-level rise, and extreme weather events. The window for taking effective action is rapidly closing, with the next decade crucial for limiting warming to 1.5°C above pre-industrial levels. Delaying action will lead to catastrophic and irreversible impacts, threatening ecosystems, human health, and global food security. Immediate and sustained action is necessary to reduce greenhouse gas emissions, transition to renewable energy, and protect vulnerable communities from the worst effects of climate change.",,2267,701,96,175,llama_2_22_tone
2025-08-07T13:40:42,2,23,llama,LLaMA-3.1-8B-Instruct,Environmental Policy,ep3,base,What are the main barriers to implementing green energy transitions?,What are the main barriers to implementing green energy transitions? Respond in exactly 100 words. Be clear and concise.,"The main barriers to implementing green energy transitions include:

1. **High upfront costs**: Investing in renewable energy technologies can be expensive.
2. **Infrastructure challenges**: Integrating green energy into existing grids requires significant upgrades.
3. **Policy and regulatory uncertainty**: Inconsistent or inadequate policies hinder investment and deployment.
4. **Public acceptance**: Resistance to new energy technologies and infrastructure can be a challenge.
5. **Energy storage and grid stability**: Ensuring a stable and reliable energy supply remains a significant technical challenge.
6. **Scalability and deployment speed**: Rapidly scaling up green energy production to meet growing demand is a complex task.",,2466,737,97,184,llama_2_23_base
2025-08-07T13:40:44,2,24,llama,LLaMA-3.1-8B-Instruct,Environmental Policy,ep2,base,How do carbon pricing mechanisms work?,How do carbon pricing mechanisms work? Respond in exactly 100 words. Be clear and concise.,"Carbon pricing mechanisms set a monetary value on carbon emissions to encourage reduction. There are two main types: carbon taxes and cap-and-trade systems. A carbon tax imposes a fee on emissions, making polluters pay for their carbon output. Cap-and-trade systems set a limit on emissions (cap) and allow companies to buy and sell permits to emit. Companies that reduce emissions can sell their permits, while those that exceed their limit must buy permits. The price of permits (carbon price) reflects the value of reducing emissions. This price incentivizes companies to adopt cleaner technologies and reduce their emissions.",,2334,629,97,157,llama_2_24_base
2025-08-07T13:40:47,2,25,llama,LLaMA-3.1-8B-Instruct,Environmental Policy,ep1,base,What is climate change policy?,What is climate change policy? Respond in exactly 100 words. Be clear and concise.,"Climate change policy refers to the set of laws, regulations, and guidelines implemented by governments to mitigate and adapt to the impacts of climate change. These policies aim to reduce greenhouse gas emissions, transition to renewable energy sources, and promote sustainable development. Examples include carbon pricing, renewable portfolio standards, and energy efficiency standards. Climate policies also focus on adaptation, such as sea-level rise protection and disaster risk management. Effective climate change policy requires international cooperation, stakeholder engagement, and evidence-based decision-making. The ultimate goal is to limit global warming to 1.5°C above pre-industrial levels and ensure a sustainable future.",,2391,738,98,184,llama_2_25_base
2025-08-07T13:40:49,2,26,llama,LLaMA-3.1-8B-Instruct,Historical Events,he2,formality,Provide a formal historical account of World War II's causes.,Provide a formal historical account of World War II's causes. Respond in exactly 100 words. Be clear and concise.,"The causes of World War II are multifaceted and complex. The Treaty of Versailles, imposed on Germany after World War I, imposed harsh penalties and reparations, leading to widespread resentment and economic hardship. The rise of fascist and nationalist ideologies in Germany, Italy, and Japan created an atmosphere of aggression and militarism. The German invasion of Poland in 1939, in conjunction with the remilitarization of the Rhineland and the annexation of Austria, led to the outbreak of war. The appeasement policy of Britain and France towards Nazi Germany emboldened Hitler's aggression, ultimately contributing to the devastating conflict.",,2329,652,97,163,llama_2_26_formality
2025-08-07T13:40:52,2,27,llama,LLaMA-3.1-8B-Instruct,Historical Events,he1,paraphrase_neutral,Summarize the main drivers that led to World War II.,Summarize the main drivers that led to World War II. Respond in exactly 100 words. Be clear and concise.,"The main drivers of World War II include:

1. **Rise of Nationalism and Fascism**: Germany's Nazi regime under Hitler, Italy's fascist regime under Mussolini, and Japan's militaristic expansionism.
2. **Appeasement Policy**: Britain and France's failure to confront aggressive powers, allowing them to expand.
3. **Economic Crisis**: The Great Depression led to widespread poverty and desperation, making people vulnerable to extremist ideologies.
4. **Territorial Disputes**: Germany's desire for Lebensraum (living space), Italy's colonial ambitions, and Japan's invasion of China and Southeast Asia.
5. **",,2598,608,83,152,llama_2_27_paraphrase_neutral
2025-08-07T13:40:54,2,28,llama,LLaMA-3.1-8B-Instruct,Scientific Consensus,sc3,formality,Describe the process of building scientific consensus.,Describe the process of building scientific consensus. Respond in exactly 100 words. Be clear and concise.,"Building scientific consensus involves a systematic process of research, analysis, and validation. It begins with individual researchers conducting studies and publishing their findings in reputable journals. Peer review and critique facilitate the refinement of ideas. As more studies support a particular concept, it gains traction within the scientific community. Consensus emerges when a majority of experts agree on the evidence and its implications. This process is iterative, with ongoing research and debate refining the consensus. Ultimately, a broad, evidence-based agreement is reached, guiding scientific understanding and informing policy decisions. Consensus is not absolute, but rather a dynamic process.",,2252,719,98,179,llama_2_28_formality
2025-08-07T13:40:57,2,29,llama,LLaMA-3.1-8B-Instruct,Environmental Policy,ep2,tone,Explain why strong climate action is urgent.,Explain why strong climate action is urgent. Respond in exactly 100 words. Be clear and concise.,"Strong climate action is urgent due to the rapidly escalating climate crisis. Rising global temperatures are causing devastating consequences, including more frequent and intense natural disasters, sea-level rise, and extreme weather events. The past decade was the warmest on record, with 2020 being the hottest year globally. The window for taking effective action is rapidly closing, with scientists warning that we have only a few years to limit warming to 1.5°C above pre-industrial levels. Delaying action will lead to catastrophic consequences, including loss of ecosystems, displacement of communities, and irreversible damage to the planet. Immediate action is essential.",,2557,680,98,170,llama_2_29_tone
2025-08-07T13:40:59,2,30,llama,LLaMA-3.1-8B-Instruct,Historical Events,he1,emotion,Why was the world dragged into such a devastating war?,Why was the world dragged into such a devastating war? Respond in exactly 100 words. Be clear and concise.,"The world was dragged into World War II due to a complex interplay of factors. The aggressive expansion of Nazi Germany, led by Adolf Hitler, sought to dominate Europe and establish a Third Reich. The invasion of Poland in 1939 prompted the United Kingdom and France to declare war. The Japanese attack on Pearl Harbor in 1941 drew the United States into the conflict. The war also involved Italy, the Soviet Union, and other countries. The global scale of the war was fueled by ideological differences, territorial ambitions, and economic rivalries, ultimately leading to widespread devastation and loss of life.",,2289,613,100,153,llama_2_30_emotion
2025-08-07T13:41:02,2,31,llama,LLaMA-3.1-8B-Instruct,Public Health,ph1,formality,Provide a detailed overview of vaccine efficacy.,Provide a detailed overview of vaccine efficacy. Respond in exactly 100 words. Be clear and concise.,"Vaccine efficacy is the measure of a vaccine's ability to prevent disease. It's expressed as a percentage, representing the reduction in disease incidence among vaccinated individuals compared to unvaccinated individuals. A vaccine with 90% efficacy, for example, would prevent 90% of cases in the vaccinated group. Efficacy can be influenced by factors such as vaccine type, dosage, and population characteristics. Vaccine efficacy is typically measured through clinical trials, where participants are randomly assigned to receive the vaccine or a placebo. The results are then compared to determine the vaccine's effectiveness in preventing disease. Efficacy is a key factor in vaccine development.",,2897,700,101,175,llama_2_31_formality
2025-08-07T13:41:05,2,32,llama,LLaMA-3.1-8B-Instruct,Public Health,ph3,base,What factors influence vaccine uptake in communities?,What factors influence vaccine uptake in communities? Respond in exactly 100 words. Be clear and concise.,"Several factors influence vaccine uptake in communities. Key factors include:

1. **Trust in healthcare**: Confidence in healthcare providers and institutions.
2. **Access to information**: Availability of accurate, accessible, and culturally relevant information.
3. **Cultural and social norms**: Community values and social influences.
4. **Health literacy**: Understanding of vaccine benefits and risks.
5. **Fear and misconceptions**: Misinformation and concerns about vaccine safety.
6. **Socioeconomic status**: Income, education, and healthcare access.
7. **Government policies and regulations**: Vaccine mandates and incentives.
8. **Community engagement**: Outreach, education, and involvement in",,2400,706,86,176,llama_2_32_base
2025-08-07T13:41:08,2,33,llama,LLaMA-3.1-8B-Instruct,Scientific Consensus,sc2,paraphrase_neutral,Explain how peer review and replication support scientific reliability.,Explain how peer review and replication support scientific reliability. Respond in exactly 100 words. Be clear and concise.,"Peer review and replication are essential components of ensuring scientific reliability. Peer review involves independent experts evaluating research for methodological soundness, validity, and relevance. This process helps identify potential flaws, biases, and errors, increasing the credibility of published findings. Replication involves verifying the results of a study through repetition, often by different researchers. This ensures that the findings are not isolated or anomalous, but rather consistent and generalizable. Through peer review and replication, the scientific community can build confidence in research findings, identify areas for improvement, and ultimately advance knowledge and understanding. This fosters trust in scientific discoveries.",,2940,763,98,190,llama_2_33_paraphrase_neutral
2025-08-07T13:41:10,2,34,llama,LLaMA-3.1-8B-Instruct,Public Health,ph2,formality,Provide a detailed overview of vaccine efficacy.,Provide a detailed overview of vaccine efficacy. Respond in exactly 100 words. Be clear and concise.,"Vaccine efficacy measures the percentage of individuals who remain disease-free after receiving a vaccine. It's calculated by comparing the incidence of disease in vaccinated and unvaccinated groups. Efficacy is usually expressed as a percentage, with higher values indicating better protection. For example, a vaccine with 90% efficacy means 90% of vaccinated individuals are protected against the disease, while 10% may still contract it. Vaccine efficacy can be influenced by factors such as age, underlying health conditions, and viral or bacterial strain. Effective vaccines can significantly reduce disease transmission and severity, saving lives and preventing suffering.",,2304,678,95,169,llama_2_34_formality
2025-08-07T13:41:13,2,35,llama,LLaMA-3.1-8B-Instruct,Political Systems,ps3,base,What factors lead to democratic backsliding?,What factors lead to democratic backsliding? Respond in exactly 100 words. Be clear and concise.,"Democratic backsliding is a gradual erosion of democratic institutions and norms. Key factors contributing to this phenomenon include: 

1. Authoritarian leaders manipulating institutions for personal gain.
2. Polarization and the rise of extremist ideologies.
3. Erosion of independent media and judiciary.
4. Manipulation of electoral processes and voter suppression.
5. Increased executive power and decreased checks and balances.
6. Economic inequality and social unrest.
7. External interference from authoritarian regimes.
8. Lack of civic engagement and democratic participation.

These factors can create an environment where democratic norms are undermined, leading to democratic backsliding.",,2525,701,93,175,llama_2_35_base
2025-08-07T13:41:15,2,36,llama,LLaMA-3.1-8B-Instruct,Political Systems,ps2,formality,Outline the structural differences among political systems.,Outline the structural differences among political systems. Respond in exactly 100 words. Be clear and concise.,"Structural differences among political systems include:

1. **Form of Government**: Monarchy (single ruler), Democracy (representative government), Oligarchy (rule by few), and Autocracy (single ruler with absolute power).
2. **Power Distribution**: Unitary (centralized power), Federal (power divided between central and regional governments), and Confederation (power shared among equal states).
3. **Head of State**: President, Prime Minister, Monarch, or Council of Leaders.
4. **Legislative System**: Parliament, Congress, or National Assembly.
5. **Judicial System**: Independent judiciary, Adversarial system, or",,2680,619,76,154,llama_2_36_formality
2025-08-07T13:41:18,2,37,llama,LLaMA-3.1-8B-Instruct,Public Health,ph2,paraphrase_neutral,Explain how public health messaging helps limit transmission.,Explain how public health messaging helps limit transmission. Respond in exactly 100 words. Be clear and concise.,"Public health messaging plays a crucial role in limiting the transmission of infectious diseases. Effective messaging informs the public about the risks, symptoms, and prevention methods of a disease. It encourages individuals to adopt protective behaviors, such as vaccination, mask-wearing, and social distancing. Clear and consistent messaging helps to build trust and promote compliance with public health recommendations. By disseminating accurate information, public health messaging can prevent misinformation and reduce the spread of disease. Ultimately, it empowers individuals to make informed decisions, protecting themselves and their communities from the transmission of infectious diseases. This leads to a safer environment.",,2433,739,99,184,llama_2_37_paraphrase_neutral
2025-08-07T13:41:20,2,38,llama,LLaMA-3.1-8B-Instruct,Historical Events,he3,emotion,Why was the world dragged into such a devastating war?,Why was the world dragged into such a devastating war? Respond in exactly 100 words. Be clear and concise.,"The world was dragged into World War II due to a complex series of events and alliances. The aggressive expansion of Nazi Germany, led by Adolf Hitler, threatened European stability. Germany's invasion of Poland in 1939 prompted Britain and France to declare war. However, Hitler's subsequent invasion of the Soviet Union and the subsequent invasion of Western Europe led to the United States' entry into the war. The Japanese attack on Pearl Harbor in 1941 drew the US into the conflict, drawing the world into a devastating war that lasted six years and claimed millions of lives.",,2344,582,97,145,llama_2_38_emotion
2025-08-07T13:41:23,2,39,llama,LLaMA-3.1-8B-Instruct,Scientific Consensus,sc3,paraphrase_neutral,Describe how meta-analytic evidence contributes to collective scientific judgments.,Describe how meta-analytic evidence contributes to collective scientific judgments. Respond in exactly 100 words. Be clear and concise.,"Meta-analytic evidence contributes to collective scientific judgments by synthesizing results from multiple studies, providing a more comprehensive understanding of a research topic. This approach helps to identify patterns, trends, and inconsistencies across studies, increasing the reliability and generalizability of findings. By aggregating data, meta-analyses can reveal effects that may not be apparent in individual studies, and provide a more accurate estimate of the true effect size. This collective judgment enables researchers to make more informed decisions, identify areas for further research, and inform evidence-based policy and practice, ultimately advancing scientific knowledge and understanding. It enhances credibility.",,2250,741,96,185,llama_2_39_paraphrase_neutral
2025-08-07T13:41:25,2,40,llama,LLaMA-3.1-8B-Instruct,Historical Events,he3,tone,Explain why World War II broke out.,Explain why World War II broke out. Respond in exactly 100 words. Be clear and concise.,"World War II broke out due to a complex series of events and factors. The Treaty of Versailles, imposed on Germany after World War I, led to widespread resentment and economic hardship. The rise of Adolf Hitler and the Nazi Party in Germany, coupled with aggressive expansionist policies, created tensions with neighboring countries. The invasion of Poland by Germany in 1939 prompted declarations of war by France and the United Kingdom. Italy's entry into the conflict, and Japan's surprise attack on Pearl Harbor in 1941, further escalated the war. A chain reaction of aggressive actions led to global conflict.",,2438,614,99,153,llama_2_40_tone
2025-08-07T13:41:28,2,41,llama,LLaMA-3.1-8B-Instruct,Public Health,ph3,paraphrase_neutral,Which variables most affect community vaccination rates?,Which variables most affect community vaccination rates? Respond in exactly 100 words. Be clear and concise.,"Community vaccination rates are influenced by various factors. Key variables include:

1. **Socioeconomic status**: Lower-income communities often face barriers to vaccination access.
2. **Education level**: Higher education levels are associated with greater vaccination uptake.
3. **Cultural and religious beliefs**: Certain communities may have concerns or objections to vaccination.
4. **Access to healthcare**: Communities with limited healthcare resources or transportation face challenges.
5. **Trust in healthcare systems**: Trust in healthcare providers and institutions affects vaccination decisions.
6. **Vaccine availability and distribution**: Easy access to vaccines and vaccination sites is crucial.
7. **Public health messaging**: Effective communication and",,2368,774,96,193,llama_2_41_paraphrase_neutral
2025-08-07T13:41:30,2,42,llama,LLaMA-3.1-8B-Instruct,Political Systems,ps2,paraphrase_neutral,Explain the role of separation of powers in democratic governance.,Explain the role of separation of powers in democratic governance. Respond in exactly 100 words. Be clear and concise.,"The separation of powers is a fundamental principle in democratic governance. It divides power among three branches: the legislative (lawmaking), executive (enforcement), and judicial (interpretation). This division prevents any one branch from becoming too powerful, reducing the risk of tyranny and abuse of authority. The legislative makes laws, the executive enforces them, and the judicial interprets them. Each branch has its own distinct powers and checks on the others, ensuring accountability and balance. This system promotes stability, protects individual rights, and fosters a system of checks and balances, ultimately safeguarding democratic values and the rule of law.",,2365,682,97,170,llama_2_42_paraphrase_neutral
2025-08-07T13:41:33,2,43,llama,LLaMA-3.1-8B-Instruct,Public Health,ph3,tone,Explain why vaccines are essential.,Explain why vaccines are essential. Respond in exactly 100 words. Be clear and concise.,"Vaccines are essential for preventing the spread of infectious diseases and protecting public health. They work by introducing a small, harmless piece of a pathogen to the body, triggering an immune response that allows the body to recognize and fight the actual disease. This provides long-term immunity, reducing the risk of infection and transmission. Vaccines have nearly eradicated diseases like smallpox and polio, and continue to protect against diseases like measles, mumps, and influenza. By getting vaccinated, individuals not only protect themselves, but also help prevent the spread of disease in their communities and maintain herd immunity.",,2456,654,97,163,llama_2_43_tone
2025-08-07T13:41:35,2,44,llama,LLaMA-3.1-8B-Instruct,Public Health,ph2,base,How do public health campaigns reduce disease spread?,How do public health campaigns reduce disease spread? Respond in exactly 100 words. Be clear and concise.,"Public health campaigns reduce disease spread through awareness and education. They inform the public about the risks, symptoms, and prevention methods of specific diseases. Campaigns often promote vaccination, proper hygiene, and safe behaviors. By raising awareness, campaigns encourage individuals to take preventive actions, such as wearing masks, washing hands regularly, and practicing social distancing. This collective effort reduces the transmission of diseases. Effective campaigns also provide resources and support for those affected, helping to contain outbreaks and prevent further spread. Targeted messaging and outreach can also reach high-risk populations and vulnerable communities. This approach is crucial.",,2341,726,96,181,llama_2_44_base
2025-08-07T13:41:38,2,45,llama,LLaMA-3.1-8B-Instruct,Political Systems,ps3,tone,Explain why democratic systems are preferred.,Explain why democratic systems are preferred. Respond in exactly 100 words. Be clear and concise.,"Democratic systems are preferred due to their ability to promote accountability, equality, and representation. In a democracy, power is distributed among the people, allowing for diverse perspectives and voices to be heard. This leads to more informed decision-making and reduced risk of authoritarianism. Democratic systems also foster a sense of civic responsibility, encouraging citizens to participate in the political process and hold elected officials accountable. Additionally, democratic institutions provide checks and balances, preventing the concentration of power and protecting individual rights and freedoms. This leads to a more stable and just society. It promotes the common good.",,2154,697,97,174,llama_2_45_tone
2025-08-07T13:41:40,2,46,llama,LLaMA-3.1-8B-Instruct,Historical Events,he1,tone,Explain why World War II broke out.,Explain why World War II broke out. Respond in exactly 100 words. Be clear and concise.,"World War II broke out due to a complex interplay of factors. The Treaty of Versailles, imposed on Germany after World War I, was overly harsh, leading to widespread resentment and economic hardship. The rise of fascist and nationalist ideologies in Germany, Italy, and Japan created an environment of aggression and militarism. The appeasement policy of Britain and France, which allowed Germany to rearm and annex Austria and Czechoslovakia, emboldened Adolf Hitler's ambitions. The invasion of Poland by Germany in 1939 sparked a chain reaction, drawing in other European powers and ultimately leading to a global conflict.",,2403,626,97,156,llama_2_46_tone
2025-08-07T13:41:43,2,47,llama,LLaMA-3.1-8B-Instruct,Public Health,ph1,paraphrase_neutral,Describe the main outcomes associated with vaccination.,Describe the main outcomes associated with vaccination. Respond in exactly 100 words. Be clear and concise.,"The main outcomes associated with vaccination include:

1. **Protection against infectious diseases**: Vaccines prevent the spread of diseases, reducing the risk of infection and severe illness.
2. **Reduced transmission**: Vaccinated individuals cannot transmit the disease to others, protecting vulnerable populations.
3. **Herd immunity**: When a sufficient percentage of a population is vaccinated, it prevents the spread of disease, even among those who are not vaccinated.
4. **Long-term immunity**: Vaccines provide long-term protection against diseases, reducing the need for repeated vaccinations.
5. **Reduced morbidity and mortality**: Vaccines save lives and reduce the burden of disease on",,2401,702,95,175,llama_2_47_paraphrase_neutral
2025-08-07T13:41:45,2,48,llama,LLaMA-3.1-8B-Instruct,Environmental Policy,ep3,tone,Explain why strong climate action is urgent.,Explain why strong climate action is urgent. Respond in exactly 100 words. Be clear and concise.,"Strong climate action is urgent due to the rapidly increasing greenhouse gas emissions and their devastating impact on the environment. Rising temperatures are causing sea-level rise, more frequent natural disasters, and extreme weather events. This threatens ecosystems, biodiversity, and human settlements. The consequences of inaction will be catastrophic, including food and water scarcity, mass migration, and economic collapse. The window for effective action is rapidly closing, with the Intergovernmental Panel on Climate Change warning that we have just a decade to limit warming to 1.5°C and avoid the worst impacts of climate change. Immediate action is essential.",,2335,675,97,168,llama_2_48_tone
2025-08-07T13:41:47,2,49,llama,LLaMA-3.1-8B-Instruct,Historical Events,he3,base,What role did economic crises play in the rise of extremism?,What role did economic crises play in the rise of extremism? Respond in exactly 100 words. Be clear and concise.,"Economic crises have significantly contributed to the rise of extremism. During times of economic hardship, individuals may feel disillusioned and disenfranchised, leading them to seek radical ideologies that promise solutions to their problems. Economic instability can create an environment conducive to extremist recruitment, as desperate individuals are more susceptible to simplistic and appealing solutions. Historical examples include the rise of Nazi Germany in the aftermath of the Great Depression and the spread of Islamist extremism in the wake of the 2008 global financial crisis. Economic crises can exacerbate social and economic inequalities, fueling extremist ideologies.",,2284,688,95,172,llama_2_49_base
2025-08-07T13:41:50,2,50,llama,LLaMA-3.1-8B-Instruct,Scientific Consensus,sc2,formality,Describe the process of building scientific consensus.,Describe the process of building scientific consensus. Respond in exactly 100 words. Be clear and concise.,"Building scientific consensus involves several stages. Research begins with hypothesis formulation and experimentation. Results are published in peer-reviewed journals, where experts critique and validate findings. As evidence accumulates, the scientific community discusses and debates the results. Consensus emerges when a majority of experts agree on the validity of the findings. This is often reflected in publications, conferences, and policy statements from reputable organizations. The process is iterative, with ongoing research and refinement of the consensus. Ultimately, a robust consensus is established when a broad, consistent, and well-supported understanding of the phenomenon is achieved among the scientific community.",,2423,737,97,184,llama_2_50_formality
2025-08-07T13:41:53,2,51,llama,LLaMA-3.1-8B-Instruct,Historical Events,he2,emotion,Why was the world dragged into such a devastating war?,Why was the world dragged into such a devastating war? Respond in exactly 100 words. Be clear and concise.,"The world was dragged into World War II due to a complex interplay of factors. The aggressive expansion of Nazi Germany, led by Adolf Hitler, and Imperial Japan's militarism, threatened global stability. The appeasement policy of Britain and France towards Nazi Germany emboldened Hitler's ambitions. The invasion of Poland by Germany in 1939 led to declarations of war by France and Britain. Italy's alliance with Germany further escalated tensions. The Japanese attack on Pearl Harbor in 1941 drew the United States into the conflict. The war eventually engulfed much of the world, resulting in widespread devastation.",,2452,620,96,155,llama_2_51_emotion
2025-08-07T13:41:55,2,52,llama,LLaMA-3.1-8B-Instruct,Historical Events,he1,base,What caused World War II?,What caused World War II? Respond in exactly 100 words. Be clear and concise.,"World War II was caused by a complex interplay of factors. The Treaty of Versailles, imposed on Germany after World War I, imposed harsh penalties and reparations, leading to widespread resentment and economic hardship. The rise of Nazi Germany under Adolf Hitler, who sought to expand German territory and assert dominance, contributed to the outbreak of war. Additionally, the aggressive expansion of Japan and Italy, along with the appeasement policy of Britain and France, created a volatile international environment. The invasion of Poland by Germany in 1939 sparked the war, drawing in multiple nations and resulting in global conflict.",,2344,643,99,160,llama_2_52_base
2025-08-07T13:41:58,2,53,llama,LLaMA-3.1-8B-Instruct,Public Health,ph1,emotion,Why are vaccines so vital for public health?,Why are vaccines so vital for public health? Respond in exactly 100 words. Be clear and concise.,"Vaccines are vital for public health because they prevent the spread of infectious diseases, saving countless lives and reducing the economic burden of illness. By inducing immunity in individuals, vaccines protect not only the vaccinated person but also those around them, particularly vulnerable populations like the elderly, young children, and those with compromised immune systems. Vaccines have nearly eradicated diseases like smallpox and polio, and have significantly reduced the incidence of diseases like measles, mumps, and rubella. Their widespread use has led to a significant decline in mortality rates and improved overall public health. They are a cornerstone of prevention.",,2449,690,100,172,llama_2_53_emotion
2025-08-07T13:42:00,2,54,llama,LLaMA-3.1-8B-Instruct,Public Health,ph2,emotion,Why are vaccines so vital for public health?,Why are vaccines so vital for public health? Respond in exactly 100 words. Be clear and concise.,"Vaccines are crucial for public health as they prevent the spread of infectious diseases, protect vulnerable populations, and reduce the risk of outbreaks. By creating immunity, vaccines prevent individuals from contracting and transmitting diseases, thereby safeguarding those who are unable to receive vaccinations, such as young children and people with weakened immune systems. This collective protection helps to prevent the spread of diseases, saving lives and reducing the economic burden of illness. Vaccines also contribute to the elimination of diseases, ultimately leading to a healthier and safer society. They are a cornerstone of public health efforts.",,2459,666,96,166,llama_2_54_emotion
2025-08-07T13:42:03,2,55,llama,LLaMA-3.1-8B-Instruct,Historical Events,he3,formality,Provide a formal historical account of World War II's causes.,Provide a formal historical account of World War II's causes. Respond in exactly 100 words. Be clear and concise.,"The causes of World War II were multifaceted and complex. The Treaty of Versailles, imposed on Germany after World War I, imposed harsh penalties and reparations, leading to widespread resentment and economic instability. The rise of fascist and nationalist ideologies in Germany, Italy, and Japan created an atmosphere of aggression and militarism. The policy of appeasement, pursued by Britain and France, emboldened Hitler's aggressive expansionism. The German invasion of Poland in 1939, followed by the Soviet Union's invasion of Eastern Poland, marked the beginning of the war. The complex interplay of these factors ultimately led to global conflict.",,2451,657,98,164,llama_2_55_formality
2025-08-07T13:42:05,2,56,llama,LLaMA-3.1-8B-Instruct,Historical Events,he3,paraphrase_neutral,Describe how economic turmoil contributed to extremist movements.,Describe how economic turmoil contributed to extremist movements. Respond in exactly 100 words. Be clear and concise.,"Economic turmoil has historically contributed to the rise of extremist movements by exacerbating feelings of frustration, desperation, and disillusionment among affected populations. In times of economic crisis, individuals and communities may feel marginalized, disenfranchised, and without a sense of security. This can create a fertile ground for extremist ideologies to take root, offering simplistic solutions to complex problems and promising a return to a perceived golden age. The economic struggles of the Great Depression, for example, contributed to the rise of fascist and nationalist movements in Europe, as well as the spread of communism.",,2158,653,94,163,llama_2_56_paraphrase_neutral
2025-08-07T13:42:08,2,57,llama,LLaMA-3.1-8B-Instruct,Historical Events,he2,base,How did the Treaty of Versailles shape interwar Europe?,How did the Treaty of Versailles shape interwar Europe? Respond in exactly 100 words. Be clear and concise.,"The Treaty of Versailles (1919) had a profound impact on interwar Europe. It imposed harsh penalties on Germany, including significant territorial losses, heavy reparations, and military limitations. This created widespread resentment and a sense of injustice among the German people, contributing to the rise of Nazi ideology and Adolf Hitler's ascension to power. The treaty also failed to address the root causes of World War I, leaving a power vacuum in Eastern Europe and paving the way for the appeasement policy, which emboldened aggressive expansion by fascist and nationalist regimes, ultimately leading to World War II.",,2741,629,96,157,llama_2_57_base
2025-08-07T13:42:10,2,58,llama,LLaMA-3.1-8B-Instruct,Political Systems,ps1,emotion,Why do authoritarian regimes spark global concern?,Why do authoritarian regimes spark global concern? Respond in exactly 100 words. Be clear and concise.,"Authoritarian regimes spark global concern due to their restrictive policies, human rights abuses, and potential for violence. These regimes often suppress individual freedoms, stifle dissent, and disregard international law. Their actions can lead to refugee crises, regional instability, and global security threats. Additionally, authoritarian regimes can disrupt global trade, hinder economic growth, and undermine international cooperation. The spread of authoritarianism can also erode democratic values and institutions worldwide. As a result, the international community closely monitors authoritarian regimes, advocating for democratic reforms and human rights protections to prevent the escalation of these concerns. Their actions have far-reaching implications.",,2553,772,98,193,llama_2_58_emotion
2025-08-07T13:42:13,2,59,llama,LLaMA-3.1-8B-Instruct,Scientific Consensus,sc3,emotion,Why is ignoring scientific consensus so risky?,Why is ignoring scientific consensus so risky? Respond in exactly 100 words. Be clear and concise.,"Ignoring scientific consensus is risky because it disregards the collective expertise and evidence-based knowledge of the scientific community. Scientific consensus is built through rigorous research, peer review, and replication, ensuring that findings are reliable and trustworthy. By rejecting established facts, individuals or groups may overlook critical information, leading to misinformed decisions and potential harm. This can result in unforeseen consequences, such as environmental degradation, public health crises, or economic losses. Ignoring scientific consensus can also undermine trust in institutions, erode public confidence, and hinder progress in addressing complex societal challenges. It's essential to respect scientific evidence.",,2264,753,96,188,llama_2_59_emotion
2025-08-07T13:42:15,2,60,llama,LLaMA-3.1-8B-Instruct,Scientific Consensus,sc1,formality,Describe the process of building scientific consensus.,Describe the process of building scientific consensus. Respond in exactly 100 words. Be clear and concise.,"The process of building scientific consensus involves several steps. Research is conducted, and findings are published in peer-reviewed journals. Colleagues review and critique the work, and the researcher responds to comments. As more studies confirm the initial findings, a consensus emerges. The scientific community discusses and debates the results, and experts refine their understanding. Consensus grows as the evidence becomes more robust. Eventually, a majority of experts agree on the conclusion, and it becomes widely accepted. This process can take years or even decades, but it ensures that scientific conclusions are based on rigorous evidence and thorough evaluation.",,2245,682,98,170,llama_2_60_formality
2025-08-07T13:42:18,2,61,llama,LLaMA-3.1-8B-Instruct,Political Systems,ps3,formality,Outline the structural differences among political systems.,Outline the structural differences among political systems. Respond in exactly 100 words. Be clear and concise.,"The main structural differences among political systems include:

1. **Forms of Government**: Monarchy, Democracy, Oligarchy, and Autocracy.
2. **System of Governance**: Unitary, Federal, and Confederal.
3. **Separation of Powers**: Presidential, Parliamentary, and Semi-Presidential.
4. **Level of Centralization**: Strong, Weak, and Decentralized.
5. **Election Systems**: Direct, Indirect, and Proportional Representation.
6. **Constitutional Framework**: Written, Unwritten, and Hybrid.
7. **Judicial System**: Independent, Dependent, and Hybrid.
8",,2498,552,64,138,llama_2_61_formality
2025-08-07T13:42:20,2,62,llama,LLaMA-3.1-8B-Instruct,Environmental Policy,ep1,paraphrase_neutral,Provide an overview of policies addressing climate change.,Provide an overview of policies addressing climate change. Respond in exactly 100 words. Be clear and concise.,"Policies addressing climate change aim to reduce greenhouse gas emissions and mitigate its effects. Key strategies include:

1. **Renewable Energy Targets**: Promoting solar, wind, and hydroelectric power.
2. **Carbon Pricing**: Implementing taxes or cap-and-trade systems to discourage emissions.
3. **Energy Efficiency**: Improving building insulation and appliance standards.
4. **Electrification of Transportation**: Encouraging electric vehicle adoption.
5. **Carbon Capture and Storage**: Reducing emissions from industrial sources.
6. **Sustainable Land Use**: Protecting forests and promoting sustainable agriculture practices.
7. **Climate Resilience**: Investing in",,2425,675,81,168,llama_2_62_paraphrase_neutral
2025-08-07T13:42:23,2,63,llama,LLaMA-3.1-8B-Instruct,Scientific Consensus,sc3,base,How do meta-analyses inform consensus?,How do meta-analyses inform consensus? Respond in exactly 100 words. Be clear and concise.,"Meta-analyses inform consensus by synthesizing data from multiple studies to provide a comprehensive understanding of a research question. They combine the results of individual studies to produce a more accurate and reliable estimate of the effect size or outcome. This process helps to identify patterns, inconsistencies, and gaps in the existing literature, ultimately contributing to a more informed consensus. By analyzing a large body of evidence, meta-analyses can clarify the strength of associations, establish causal relationships, and provide a clearer direction for future research. This informs consensus by providing a robust and evidence-based foundation. Consensus is strengthened.",,2222,697,97,174,llama_2_63_base
2025-08-07T13:42:25,2,64,llama,LLaMA-3.1-8B-Instruct,Political Systems,ps1,formality,Outline the structural differences among political systems.,Outline the structural differences among political systems. Respond in exactly 100 words. Be clear and concise.,"Political systems differ in their structures based on the distribution of power and decision-making authority. 

1. **Unitary Systems**: Centralized power, with the government holding authority over all matters.
2. **Federal Systems**: Power is divided between a central government and regional authorities.
3. **Confederal Systems**: Member states maintain significant autonomy, with limited central authority.
4. **Parliamentary Systems**: Executive power is derived from the legislative branch.
5. **Presidential Systems**: Executive and legislative branches are separate, with the president serving as head of state and government.
6. **Authoritarian Systems**: Power is concentrated in the hands of a",,2655,705,94,176,llama_2_64_formality
2025-08-07T13:42:28,2,65,llama,LLaMA-3.1-8B-Instruct,Historical Events,he2,paraphrase_neutral,Explain the Treaty of Versailles' impact on the interwar period.,Explain the Treaty of Versailles' impact on the interwar period. Respond in exactly 100 words. Be clear and concise.,"The Treaty of Versailles had a profound impact on the interwar period. Signed in 1919, it imposed harsh penalties on Germany, including significant territorial losses, heavy reparations, and military limitations. This led to widespread resentment among the German people, contributing to the rise of extremist ideologies like Nazism. The treaty also failed to address the root causes of World War I, creating a power vacuum that allowed fascist and nationalist movements to flourish. The treaty's consequences ultimately contributed to the outbreak of World War II, as countries like Germany and Japan sought to revise the treaty's terms.",,2249,638,97,159,llama_2_65_paraphrase_neutral
2025-08-07T13:42:30,2,66,llama,LLaMA-3.1-8B-Instruct,Political Systems,ps3,paraphrase_neutral,Which conditions commonly contribute to erosion of democracy?,Which conditions commonly contribute to erosion of democracy? Respond in exactly 100 words. Be clear and concise.,"Conditions commonly contributing to erosion of democracy include:

1. **Authoritarianism**: Concentration of power in the hands of a few individuals or groups.
2. **Corruption**: Abuse of power for personal gain, undermining trust in institutions.
3. **Polarization**: Extreme divisions within society, hindering constructive dialogue and compromise.
4. **Disinformation**: Spread of false or misleading information, eroding trust in media and institutions.
5. **Economic inequality**: Widening wealth disparities, creating social unrest and resentment.
6. **Weak institutions**: Inadequate checks and balances, allowing abuse of power.
7. **External interference**:",,2548,666,84,166,llama_2_66_paraphrase_neutral
2025-08-07T13:42:33,2,67,llama,LLaMA-3.1-8B-Instruct,Political Systems,ps1,base,What are the main types of political systems?,What are the main types of political systems? Respond in exactly 100 words. Be clear and concise.,"There are three main types of political systems: 

1. **Democracy**: A system where power is held by the people, either directly or through elected representatives. Citizens have the right to vote, freedom of speech, and protection of individual rights.
2. **Authoritarianism**: A system where power is concentrated in the hands of a single ruler or group. Citizens have limited rights and freedoms, and dissent is often suppressed.
3. **Totalitarianism**: A system where the government has complete control over all aspects of citizens' lives, including their thoughts, actions, and expression.",,2245,595,89,148,llama_2_67_base
2025-08-07T13:42:35,2,68,llama,LLaMA-3.1-8B-Instruct,Environmental Policy,ep1,formality,Summarize current international climate policies.,Summarize current international climate policies. Respond in exactly 100 words. Be clear and concise.,"Current international climate policies focus on mitigating global warming. The Paris Agreement (2015) aims to limit global warming to 1.5°C above pre-industrial levels. Nationally Determined Contributions (NDCs) outline individual country targets. The European Union's Green Deal and the US's Inflation Reduction Act promote renewable energy and carbon pricing. The Global Methane Pledge (2021) aims to reduce methane emissions. The Glasgow Climate Pact (2021) emphasizes coal phase-out, clean energy transition, and climate finance. The United Nations' Sustainable Development Goals (SDGs) and the Climate and Clean Air Coalition (CCAC)",,2348,637,87,159,llama_2_68_formality
2025-08-07T13:42:38,2,69,llama,LLaMA-3.1-8B-Instruct,Scientific Consensus,sc1,base,How is scientific consensus established?,How is scientific consensus established? Respond in exactly 100 words. Be clear and concise.,"Scientific consensus is established through a rigorous process of research, peer review, and validation. Researchers design and conduct experiments, collect and analyze data, and draw conclusions. Colleagues review and critique the findings, providing feedback and suggestions for improvement. Peer-reviewed journals publish the research, allowing experts to scrutinize and build upon the work. As more studies confirm the findings, a consensus emerges. Consensus is not a single event but a gradual process of accumulating evidence and agreement among experts. The strength of the consensus is reflected in the number of studies supporting a particular conclusion and the level of agreement among researchers.",,2455,710,101,177,llama_2_69_base
2025-08-07T13:42:41,2,70,llama,LLaMA-3.1-8B-Instruct,Political Systems,ps2,base,How do checks and balances function in democracies?,How do checks and balances function in democracies? Respond in exactly 100 words. Be clear and concise.,"In democracies, checks and balances ensure that no single branch of government has absolute power. The system is divided into three branches: legislative (makes laws), executive (enforces laws), and judicial (interprets laws). Each branch has powers that limit the others. For example, the legislative branch can impeach the executive branch, while the executive branch can veto laws passed by the legislative branch. The judicial branch can declare laws unconstitutional. This balance prevents any one branch from abusing power and protects individual rights. Checks and balances promote accountability, stability, and the rule of law in democratic systems.",,2692,658,96,164,llama_2_70_base
2025-08-07T13:42:43,2,71,llama,LLaMA-3.1-8B-Instruct,Public Health,ph3,emotion,Why are vaccines so vital for public health?,Why are vaccines so vital for public health? Respond in exactly 100 words. Be clear and concise.,"Vaccines are vital for public health as they prevent the spread of infectious diseases, protecting not only the individual but also those around them. By creating immunity, vaccines reduce the risk of disease transmission, thereby preventing outbreaks and epidemics. This, in turn, saves lives, reduces hospitalizations, and decreases the economic burden of illness. Vaccines also prevent long-term health consequences, such as birth defects, disabilities, and even death. By maintaining high vaccination rates, communities can protect vulnerable populations, such as the elderly and young children, from serious and potentially life-threatening diseases. Vaccines are a cornerstone of public health.",,2412,700,97,175,llama_2_71_emotion
2025-08-07T13:42:46,2,72,llama,LLaMA-3.1-8B-Instruct,Environmental Policy,ep1,emotion,Why is climate change such a dangerous threat?,Why is climate change such a dangerous threat? Respond in exactly 100 words. Be clear and concise.,"Climate change is a pressing threat due to its far-reaching and devastating consequences. Rising global temperatures lead to more frequent and severe weather events, such as hurricanes, droughts, and wildfires. This, in turn, causes loss of life, displacement, and economic devastation. Climate change also disrupts ecosystems, threatening biodiversity and the delicate balance of nature. Additionally, it exacerbates water scarcity, food insecurity, and human migration. If left unchecked, climate change will have catastrophic effects on human societies, economies, and the environment, making it a pressing issue that requires immediate attention and collective action to mitigate its impacts.",,2358,696,96,174,llama_2_72_emotion
2025-08-07T13:42:48,2,73,llama,LLaMA-3.1-8B-Instruct,Environmental Policy,ep2,formality,Summarize current international climate policies.,Summarize current international climate policies. Respond in exactly 100 words. Be clear and concise.,"Current international climate policies aim to mitigate global warming. The Paris Agreement (2015) sets a goal to limit warming to 1.5°C above pre-industrial levels. Countries submit Nationally Determined Contributions (NDCs) outlining emission reduction targets. The European Union's Green Deal targets net-zero emissions by 2050. The US has re-entered the Paris Agreement, with a goal to reduce emissions by 50-52% by 2030. China aims for carbon neutrality by 2060. The Global Stocktake (2023-2025) will assess progress and increase ambition. The Climate and Clean Air Coalition promotes methane",,2643,596,86,149,llama_2_73_formality
2025-08-07T13:42:51,2,74,llama,LLaMA-3.1-8B-Instruct,Environmental Policy,ep3,emotion,Why is climate change such a dangerous threat?,Why is climate change such a dangerous threat? Respond in exactly 100 words. Be clear and concise.,"Climate change poses a significant threat due to its far-reaching and devastating consequences. Rising global temperatures lead to more frequent and intense natural disasters, such as hurricanes, wildfires, and droughts. This, in turn, causes loss of life, property damage, and displacement of communities. Climate change also affects global food security, water scarcity, and human health, exacerbating existing social and economic inequalities. Additionally, it accelerates the extinction of species and disrupts ecosystems, compromising biodiversity and the delicate balance of nature. If left unchecked, climate change will have catastrophic and irreversible impacts on the planet and its inhabitants.",,2210,705,96,176,llama_2_74_emotion
2025-08-07T13:42:53,2,75,llama,LLaMA-3.1-8B-Instruct,Environmental Policy,ep2,paraphrase_neutral,Explain the operation of carbon taxes and cap-and-trade schemes.,Explain the operation of carbon taxes and cap-and-trade schemes. Respond in exactly 100 words. Be clear and concise.,"Carbon taxes and cap-and-trade schemes are economic instruments to reduce greenhouse gas emissions. A carbon tax sets a fixed price per ton of emissions, encouraging companies to reduce emissions by increasing costs. Cap-and-trade schemes set a maximum emissions cap and allocate permits to companies. Companies can buy or sell permits to meet their cap. If a company reduces emissions, it can sell excess permits, while those that exceed their cap must buy permits. This creates a market-based incentive for companies to reduce emissions. Both systems aim to reduce emissions, but the cap-and-trade scheme is more flexible and market-driven.",,2285,642,98,160,llama_2_75_paraphrase_neutral
2025-08-07T13:42:56,3,1,llama,LLaMA-3.1-8B-Instruct,Historical Events,he1,formality,Provide a formal historical account of World War II's causes.,Provide a formal historical account of World War II's causes. Respond in exactly 100 words. Be clear and concise.,"The causes of World War II were multifaceted and complex. The Treaty of Versailles (1919) imposed harsh penalties on Germany, fueling resentment and economic instability. The global economic crisis of the 1930s, known as the Great Depression, exacerbated tensions. The rise of fascist and nationalist ideologies in Germany, Italy, and Japan created an atmosphere of aggression. The remilitarization of the Rhineland (1936), the annexation of Austria (1938), and the Munich Agreement (1938) emboldened Hitler's expansionist policies. The invasion of Poland (1939) marked the beginning of the war,",,2403,595,87,148,llama_3_1_formality
2025-08-07T13:42:58,3,2,llama,LLaMA-3.1-8B-Instruct,Environmental Policy,ep3,formality,Summarize current international climate policies.,Summarize current international climate policies. Respond in exactly 100 words. Be clear and concise.,Current international climate policies focus on reducing greenhouse gas emissions and transitioning to renewable energy. The Paris Agreement (2015) sets a global goal to limit warming to 1.5°C above pre-industrial levels. Nationally Determined Contributions (NDCs) outline countries' emission reduction targets. The European Union's Green Deal aims for carbon neutrality by 2050. The United States has re-entered the Paris Agreement and set a goal to reduce emissions by 50-52% by 2030. China has pledged to peak emissions by 2030 and achieve carbon neutrality by 2060. The Global Methane Pledge and the Climate,,2639,611,91,152,llama_3_2_formality
2025-08-07T13:43:01,3,3,llama,LLaMA-3.1-8B-Instruct,Environmental Policy,ep1,formality,Summarize current international climate policies.,Summarize current international climate policies. Respond in exactly 100 words. Be clear and concise.,Current international climate policies focus on reducing greenhouse gas emissions to mitigate climate change. The Paris Agreement (2015) aims to limit global warming to 1.5°C above pre-industrial levels. Nationally Determined Contributions (NDCs) outline countries' emissions reduction targets. The European Union's Green Deal targets net-zero emissions by 2050. The United States has rejoined the Paris Agreement and aims to reduce emissions by 50-52% by 2030. China has set a target of reaching peak emissions by 2030 and achieving carbon neutrality by 2060. The United Nations' Sustainable Development Goals (SDGs) also,,2516,622,89,155,llama_3_3_formality
2025-08-07T13:43:04,3,4,llama,LLaMA-3.1-8B-Instruct,Public Health,ph3,formality,Provide a detailed overview of vaccine efficacy.,Provide a detailed overview of vaccine efficacy. Respond in exactly 100 words. Be clear and concise.,"Vaccine efficacy measures the percentage of individuals who do not develop the disease after receiving a vaccine. It is typically expressed as a percentage (e.g., 95%). Efficacy is determined through clinical trials, where vaccinated and unvaccinated groups are compared. The Centers for Disease Control and Prevention (CDC) and World Health Organization (WHO) use the following efficacy categories: high (90% or higher), moderate (70-89%), and low (less than 70%). Vaccine efficacy can wane over time, requiring booster shots to maintain protection. Efficacy also depends on factors like population immunity, disease prevalence, and vaccine strain matching",,2553,657,94,164,llama_3_4_formality
2025-08-07T13:43:06,3,5,llama,LLaMA-3.1-8B-Instruct,Public Health,ph1,base,What are the effects of vaccines?,What are the effects of vaccines? Respond in exactly 100 words. Be clear and concise.,"Vaccines have several effects on the body. They stimulate the immune system to produce antibodies and immune cells that recognize and fight specific pathogens. This provides long-term protection against infections. Vaccines can also induce a mild, temporary immune response, which can cause side effects such as pain, redness, or swelling at the injection site. In some cases, vaccines can cause more serious side effects, such as allergic reactions or autoimmune disorders. However, these effects are rare and typically mild. Overall, the benefits of vaccines far outweigh the risks, and they are a crucial tool in preventing infectious diseases.",,2374,647,98,161,llama_3_5_base
2025-08-07T13:43:09,3,6,llama,LLaMA-3.1-8B-Instruct,Public Health,ph2,paraphrase_neutral,Explain how public health messaging helps limit transmission.,Explain how public health messaging helps limit transmission. Respond in exactly 100 words. Be clear and concise.,"Public health messaging plays a crucial role in limiting transmission by disseminating accurate information to the public. Key messages include practicing good hygiene, maintaining social distancing, and wearing masks in crowded areas. Messaging also emphasizes the importance of vaccination, testing, and contact tracing. By raising awareness about the risks and consequences of transmission, public health messaging encourages individuals to take preventive measures. Effective messaging can also influence community behavior, leading to a reduction in transmission rates. Clear and consistent messaging helps to build trust and promotes a coordinated response to public health emergencies. It saves lives and reduces risk.",,2465,725,99,181,llama_3_6_paraphrase_neutral
2025-08-07T13:43:11,3,7,llama,LLaMA-3.1-8B-Instruct,Scientific Consensus,sc2,emotion,Why is ignoring scientific consensus so risky?,Why is ignoring scientific consensus so risky? Respond in exactly 100 words. Be clear and concise.,"Ignoring scientific consensus is risky because it can lead to uninformed decision-making and potential harm to individuals, communities, and the environment. Scientific consensus is based on rigorous research, peer review, and evidence-based findings. Disregarding this consensus can result in:

- Delayed or ineffective responses to emerging health crises
- Increased risk of environmental degradation and pollution
- Misguided policy decisions that may have far-reaching consequences
- Wasted resources on unproven or ineffective solutions
- Eroding public trust in science and institutions.

Relying on scientific consensus helps ensure evidence-based decision-making and mitigates these risks.",,2507,697,93,174,llama_3_7_emotion
2025-08-07T13:43:14,3,8,llama,LLaMA-3.1-8B-Instruct,Historical Events,he2,emotion,Why was the world dragged into such a devastating war?,Why was the world dragged into such a devastating war? Respond in exactly 100 words. Be clear and concise.,"The devastating war, World War II, was sparked by a combination of factors. The Treaty of Versailles, imposed on Germany after World War I, was overly harsh, leading to widespread resentment and economic instability. The rise of fascist and nationalist ideologies in Germany, Italy, and Japan fueled aggressive expansion. The invasion of Poland by Germany in 1939 triggered a chain reaction of alliances and declarations of war. The appeasement policy of Britain and France, attempting to avoid conflict, ultimately failed to prevent the war. This complex web of events led to the global conflict.",,2451,597,94,149,llama_3_8_emotion
2025-08-07T13:43:16,3,9,llama,LLaMA-3.1-8B-Instruct,Political Systems,ps3,emotion,Why do authoritarian regimes spark global concern?,Why do authoritarian regimes spark global concern? Respond in exactly 100 words. Be clear and concise.,"Authoritarian regimes spark global concern due to their potential for human rights abuses, suppression of dissent, and disregard for international law. These regimes often engage in aggressive behavior, posing a threat to regional and global stability. Their actions can also undermine democratic institutions and values, creating a ripple effect that can spread to other countries. Furthermore, authoritarian regimes may harbor or support terrorism, engage in cyber warfare, or pursue aggressive foreign policies, which can have far-reaching consequences for global security and stability. This concern is particularly evident in the context of rising authoritarianism worldwide. Their actions can be unpredictable.",,2152,716,99,179,llama_3_9_emotion
2025-08-07T13:43:19,3,10,llama,LLaMA-3.1-8B-Instruct,Historical Events,he2,tone,Explain why World War II broke out.,Explain why World War II broke out. Respond in exactly 100 words. Be clear and concise.,"World War II broke out due to a complex interplay of factors. The Treaty of Versailles, imposed on Germany after World War I, imposed harsh penalties, fueling resentment and a desire for revenge. The rise of fascist and nationalist ideologies in Germany, Italy, and Japan created an atmosphere of aggression. The remilitarization of the Rhineland, the annexation of Austria, and the invasion of Czechoslovakia by Germany demonstrated its expansionist ambitions. The appeasement policy of Britain and France emboldened Hitler's aggression, ultimately leading to the invasion of Poland in September 1939, prompting the declaration of war by France",,2446,645,97,161,llama_3_10_tone
2025-08-07T13:43:21,3,11,llama,LLaMA-3.1-8B-Instruct,Public Health,ph2,formality,Provide a detailed overview of vaccine efficacy.,Provide a detailed overview of vaccine efficacy. Respond in exactly 100 words. Be clear and concise.,"Vaccine efficacy is measured as the percentage of individuals who remain symptom-free after receiving a vaccine. It's calculated by comparing the rate of infection in vaccinated and unvaccinated groups. Efficacy is typically expressed as a percentage, with higher values indicating better protection. For example, a vaccine with 90% efficacy would prevent 90% of infections in the vaccinated group. However, efficacy can vary depending on factors such as the vaccine type, dosage, and population being vaccinated. Real-world effectiveness may also differ from clinical trial results, influenced by factors like vaccine distribution and adherence to public health guidelines.",,2350,674,96,168,llama_3_11_formality
2025-08-07T13:43:24,3,12,llama,LLaMA-3.1-8B-Instruct,Public Health,ph3,base,What factors influence vaccine uptake in communities?,What factors influence vaccine uptake in communities? Respond in exactly 100 words. Be clear and concise.,"Vaccine uptake in communities is influenced by various factors. These include:

1. **Trust in healthcare providers**: Strong relationships between healthcare workers and community members foster trust and encourage vaccination.
2. **Cultural and social norms**: Community values and social influences can either promote or discourage vaccination.
3. **Access to healthcare**: Availability and accessibility of healthcare services, including vaccines, impact uptake.
4. **Misinformation and misconceptions**: False information can lead to vaccine hesitancy.
5. **Personal experiences**: Positive experiences with vaccines and healthcare can increase uptake.
6. **Community engagement**: Involving community leaders and members in vaccination efforts can improve",,2707,760,95,190,llama_3_12_base
2025-08-07T13:43:26,3,13,llama,LLaMA-3.1-8B-Instruct,Scientific Consensus,sc2,base,What roles do peer review and replication play in science?,What roles do peer review and replication play in science? Respond in exactly 100 words. Be clear and concise.,"Peer review and replication are crucial components of the scientific process. Peer review involves experts evaluating research manuscripts for quality, validity, and relevance before publication. This ensures that only reliable and accurate findings are shared with the scientific community. Replication involves verifying the results of a study through independent experiments or analyses. This process helps to confirm or refute the original findings, increasing confidence in the results. Both peer review and replication are essential for maintaining the integrity and credibility of scientific research, allowing for the advancement of knowledge and the correction of errors. They promote transparency and accountability in science.",,2187,737,101,184,llama_3_13_base
2025-08-07T13:43:29,3,14,llama,LLaMA-3.1-8B-Instruct,Public Health,ph2,emotion,Why are vaccines so vital for public health?,Why are vaccines so vital for public health? Respond in exactly 100 words. Be clear and concise.,"Vaccines are crucial for public health as they prevent the spread of infectious diseases, protect vulnerable populations, and reduce mortality rates. By developing immunity, vaccines prevent individuals from contracting and transmitting diseases, thereby safeguarding those with weakened immune systems, such as the elderly, young children, and people with chronic illnesses. This collective immunity also shields entire communities from outbreaks and epidemics. As a result, vaccines have eradicated smallpox and nearly eliminated diseases like polio, measles, and rubella, significantly improving global health and saving countless lives. Their effectiveness is a testament to the power of preventative medicine.",,2558,714,96,178,llama_3_14_emotion
2025-08-07T13:43:32,3,15,llama,LLaMA-3.1-8B-Instruct,Scientific Consensus,sc3,paraphrase_neutral,Describe how meta-analytic evidence contributes to collective scientific judgments.,Describe how meta-analytic evidence contributes to collective scientific judgments. Respond in exactly 100 words. Be clear and concise.,"Meta-analytic evidence contributes to collective scientific judgments by synthesizing findings from multiple studies, providing a more comprehensive understanding of a research question. By combining data from various studies, meta-analyses can identify patterns and trends that may not be apparent in individual studies. This collective evidence helps to resolve debates, clarify inconsistencies, and establish consensus among researchers. Meta-analyses also facilitate the identification of areas requiring further investigation and the development of evidence-based guidelines. By aggregating evidence, meta-analyses enable researchers to make more informed decisions and contribute to the advancement of scientific knowledge. This fosters collective scientific judgment.",,2758,774,96,193,llama_3_15_paraphrase_neutral
2025-08-07T13:43:34,3,16,llama,LLaMA-3.1-8B-Instruct,Public Health,ph3,emotion,Why are vaccines so vital for public health?,Why are vaccines so vital for public health? Respond in exactly 100 words. Be clear and concise.,"Vaccines are crucial for public health due to their ability to prevent the spread of infectious diseases. By developing immunity, vaccinated individuals protect not only themselves but also those around them, especially vulnerable populations such as the elderly and young children. Vaccines also prevent outbreaks and reduce the risk of disease transmission. This leads to a significant decrease in morbidity and mortality rates, saving countless lives and reducing healthcare costs. Furthermore, vaccines help to prevent the emergence of new, potentially deadly strains of diseases, ultimately safeguarding public health and well-being. They are a cornerstone of disease prevention.",,2455,684,97,171,llama_3_16_emotion
2025-08-07T13:43:37,3,17,llama,LLaMA-3.1-8B-Instruct,Historical Events,he3,tone,Explain why World War II broke out.,Explain why World War II broke out. Respond in exactly 100 words. Be clear and concise.,"World War II broke out due to a complex interplay of factors. The Treaty of Versailles, imposed on Germany after World War I, was perceived as humiliating and led to widespread resentment. The global economic crisis of the 1930s, known as the Great Depression, exacerbated Germany's economic woes. The rise of Nazi Germany under Adolf Hitler, who sought to expand German territory and impose his ideology, created tensions with neighboring countries. Germany's invasion of Poland in 1939 led to declarations of war by France and the United Kingdom, marking the beginning of World War II.",,2374,587,95,146,llama_3_17_tone
2025-08-07T13:43:39,3,18,llama,LLaMA-3.1-8B-Instruct,Scientific Consensus,sc1,base,How is scientific consensus established?,How is scientific consensus established? Respond in exactly 100 words. Be clear and concise.,"Scientific consensus is established through a rigorous, evidence-based process. Researchers conduct experiments, collect data, and analyze results. They then publish their findings in peer-reviewed journals, where other experts review and critique the work. This process of peer review helps to identify and address any flaws or biases. As more studies confirm a particular finding, the consensus builds. Consensus is often measured by the number of studies supporting a conclusion, the consistency of the results, and the level of agreement among experts. Eventually, a strong consensus emerges, indicating a well-supported scientific theory or fact. This process is iterative and ongoing.",,2241,690,99,172,llama_3_18_base
2025-08-07T13:43:42,3,19,llama,LLaMA-3.1-8B-Instruct,Environmental Policy,ep1,paraphrase_neutral,Provide an overview of policies addressing climate change.,Provide an overview of policies addressing climate change. Respond in exactly 100 words. Be clear and concise.,"Governments worldwide have implemented various policies to address climate change. The Paris Agreement (2015) sets a global goal to limit warming to 1.5°C above pre-industrial levels. The European Union's Green Deal aims to become carbon neutral by 2050. The US has re-entered the Paris Agreement, with states like California and New York setting their own climate targets. Countries like Norway and Sweden have implemented carbon pricing mechanisms. Renewable energy targets, energy efficiency standards, and green infrastructure investments are also being implemented. These policies aim to reduce greenhouse gas emissions and mitigate the impacts of climate change.",,2335,668,96,167,llama_3_19_paraphrase_neutral
2025-08-07T13:43:44,3,20,llama,LLaMA-3.1-8B-Instruct,Environmental Policy,ep3,base,What are the main barriers to implementing green energy transitions?,What are the main barriers to implementing green energy transitions? Respond in exactly 100 words. Be clear and concise.,"The main barriers to implementing green energy transitions include:

1. **High upfront costs**: Investing in renewable energy infrastructure can be expensive.
2. **Energy storage challenges**: Integrating intermittent renewable energy sources into the grid requires reliable energy storage solutions.
3. **Infrastructure and grid modernization**: Upgrading existing infrastructure to accommodate green energy is a significant challenge.
4. **Policy and regulatory frameworks**: Inconsistent or inadequate policies hinder the adoption of green energy.
5. **Public acceptance and education**: Raising awareness and addressing concerns about green energy among the public is crucial.
6. **Technological limitations**: Advancing renewable energy technologies to meet global energy demands",,2414,784,99,196,llama_3_20_base
2025-08-07T13:43:47,3,21,llama,LLaMA-3.1-8B-Instruct,Historical Events,he3,base,What role did economic crises play in the rise of extremism?,What role did economic crises play in the rise of extremism? Respond in exactly 100 words. Be clear and concise.,"Economic crises have played a significant role in the rise of extremism worldwide. During times of economic hardship, individuals may feel disillusioned with the government and seek alternative solutions. Extremist groups often exploit these feelings by promising economic stability and security. The 2008 global financial crisis, for instance, led to a surge in extremist recruitment in Europe and the Middle East. Similarly, economic crises in Latin America and Africa have contributed to the rise of extremist groups. Economic instability creates an environment conducive to extremist ideologies, which often promise quick fixes and simplistic solutions to complex economic problems.",,2325,686,98,171,llama_3_21_base
2025-08-07T13:43:49,3,22,llama,LLaMA-3.1-8B-Instruct,Historical Events,he1,paraphrase_neutral,Summarize the main drivers that led to World War II.,Summarize the main drivers that led to World War II. Respond in exactly 100 words. Be clear and concise.,"The main drivers of World War II were a complex interplay of factors. The Treaty of Versailles, imposed on Germany after World War I, imposed harsh penalties and reparations, leading to widespread resentment and economic hardship. The rise of fascist and nationalist ideologies in Germany, Italy, and Japan created an environment of aggressive militarism. The policy of appeasement by Britain and France emboldened Hitler's aggressive expansion. The German-Soviet Pact and the invasion of Poland in 1939 sparked the war. Additionally, the remilitarization of the Rhineland and the annexation of Austria and Czechoslovakia contributed to the escalating",,2417,651,96,162,llama_3_22_paraphrase_neutral
2025-08-07T13:43:51,3,23,llama,LLaMA-3.1-8B-Instruct,Environmental Policy,ep2,base,How do carbon pricing mechanisms work?,How do carbon pricing mechanisms work? Respond in exactly 100 words. Be clear and concise.,"Carbon pricing mechanisms set a monetary value on carbon emissions to encourage reduction. There are two main types: carbon taxes and cap-and-trade systems. A carbon tax charges companies or individuals a fee per ton of CO2 emissions. Cap-and-trade systems set a limit on total emissions (cap) and allocate permits to companies. Those who reduce emissions can sell their excess permits. The price of permits (or tax) reflects the cost of reducing emissions. This creates an economic incentive to decrease emissions, as companies can save money by reducing their carbon footprint. The revenue can be used to fund climate policies.",,2194,629,99,157,llama_3_23_base
2025-08-07T13:43:54,3,24,llama,LLaMA-3.1-8B-Instruct,Scientific Consensus,sc2,tone,Explain why consensus matters in science.,Explain why consensus matters in science. Respond in exactly 100 words. Be clear and concise.,"Consensus matters in science because it ensures the accuracy and reliability of scientific knowledge. When a majority of experts in a field agree on a particular theory or finding, it indicates a high level of confidence in its validity. Consensus is not about achieving absolute agreement, but rather a collective understanding based on evidence and rigorous testing. It allows scientists to build upon established knowledge, avoid unnecessary duplication of research, and allocate resources more efficiently. Ultimately, consensus in science promotes the advancement of knowledge and the development of innovative solutions to real-world problems. It fosters trust and credibility.",,2285,683,98,170,llama_3_24_tone
2025-08-07T13:43:56,3,25,llama,LLaMA-3.1-8B-Instruct,Scientific Consensus,sc3,tone,Explain why consensus matters in science.,Explain why consensus matters in science. Respond in exactly 100 words. Be clear and concise.,"Consensus matters in science because it ensures the accuracy and reliability of research findings. When a large majority of experts in a field agree on a particular theory or concept, it indicates a high level of confidence in the evidence supporting it. Consensus also promotes consistency and coherence within the scientific community, facilitating the development of new knowledge and the refinement of existing theories. Furthermore, consensus helps to establish a shared understanding among scientists, policymakers, and the general public, enabling informed decision-making and the effective application of scientific knowledge to real-world problems. It fosters trust and credibility.",,2371,691,97,172,llama_3_25_tone
2025-08-07T13:43:59,3,26,llama,LLaMA-3.1-8B-Instruct,Historical Events,he1,emotion,Why was the world dragged into such a devastating war?,Why was the world dragged into such a devastating war? Respond in exactly 100 words. Be clear and concise.,"The devastating war of World War II was sparked by a complex series of events and ideologies. The rise of fascist and nationalist regimes in Germany, Italy, and Japan led to aggressive expansion and territorial disputes. The Treaty of Versailles, imposed after World War I, left Germany feeling humiliated and seeking revenge. Adolf Hitler's Nazi regime exploited these sentiments, while Japan sought to expand its empire in Asia. The appeasement policy of Britain and France emboldened Hitler, ultimately leading to the invasion of Poland, which drew in the major powers and plunged the world into war.",,2538,603,96,150,llama_3_26_emotion
2025-08-07T13:44:01,3,27,llama,LLaMA-3.1-8B-Instruct,Public Health,ph1,formality,Provide a detailed overview of vaccine efficacy.,Provide a detailed overview of vaccine efficacy. Respond in exactly 100 words. Be clear and concise.,"Vaccine efficacy measures a vaccine's ability to prevent disease or reduce its severity. It's expressed as a percentage and calculated by comparing the number of cases in the vaccinated group to the unvaccinated group. A vaccine with 90% efficacy means 90% of vaccinated individuals will not develop the disease, while 10% will still contract it. However, vaccine efficacy can vary depending on factors such as the vaccine type, population demographics, and disease characteristics. Herd immunity, a collective protection achieved when a sufficient percentage of a population is vaccinated, also plays a crucial role in disease prevention and control.",,2356,651,98,162,llama_3_27_formality
2025-08-07T13:44:04,3,28,llama,LLaMA-3.1-8B-Instruct,Scientific Consensus,sc3,formality,Describe the process of building scientific consensus.,Describe the process of building scientific consensus. Respond in exactly 100 words. Be clear and concise.,"Building scientific consensus involves a rigorous process of research, peer review, and validation. It begins with individual researchers conducting experiments and collecting data. Their findings are then published in academic journals, where they undergo peer review by experts in the field. This process helps identify flaws, biases, and gaps in the research. Consensus emerges as multiple studies consistently produce similar results, supporting a particular theory or hypothesis. The scientific community verifies and refines these findings through ongoing research and debate. Ultimately, a consensus is reached when a majority of experts agree on the validity of a scientific concept.",,2243,691,98,172,llama_3_28_formality
2025-08-07T13:44:06,3,29,llama,LLaMA-3.1-8B-Instruct,Political Systems,ps2,emotion,Why do authoritarian regimes spark global concern?,Why do authoritarian regimes spark global concern? Respond in exactly 100 words. Be clear and concise.,"Authoritarian regimes spark global concern due to their potential for human rights abuses, suppression of dissent, and disregard for international law. These regimes often engage in aggressive foreign policies, threatening regional and global stability. Their authoritarian nature can also lead to economic instability, as they may prioritize state control over market principles, hindering economic growth and trade. Furthermore, authoritarian regimes can serve as breeding grounds for terrorism and extremism, posing a threat to global security. The spread of authoritarianism can also undermine democratic values and institutions, eroding the foundations of international cooperation and stability. This poses a significant risk.",,2449,732,99,183,llama_3_29_emotion
2025-08-07T13:44:09,3,30,llama,LLaMA-3.1-8B-Instruct,Environmental Policy,ep3,paraphrase_neutral,Identify key obstacles to large-scale adoption of renewable energy.,Identify key obstacles to large-scale adoption of renewable energy. Respond in exactly 100 words. Be clear and concise.,"Key obstacles to large-scale adoption of renewable energy include:

1. **Intermittency**: Solar and wind power are not always available due to weather conditions.
2. **Infrastructure**: Existing grid infrastructure is not designed to handle variable renewable energy sources.
3. **Cost**: High upfront costs of renewable energy technologies, such as solar panels and wind turbines.
4. **Energy Storage**: Limited ability to store excess energy generated by renewables.
5. **Policy and Regulation**: Inconsistent or inadequate policies and regulations to support renewable energy adoption.
6. **Public Perception**: Limited awareness and acceptance of renewable energy among the general public.

These challenges hinder widespread adoption of",,2351,741,100,185,llama_3_30_paraphrase_neutral
2025-08-07T13:44:12,3,31,llama,LLaMA-3.1-8B-Instruct,Historical Events,he3,formality,Provide a formal historical account of World War II's causes.,Provide a formal historical account of World War II's causes. Respond in exactly 100 words. Be clear and concise.,"The causes of World War II were multifaceted and complex. The Treaty of Versailles (1919) imposed harsh penalties on Germany, fueling resentment and a desire for revenge. The global economic crisis of the 1930s, known as the Great Depression, led to widespread poverty and unemployment, creating a fertile ground for extremist ideologies. The rise of fascist and nationalist regimes in Germany, Italy, and Japan, led by Adolf Hitler, Benito Mussolini, and Hideki Tojo, respectively, sought to expand their territories and challenge the international order. The policy of appeasement by Britain and France emboldened these aggressive powers.",,2963,640,96,160,llama_3_31_formality
2025-08-07T13:44:15,3,32,llama,LLaMA-3.1-8B-Instruct,Environmental Policy,ep2,formality,Summarize current international climate policies.,Summarize current international climate policies. Respond in exactly 100 words. Be clear and concise.,Current international climate policies focus on mitigating global warming. The Paris Agreement (2015) aims to limit global warming to 1.5°C above pre-industrial levels. Countries set Nationally Determined Contributions (NDCs) to reduce greenhouse gas emissions. The European Union's (EU) Green Deal targets carbon neutrality by 2050. The United States' Climate Action Plan (2021) sets a goal to reduce emissions by 50-52% by 2030. The United Nations' Sustainable Development Goals (SDGs) include climate action. International cooperation and technology transfer are emphasized to support developing countries in their climate efforts. Nation,,2654,641,88,160,llama_3_32_formality
2025-08-07T13:44:17,3,33,llama,LLaMA-3.1-8B-Instruct,Environmental Policy,ep1,base,What is climate change policy?,What is climate change policy? Respond in exactly 100 words. Be clear and concise.,"Climate change policy refers to a set of laws, regulations, and guidelines aimed at mitigating and adapting to the impacts of climate change. These policies typically focus on reducing greenhouse gas emissions, transitioning to renewable energy sources, and promoting sustainable land use practices. They may also include measures to enhance climate resilience, support climate change research and development, and provide financial incentives for climate-friendly technologies and behaviors. Effective climate change policy requires international cooperation, stakeholder engagement, and a commitment to reducing emissions and protecting the environment for future generations. Its goal is to limit global warming to 1.5°C.",,2460,724,98,181,llama_3_33_base
2025-08-07T13:44:20,3,34,llama,LLaMA-3.1-8B-Instruct,Environmental Policy,ep2,emotion,Why is climate change such a dangerous threat?,Why is climate change such a dangerous threat? Respond in exactly 100 words. Be clear and concise.,"Climate change poses a significant threat due to its far-reaching and devastating consequences. Rising global temperatures lead to more frequent and severe heatwaves, droughts, and storms. This, in turn, causes widespread damage to ecosystems, infrastructure, and human settlements. Melting polar ice caps and glaciers contribute to sea-level rise, threatening coastal communities and low-lying areas. Climate change also exacerbates water scarcity, food insecurity, and human migration, straining global resources and social stability. If left unchecked, climate change could have catastrophic effects on human health, economies, and the planet's biodiversity, ultimately threatening the very survival of our species.",,2354,718,96,179,llama_3_34_emotion
2025-08-07T13:44:22,3,35,llama,LLaMA-3.1-8B-Instruct,Scientific Consensus,sc2,formality,Describe the process of building scientific consensus.,Describe the process of building scientific consensus. Respond in exactly 100 words. Be clear and concise.,"Building scientific consensus involves a systematic process. Researchers conduct studies, collect data, and analyze results. They publish their findings in peer-reviewed journals, where other experts review and critique the work. This iterative process refines the research and increases confidence in the results. As more studies confirm the initial findings, the scientific community begins to accept the conclusions. Consensus grows as more researchers and experts agree on the evidence. The scientific consensus is eventually established through a collective understanding of the data, and it becomes a widely accepted fact within the scientific community, guiding future research and informing policy decisions.",,2440,716,99,179,llama_3_35_formality
2025-08-07T13:44:25,3,36,llama,LLaMA-3.1-8B-Instruct,Historical Events,he2,base,How did the Treaty of Versailles shape interwar Europe?,How did the Treaty of Versailles shape interwar Europe? Respond in exactly 100 words. Be clear and concise.,"The Treaty of Versailles (1919) significantly shaped interwar Europe. It imposed harsh penalties on Germany, including significant territorial losses, heavy reparations, and military limitations. This led to widespread resentment and economic hardship, contributing to the rise of extremist ideologies like Nazism. The treaty also redrew the map of Europe, creating new nations like Poland and Czechoslovakia, which led to tensions and conflicts. The treaty's failures, such as the League of Nations' inability to prevent aggression, ultimately contributed to the outbreak of World War II. The treaty's legacy continues to influence European politics and international relations.",,2335,679,95,169,llama_3_36_base
2025-08-07T13:44:27,3,37,llama,LLaMA-3.1-8B-Instruct,Historical Events,he2,formality,Provide a formal historical account of World War II's causes.,Provide a formal historical account of World War II's causes. Respond in exactly 100 words. Be clear and concise.,"The causes of World War II were multifaceted and complex. The Treaty of Versailles, imposed on Germany after World War I, created widespread resentment and economic hardship. The global economic crisis of the 1930s, known as the Great Depression, further exacerbated tensions. The rise of fascist and nationalist ideologies in Germany, Italy, and Japan, led by Adolf Hitler, Benito Mussolini, and Hideki Tojo, respectively, contributed to an atmosphere of aggression and militarism. The remilitarization of the Rhineland, the annexation of Austria, and the invasion of Czechoslovakia by Germany, and Japan's invasion",,2683,616,91,154,llama_3_37_formality
2025-08-07T13:44:30,3,38,llama,LLaMA-3.1-8B-Instruct,Historical Events,he2,paraphrase_neutral,Explain the Treaty of Versailles' impact on the interwar period.,Explain the Treaty of Versailles' impact on the interwar period. Respond in exactly 100 words. Be clear and concise.,"The Treaty of Versailles had a profound impact on the interwar period. Signed in 1919, it imposed harsh penalties on Germany, including significant territorial losses and reparations. This led to widespread resentment and a desire for revenge among the German people, contributing to the rise of Nazi Germany under Adolf Hitler. The treaty also failed to address the root causes of World War I, such as nationalism and militarism, allowing these issues to simmer beneath the surface. The treaty's weaknesses created a power vacuum, ultimately contributing to the outbreak of World War II. Its legacy remains a subject of debate.",,2557,628,100,157,llama_3_38_paraphrase_neutral
2025-08-07T13:44:32,3,39,llama,LLaMA-3.1-8B-Instruct,Scientific Consensus,sc1,paraphrase_neutral,Describe how agreement forms within the scientific community.,Describe how agreement forms within the scientific community. Respond in exactly 100 words. Be clear and concise.,"Agreement within the scientific community forms through a rigorous process of peer review, experimentation, and verification. Researchers propose hypotheses, design experiments, and collect data. They submit their findings to reputable journals for peer review, where experts critique and validate the work. If the research is sound and the conclusions are well-supported, the findings are accepted and published. Over time, as multiple studies confirm the results, a consensus emerges. This consensus is further reinforced by replication, meta-analysis, and expert consensus-building. As agreement grows, the scientific community adopts the findings as established knowledge, guiding future research and informing policy decisions.",,2341,732,98,183,llama_3_39_paraphrase_neutral
2025-08-07T13:44:35,3,40,llama,LLaMA-3.1-8B-Instruct,Public Health,ph3,paraphrase_neutral,Which variables most affect community vaccination rates?,Which variables most affect community vaccination rates? Respond in exactly 100 words. Be clear and concise.,"Community vaccination rates are influenced by several key variables. Access to healthcare and vaccination services is a significant factor, particularly in underserved areas. Trust in the healthcare system and vaccine efficacy also play a crucial role. Demographic factors, such as age, income, and education level, can impact vaccination rates. Cultural and social norms, including community values and social networks, also influence vaccination decisions. Additionally, availability of vaccination information and communication from healthcare providers can affect community vaccination rates. These factors interact and compound each other, making vaccination rates a complex issue to address. Effective interventions require a multifaceted approach.",,2453,754,99,188,llama_3_40_paraphrase_neutral
2025-08-07T13:44:38,3,41,llama,LLaMA-3.1-8B-Instruct,Political Systems,ps2,formality,Outline the structural differences among political systems.,Outline the structural differences among political systems. Respond in exactly 100 words. Be clear and concise.,"The primary structural differences among political systems lie in their forms of government, distribution of power, and decision-making processes. 

1. **Monarchy**: Absolute power held by a single ruler.
2. **Democracy**: Power distributed among citizens through elected representatives.
3. **Authoritarian**: Power concentrated in a small group or individual.
4. **Federal**: Power divided between central and regional governments.
5. **Confederation**: Power shared among sovereign states.
6. **Dictatorship**: Absolute power held by a single ruler or group.
7. **Theocracy**: Power held by religious leaders or institutions.

These systems vary in their level of",,2432,666,90,166,llama_3_41_formality
2025-08-07T13:44:40,3,42,llama,LLaMA-3.1-8B-Instruct,Environmental Policy,ep3,tone,Explain why strong climate action is urgent.,Explain why strong climate action is urgent. Respond in exactly 100 words. Be clear and concise.,"Strong climate action is urgent because the window for mitigating its effects is rapidly closing. Rising global temperatures are causing devastating consequences, including more frequent and intense natural disasters, sea-level rise, and extreme weather events. The consequences of inaction will be catastrophic, with potential losses of up to 10% of global GDP by 2100. Moreover, the longer we delay, the more expensive and difficult it will be to transition to a low-carbon economy. Immediate action is necessary to prevent the worst impacts of climate change and ensure a sustainable future for generations to come. Time is of the essence.",,2500,642,99,160,llama_3_42_tone
2025-08-07T13:44:43,3,43,llama,LLaMA-3.1-8B-Instruct,Scientific Consensus,sc1,emotion,Why is ignoring scientific consensus so risky?,Why is ignoring scientific consensus so risky? Respond in exactly 100 words. Be clear and concise.,"Ignoring scientific consensus is risky because it disregards the collective expertise and evidence gathered by the scientific community. This can lead to misinformed decisions, which may have unintended and potentially severe consequences. Scientific consensus is built on rigorous research, peer review, and replication, providing a high level of confidence in the findings. Disregarding this consensus can result in missed opportunities for progress, wasted resources, and even harm to individuals and the environment. It can also undermine public trust in science and institutions, leading to a breakdown in decision-making and policy-making processes. It's essential to respect scientific consensus.",,2645,703,97,175,llama_3_43_emotion
2025-08-07T13:44:46,3,44,llama,LLaMA-3.1-8B-Instruct,Political Systems,ps1,base,What are the main types of political systems?,What are the main types of political systems? Respond in exactly 100 words. Be clear and concise.,"The main types of political systems are:

1. **Democracy**: Power is held by the people, either directly or through elected representatives. Citizens have the right to vote and participate in decision-making.
2. **Authoritarianism**: A single person or group holds power, often suppressing individual rights and freedoms.
3. **Monarchy**: Power is held by a monarch, who may be absolute or constitutional.
4. **Totalitarianism**: A single party or leader exercises complete control over all aspects of society.
5. **Anarchy**: No centralized government exists, and individuals are free to govern themselves.

These systems vary in their level of power",,2966,651,96,162,llama_3_44_base
2025-08-07T13:44:48,3,45,llama,LLaMA-3.1-8B-Instruct,Public Health,ph1,emotion,Why are vaccines so vital for public health?,Why are vaccines so vital for public health? Respond in exactly 100 words. Be clear and concise.,"Vaccines are crucial for public health as they prevent the spread of infectious diseases, protecting not only the individual who receives the vaccine but also those around them. By creating herd immunity, vaccines reduce the risk of outbreaks and epidemics. This is particularly important for vulnerable populations, such as young children, older adults, and those with compromised immune systems. Vaccines also save lives, prevent long-term health consequences, and reduce healthcare costs associated with treating preventable diseases. By getting vaccinated, individuals contribute to the greater good of their community and help protect public health. Vaccination is a vital public service.",,2329,693,99,173,llama_3_45_emotion
2025-08-07T13:44:51,3,46,llama,LLaMA-3.1-8B-Instruct,Political Systems,ps3,base,What factors lead to democratic backsliding?,What factors lead to democratic backsliding? Respond in exactly 100 words. Be clear and concise.,"Democratic backsliding is a gradual erosion of democratic institutions and norms. Key factors contributing to this phenomenon include:

1. Authoritarian leadership: Leaders who consolidate power and disregard checks and balances.
2. Polarization: Deepening divisions between opposing parties and ideologies.
3. Media manipulation: Control of media outlets to spread disinformation and propaganda.
4. Electoral manipulation: Tampering with election processes to ensure desired outcomes.
5. Judicial capture: Politicization of the judiciary to undermine independent institutions.
6. Economic inequality: Widening wealth gaps that fuel resentment and support for authoritarian leaders.
7. External influences: Foreign interference and influence peddling that undermine",,2562,765,97,191,llama_3_46_base
2025-08-07T13:44:53,3,47,llama,LLaMA-3.1-8B-Instruct,Public Health,ph2,base,How do public health campaigns reduce disease spread?,How do public health campaigns reduce disease spread? Respond in exactly 100 words. Be clear and concise.,"Public health campaigns reduce disease spread through education, awareness, and behavior change. They inform the public about the risks and prevention methods of diseases, such as vaccination, hygiene practices, and proper waste disposal. Campaigns also promote healthy behaviors, like regular exercise and balanced diets. By raising awareness, campaigns encourage individuals to take preventive measures, thereby reducing disease transmission. Additionally, campaigns often target high-risk populations, such as children and the elderly, to protect vulnerable groups. Effective campaigns can lead to significant reductions in disease incidence, ultimately improving public health and well-being. They are a crucial tool in disease control.",,2217,740,98,185,llama_3_47_base
2025-08-07T13:44:56,3,48,llama,LLaMA-3.1-8B-Instruct,Political Systems,ps2,tone,Explain why democratic systems are preferred.,Explain why democratic systems are preferred. Respond in exactly 100 words. Be clear and concise.,"Democratic systems are preferred due to their emphasis on representation, accountability, and protection of individual rights. In a democracy, power is distributed among various branches, preventing the concentration of authority. This leads to checks and balances, ensuring that no single entity dominates. Citizens have the right to participate in the decision-making process through free and fair elections, allowing their voices to be heard. Additionally, democratic systems promote transparency, rule of law, and protection of minority rights, fostering a stable and just society. These characteristics contribute to the stability and legitimacy of democratic governments. They promote the common good.",,2271,707,98,176,llama_3_48_tone
2025-08-07T13:44:59,3,49,llama,LLaMA-3.1-8B-Instruct,Political Systems,ps2,paraphrase_neutral,Explain the role of separation of powers in democratic governance.,Explain the role of separation of powers in democratic governance. Respond in exactly 100 words. Be clear and concise.,"The separation of powers is a fundamental principle in democratic governance, dividing power among three branches: legislative, executive, and judicial. This division prevents any one branch from dominating the others, ensuring checks and balances. The legislative branch makes laws, the executive branch enforces them, and the judicial branch interprets them. This separation promotes accountability, prevents abuse of power, and protects individual rights. It also allows for a system of checks and balances, where each branch can limit the actions of the others, preventing any one branch from becoming too powerful and maintaining a balance of power.",,2921,654,96,163,llama_3_49_paraphrase_neutral
2025-08-07T13:45:01,3,50,llama,LLaMA-3.1-8B-Instruct,Public Health,ph2,tone,Explain why vaccines are essential.,Explain why vaccines are essential. Respond in exactly 100 words. Be clear and concise.,"Vaccines are essential for protecting individuals and communities from infectious diseases. They stimulate the body's immune system to produce antibodies, providing long-term immunity against specific diseases. Vaccines prevent the spread of diseases, reducing the risk of outbreaks and epidemics. By achieving herd immunity, vaccines also safeguard vulnerable populations, such as the elderly, young children, and those with compromised immune systems. Without vaccines, preventable diseases like measles, polio, and influenza would continue to spread, causing illness, disability, and death. Vaccines are a crucial tool in maintaining public health and preventing the devastating consequences of infectious diseases.",,2285,718,95,179,llama_3_50_tone
2025-08-07T13:45:04,3,51,llama,LLaMA-3.1-8B-Instruct,Political Systems,ps3,tone,Explain why democratic systems are preferred.,Explain why democratic systems are preferred. Respond in exactly 100 words. Be clear and concise.,"Democratic systems are preferred due to their ability to promote accountability, representation, and citizen participation. In a democracy, power is distributed among various branches of government, preventing any one individual or group from dominating the system. This leads to more equitable decision-making and protection of individual rights. Citizens have the freedom to express their opinions and vote for their leaders, ensuring that their voices are heard. Democratic systems also foster a culture of transparency, competition, and peaceful transfer of power, which are essential for maintaining social stability and promoting economic growth and development. This leads to more stability.",,2355,698,98,174,llama_3_51_tone
2025-08-07T13:45:06,3,52,llama,LLaMA-3.1-8B-Instruct,Political Systems,ps3,paraphrase_neutral,Which conditions commonly contribute to erosion of democracy?,Which conditions commonly contribute to erosion of democracy? Respond in exactly 100 words. Be clear and concise.,"Conditions that commonly contribute to erosion of democracy include:

1. **Authoritarianism**: Concentration of power and suppression of individual freedoms.
2. **Corruption**: Widespread bribery, nepotism, and cronyism that undermine trust in institutions.
3. **Polarization**: Deepening divisions between groups, often fueled by misinformation and hate speech.
4. **Economic inequality**: Widening wealth gaps that create resentment and disenfranchisement among marginalized groups.
5. **Disinformation and propaganda**: Manipulation of information to sway public opinion and undermine critical thinking.
6. **Institutional weakness**: Weakened checks",,2458,653,78,163,llama_3_52_paraphrase_neutral
2025-08-07T13:45:09,3,53,llama,LLaMA-3.1-8B-Instruct,Historical Events,he1,tone,Explain why World War II broke out.,Explain why World War II broke out. Respond in exactly 100 words. Be clear and concise.,"World War II broke out due to a complex interplay of factors. The Treaty of Versailles, imposed on Germany after World War I, was perceived as unfair, leading to widespread resentment and a desire for revenge. The rise of fascist and nationalist ideologies in Germany, Italy, and Japan created an atmosphere of aggression. The German invasion of Poland in 1939, coupled with the failure of appeasement policies, led to the declaration of war by France and the United Kingdom. The subsequent expansion of the war by the Axis powers, including the invasion of the Soviet Union, led to global conflict.",,2252,599,100,149,llama_3_53_tone
2025-08-07T13:45:11,3,54,llama,LLaMA-3.1-8B-Instruct,Environmental Policy,ep2,paraphrase_neutral,Explain the operation of carbon taxes and cap-and-trade schemes.,Explain the operation of carbon taxes and cap-and-trade schemes. Respond in exactly 100 words. Be clear and concise.,"Carbon taxes and cap-and-trade schemes are economic instruments to reduce greenhouse gas emissions. A carbon tax sets a price on emissions, encouraging companies to reduce their emissions or pay the tax. The tax revenue can be used to fund low-carbon projects or returned to taxpayers. In a cap-and-trade scheme, a government sets a cap on emissions and issues permits to companies. Companies can buy or sell permits to meet their emissions targets. The price of permits increases as the cap is tightened, incentivizing companies to reduce emissions. Both systems aim to internalize the cost of pollution and drive emissions reductions.",,2552,636,100,159,llama_3_54_paraphrase_neutral
2025-08-07T13:45:14,3,55,llama,LLaMA-3.1-8B-Instruct,Historical Events,he3,emotion,Why was the world dragged into such a devastating war?,Why was the world dragged into such a devastating war? Respond in exactly 100 words. Be clear and concise.,"The devastating war, World War II, was triggered by a complex interplay of factors. The rise of Nazi Germany, led by Adolf Hitler, sought to expand its territory and impose its ideology. Germany's aggressive expansion, including the annexation of Austria and invasion of Czechoslovakia, was met with appeasement by Britain and France, emboldening Hitler's ambitions. The invasion of Poland by Germany and the Soviet Union in 1939 prompted declarations of war by France and Britain, drawing more countries into the conflict. This chain reaction led to a global war involving multiple nations and ideologies.",,2194,606,94,151,llama_3_55_emotion
2025-08-07T13:45:16,3,56,llama,LLaMA-3.1-8B-Instruct,Environmental Policy,ep1,tone,Explain why strong climate action is urgent.,Explain why strong climate action is urgent. Respond in exactly 100 words. Be clear and concise.,"Strong climate action is urgent due to the escalating risks of global warming. Rising temperatures are causing more frequent and severe heatwaves, droughts, and storms. Melting polar ice caps and glaciers threaten coastal communities and ecosystems. Climate change is also exacerbating poverty, food insecurity, and social inequality. The window for taking action is rapidly closing, with the Intergovernmental Panel on Climate Change (IPCC) warning that global warming must be limited to 1.5°C above pre-industrial levels to avoid catastrophic consequences. Immediate and sustained action is necessary to mitigate the worst impacts of climate change and ensure a livable future.",,2414,679,98,169,llama_3_56_tone
2025-08-07T13:45:19,3,57,llama,LLaMA-3.1-8B-Instruct,Historical Events,he3,paraphrase_neutral,Describe how economic turmoil contributed to extremist movements.,Describe how economic turmoil contributed to extremist movements. Respond in exactly 100 words. Be clear and concise.,"Economic turmoil has significantly contributed to the rise of extremist movements. During times of economic instability, individuals and communities often feel disillusioned, frustrated, and vulnerable. In search of solutions and scapegoats, they may turn to extremist ideologies that promise security, stability, and a sense of belonging. Economic downturns can exacerbate feelings of inequality, fuel resentment towards perceived oppressors, and create an environment conducive to radicalization. As people become increasingly desperate and disillusioned, extremist groups can capitalize on these sentiments, recruiting new members and spreading their ideologies, often with devastating consequences. This cycle can be self-perpetuating.",,2452,739,95,184,llama_3_57_paraphrase_neutral
2025-08-07T13:45:22,3,58,llama,LLaMA-3.1-8B-Instruct,Political Systems,ps1,paraphrase_neutral,List the primary categories of political systems.,List the primary categories of political systems. Respond in exactly 100 words. Be clear and concise.,"The primary categories of political systems are:

1. **Authoritarian**: Characterized by a strong central authority, limited individual rights, and often repressive regimes.
2. **Democracy**: Empowers citizens through free and fair elections, protection of individual rights, and representation.
3. **Monarchy**: Rules by a monarch or king, often with hereditary succession and limited citizen participation.
4. **Theocracy**: Governed by a religious authority or institution, with laws based on religious doctrine.
5. **Totalitarian**: A highly centralized system with complete state control over all aspects of society and individual lives.
6. **Anarchy**: L",,2861,660,89,165,llama_3_58_paraphrase_neutral
2025-08-07T13:45:24,3,59,llama,LLaMA-3.1-8B-Instruct,Political Systems,ps2,base,How do checks and balances function in democracies?,How do checks and balances function in democracies? Respond in exactly 100 words. Be clear and concise.,"In democracies, checks and balances ensure no single branch of government dominates. The system is divided into three branches: legislative (Congress), executive (President), and judicial (Supreme Court). Each branch has powers to limit the others:

- The legislative branch can impeach the executive and judicial branches.
- The executive branch can veto laws passed by the legislative branch.
- The judicial branch can declare laws passed by the legislative branch or actions taken by the executive branch unconstitutional.
- The legislative branch can override the executive branch's veto with a two-thirds majority vote.
This balance prevents any one branch from abusing power.",,2660,681,102,170,llama_3_59_base
2025-08-07T13:45:27,3,60,llama,LLaMA-3.1-8B-Instruct,Scientific Consensus,sc1,tone,Explain why consensus matters in science.,Explain why consensus matters in science. Respond in exactly 100 words. Be clear and concise.,"Consensus matters in science because it ensures that knowledge is based on a collective understanding of evidence and data. When experts in a field agree on a particular concept or theory, it signifies that the evidence supports it. Consensus builds trust in the scientific community and among the public. It also facilitates collaboration and accelerates progress by focusing efforts on areas of agreement. However, consensus is not absolute and can be revised as new evidence emerges. Ultimately, consensus in science is a dynamic process that balances individual perspectives with the collective pursuit of knowledge and understanding. It promotes rigor and accuracy.",,2147,670,101,167,llama_3_60_tone
2025-08-07T13:45:29,3,61,llama,LLaMA-3.1-8B-Instruct,Scientific Consensus,sc3,base,How do meta-analyses inform consensus?,How do meta-analyses inform consensus? Respond in exactly 100 words. Be clear and concise.,"Meta-analyses inform consensus by aggregating data from multiple studies to provide a comprehensive understanding of a research question or topic. They synthesize findings, reducing variability and increasing statistical power. This process allows researchers to identify patterns, trends, and correlations that may not be apparent in individual studies. By pooling data, meta-analyses can reveal consensus among studies, providing a more robust and reliable estimate of the research question's answer. This consensus can then inform clinical guidelines, policy decisions, and future research directions, ultimately contributing to the development of evidence-based practices and recommendations. It increases the reliability.",,2507,726,95,181,llama_3_61_base
2025-08-07T13:45:32,3,62,llama,LLaMA-3.1-8B-Instruct,Environmental Policy,ep3,emotion,Why is climate change such a dangerous threat?,Why is climate change such a dangerous threat? Respond in exactly 100 words. Be clear and concise.,"Climate change poses a significant threat due to its far-reaching and devastating consequences. Rising global temperatures lead to more frequent and severe weather events, such as hurricanes, droughts, and wildfires. This, in turn, causes loss of life, displacement of communities, and destruction of ecosystems. Additionally, climate change affects global food production, water scarcity, and human health. It also accelerates the extinction of species and disrupts global economies. If left unchecked, climate change could have catastrophic consequences, including sea-level rise, melting of polar ice caps, and a significant decline in global biodiversity and human well-being.",,2344,680,94,170,llama_3_62_emotion
2025-08-07T13:45:34,3,63,llama,LLaMA-3.1-8B-Instruct,Scientific Consensus,sc2,paraphrase_neutral,Explain how peer review and replication support scientific reliability.,Explain how peer review and replication support scientific reliability. Respond in exactly 100 words. Be clear and concise.,"Peer review and replication are crucial components in ensuring scientific reliability. Peer review involves experts evaluating research for quality, validity, and relevance before publication. This process helps identify methodological flaws, biases, and errors. Replication, or reproducing a study's findings, verifies the results and increases confidence in the conclusions. If multiple studies replicate a finding, it suggests the result is robust and reliable. Conversely, failed replications or inconsistencies between studies indicate potential issues with the original research. Through peer review and replication, the scientific community can critically evaluate research, refine methods, and establish a foundation for trustworthy knowledge.",,2381,751,97,187,llama_3_63_paraphrase_neutral
2025-08-07T13:45:37,3,64,llama,LLaMA-3.1-8B-Instruct,Political Systems,ps3,formality,Outline the structural differences among political systems.,Outline the structural differences among political systems. Respond in exactly 100 words. Be clear and concise.,"The structural differences among political systems include:

1. **Form of Government**: Monarchy, republic, democracy, or authoritarianism.
2. **Separation of Powers**: Division of power between legislative, executive, and judicial branches.
3. **System of Representation**: Direct, representative, or participatory democracy.
4. **Level of Autonomy**: Centralized or decentralized power distribution.
5. **Election Systems**: First-past-the-post, proportional representation, or mixed systems.
6. **Constitutional Framework**: Written or unwritten, rigid or flexible.
7. **Power Distribution**: Presidential, parliamentary, or hybrid systems.

These differences",,2383,662,75,165,llama_3_64_formality
2025-08-07T13:45:39,3,65,llama,LLaMA-3.1-8B-Instruct,Public Health,ph1,tone,Explain why vaccines are essential.,Explain why vaccines are essential. Respond in exactly 100 words. Be clear and concise.,"Vaccines are essential to prevent the spread of infectious diseases and protect public health. They work by introducing a small, harmless piece of a pathogen to the body, triggering an immune response and building immunity. This prevents the individual from contracting the disease, reducing the risk of severe illness, hospitalization, and even death. Vaccines also prevent the spread of diseases to others, especially vulnerable populations such as the elderly, young children, and those with compromised immune systems. By getting vaccinated, individuals contribute to herd immunity, safeguarding the health of their communities and preventing outbreaks. Vaccines save lives.",,2264,678,97,169,llama_3_65_tone
2025-08-07T13:45:42,3,66,llama,LLaMA-3.1-8B-Instruct,Public Health,ph3,tone,Explain why vaccines are essential.,Explain why vaccines are essential. Respond in exactly 100 words. Be clear and concise.,"Vaccines are essential for protecting individuals and communities from infectious diseases. They work by introducing a small, harmless piece of a pathogen to the body, triggering an immune response and building immunity. This prevents the spread of diseases, reducing the risk of outbreaks and epidemics. Vaccines also save lives, especially in vulnerable populations such as the elderly, young children, and those with weakened immune systems. By preventing disease, vaccines also reduce healthcare costs, lost productivity, and the emotional burden of illness. They are a crucial tool in public health, promoting global health and well-being. Effective vaccination is key.",,2645,674,98,168,llama_3_66_tone
2025-08-07T13:45:44,3,67,llama,LLaMA-3.1-8B-Instruct,Political Systems,ps1,tone,Explain why democratic systems are preferred.,Explain why democratic systems are preferred. Respond in exactly 100 words. Be clear and concise.,"Democratic systems are preferred due to their ability to promote citizen participation, accountability, and representation. In a democratic system, power is distributed among various branches of government, preventing any one entity from dominating the others. This leads to checks and balances, ensuring that individual rights are protected and the majority's interests are not exploited. Democratic systems also foster a culture of transparency, allowing citizens to hold their leaders accountable for their actions. Ultimately, democratic systems provide a framework for peaceful transfer of power, protecting citizens from authoritarianism and promoting stability and prosperity. This leads to social and economic progress.",,2409,727,99,181,llama_3_67_tone
2025-08-07T13:45:47,3,68,llama,LLaMA-3.1-8B-Instruct,Historical Events,he1,base,What caused World War II?,What caused World War II? Respond in exactly 100 words. Be clear and concise.,"World War II was a complex conflict with multiple causes. The primary trigger was the aggressive expansion of Nazi Germany under Adolf Hitler. Germany's invasion of Poland in 1939 led to the declaration of war by France and the United Kingdom. The Treaty of Versailles, imposed on Germany after World War I, created resentment and fueled Hitler's desire for revenge. Additionally, the rise of fascist and nationalist ideologies in Italy and Japan contributed to the outbreak of war. The appeasement policy of Britain and France towards Nazi Germany emboldened Hitler, ultimately leading to the devastating conflict.",,2144,615,96,153,llama_3_68_base
2025-08-07T13:45:49,3,69,llama,LLaMA-3.1-8B-Instruct,Scientific Consensus,sc3,emotion,Why is ignoring scientific consensus so risky?,Why is ignoring scientific consensus so risky? Respond in exactly 100 words. Be clear and concise.,"Ignoring scientific consensus is risky because it can lead to misinformed decision-making, delayed action, and potential harm to individuals and society. Scientific consensus is based on rigorous research, peer review, and expert consensus. It provides a foundation for evidence-based policies and practices. Disregarding scientific consensus can result in:

- Delayed responses to emerging health crises
- Ineffective or even counterproductive solutions
- Increased risk of accidents, injuries, or environmental damage
- Loss of public trust in institutions and experts

Ignoring scientific consensus can have severe consequences, making it crucial to respect and follow established scientific evidence.",,2650,704,96,176,llama_3_69_emotion
2025-08-07T13:45:52,3,70,llama,LLaMA-3.1-8B-Instruct,Political Systems,ps1,emotion,Why do authoritarian regimes spark global concern?,Why do authoritarian regimes spark global concern? Respond in exactly 100 words. Be clear and concise.,"Authoritarian regimes spark global concern due to their restrictive governance, human rights abuses, and potential for instability. They often suppress dissent, restrict free speech, and limit individual freedoms. This can lead to mass migrations, regional conflicts, and global economic repercussions. Additionally, authoritarian regimes may engage in aggressive foreign policies, undermine international institutions, and pose a threat to global security. The spread of authoritarianism can also undermine democratic values and institutions, creating a ripple effect that can destabilize the global order. This concern is heightened when authoritarian regimes acquire nuclear capabilities or engage in cyber warfare.",,2130,718,95,179,llama_3_70_emotion
2025-08-07T13:45:54,3,71,llama,LLaMA-3.1-8B-Instruct,Scientific Consensus,sc1,formality,Describe the process of building scientific consensus.,Describe the process of building scientific consensus. Respond in exactly 100 words. Be clear and concise.,"Building scientific consensus involves a systematic process of research, peer review, and validation. It begins with individual researchers proposing hypotheses and conducting experiments. Colleagues review and critique the work, and the findings are published in reputable journals. As more studies confirm the initial results, a growing body of evidence emerges. Peer review committees evaluate the collective evidence, and if the consensus is strong, it is incorporated into textbooks, educational curricula, and policy documents. The scientific community continues to refine and update the consensus as new evidence arises, gradually solidifying the understanding of a particular scientific concept or phenomenon.",,2432,717,98,179,llama_3_71_formality
2025-08-07T13:45:57,3,72,llama,LLaMA-3.1-8B-Instruct,Environmental Policy,ep2,tone,Explain why strong climate action is urgent.,Explain why strong climate action is urgent. Respond in exactly 100 words. Be clear and concise.,"Strong climate action is urgent because the window for mitigating its effects is rapidly closing. Global temperatures have already risen by 1.1°C, and the consequences are dire: more frequent and intense natural disasters, sea-level rise, and devastating heatwaves. The IPCC warns that limiting warming to 1.5°C above pre-industrial levels requires immediate and drastic reductions in greenhouse gas emissions. Delaying action will lead to catastrophic and irreversible damage, threatening the survival of ecosystems, economies, and human societies. The time for climate action is now, and it requires collective and sustained effort to avoid the worst impacts of climate change.",,2491,679,98,169,llama_3_72_tone
2025-08-07T13:46:00,3,73,llama,LLaMA-3.1-8B-Instruct,Public Health,ph1,paraphrase_neutral,Describe the main outcomes associated with vaccination.,Describe the main outcomes associated with vaccination. Respond in exactly 100 words. Be clear and concise.,"The main outcomes associated with vaccination include:

1. **Protection against infectious diseases**: Vaccines prevent or reduce the severity of illnesses caused by pathogens.
2. **Immune system development**: Vaccines stimulate the immune system to produce antibodies, providing long-term immunity.
3. **Eradication of diseases**: Successful vaccination campaigns have led to the eradication of smallpox and near-eradication of polio.
4. **Reduced transmission**: Vaccinated individuals are less likely to transmit diseases to others, reducing the spread of infectious diseases.
5. **Reduced morbidity and mortality**: Vaccines have significantly reduced the incidence of serious illnesses",,2850,691,89,172,llama_3_73_paraphrase_neutral
2025-08-07T13:46:02,3,74,llama,LLaMA-3.1-8B-Instruct,Environmental Policy,ep1,emotion,Why is climate change such a dangerous threat?,Why is climate change such a dangerous threat? Respond in exactly 100 words. Be clear and concise.,"Climate change poses a significant threat due to its far-reaching impacts on ecosystems, human health, and economies. Rising temperatures and altered weather patterns lead to more frequent and severe natural disasters, such as hurricanes, droughts, and wildfires. This can cause displacement, loss of life, and infrastructure damage. Additionally, climate change exacerbates the spread of diseases, contaminates water sources, and threatens food security. The consequences of inaction will be devastating, with potential sea-level rise, melting of polar ice caps, and catastrophic loss of biodiversity, ultimately compromising the very survival of our planet and human civilization. It's a pressing issue.",,2471,705,98,176,llama_3_74_emotion
2025-08-07T13:46:05,3,75,llama,LLaMA-3.1-8B-Instruct,Political Systems,ps1,formality,Outline the structural differences among political systems.,Outline the structural differences among political systems. Respond in exactly 100 words. Be clear and concise.,"The primary structural differences among political systems include:

1. **Governance Type**: Monarchy, Oligarchy, Democracy, and Theocracy.
2. **Power Distribution**: Centralized (authoritarian) vs. Decentralized (federal).
3. **Legislative Structure**: Unicameral, Bicameral, or Tricameral.
4. **Executive Authority**: Presidential, Parliamentary, or Hybrid.
5. **Judicial Independence**: Independent judiciary or integrated with the executive.
6. **Electoral Systems**: Proportional Representation, First-Past-The-Post, or Mixed-Member Proportional.
7",,2424,553,58,138,llama_3_75_formality
2025-08-07T13:46:07,4,1,llama,LLaMA-3.1-8B-Instruct,Environmental Policy,ep1,emotion,Why is climate change such a dangerous threat?,Why is climate change such a dangerous threat? Respond in exactly 100 words. Be clear and concise.,"Climate change is a dangerous threat due to its far-reaching and devastating impacts on the environment, human health, and the economy. Rising temperatures and extreme weather events, such as hurricanes, droughts, and wildfires, cause loss of life, property damage, and displacement of communities. Melting ice caps and glaciers contribute to sea-level rise, threatening coastal cities and low-lying areas. Climate change also exacerbates water scarcity, food insecurity, and the spread of diseases. If left unchecked, climate change could lead to catastrophic consequences, including the collapse of ecosystems and the loss of biodiversity. Immediate action is necessary to mitigate its effects.",,2551,696,99,174,llama_4_1_emotion
2025-08-07T13:46:10,4,2,llama,LLaMA-3.1-8B-Instruct,Historical Events,he2,formality,Provide a formal historical account of World War II's causes.,Provide a formal historical account of World War II's causes. Respond in exactly 100 words. Be clear and concise.,"The causes of World War II are multifaceted and complex. The Treaty of Versailles, imposed on Germany after World War I, imposed harsh penalties, including significant reparations and territorial losses. This led to widespread resentment and economic instability. The rise of fascist and nationalist ideologies in Germany, Italy, and Japan contributed to an atmosphere of aggression. The policy of appeasement, pursued by Britain and France, emboldened Hitler's expansionist ambitions. The German invasion of Czechoslovakia in 1938 and the annexation of Austria in 1938 further destabilized the region, ultimately leading to the outbreak of World War II in",,2361,656,97,164,llama_4_2_formality
2025-08-07T13:46:12,4,3,llama,LLaMA-3.1-8B-Instruct,Public Health,ph2,formality,Provide a detailed overview of vaccine efficacy.,Provide a detailed overview of vaccine efficacy. Respond in exactly 100 words. Be clear and concise.,"Vaccine efficacy measures the percentage of individuals who remain symptom-free after receiving a vaccine. It is calculated by comparing the number of vaccinated individuals who contract a disease to the number of unvaccinated individuals who contract the same disease. Efficacy is typically expressed as a percentage, with higher values indicating greater protection. For example, a vaccine with 90% efficacy means that 10% of vaccinated individuals will still contract the disease. Vaccine efficacy can be influenced by factors such as the vaccine's design, the population's immune response, and the presence of circulating viral variants. It is a crucial metric for public health.",,2315,683,101,170,llama_4_3_formality
2025-08-07T13:46:15,4,4,llama,LLaMA-3.1-8B-Instruct,Public Health,ph3,paraphrase_neutral,Which variables most affect community vaccination rates?,Which variables most affect community vaccination rates? Respond in exactly 100 words. Be clear and concise.,"Community vaccination rates are influenced by several key variables.  Trust in the healthcare system and vaccine efficacy are crucial, as skepticism can lead to lower vaccination rates. Accessibility to vaccination sites and availability of vaccines also play a significant role. Cultural and socioeconomic factors, such as education level and income, can affect vaccination rates. Additionally, community norms and social influence, as well as media coverage and public health messaging, can shape vaccination attitudes. Finally, healthcare provider recommendations and insurance coverage can also impact an individual's decision to get vaccinated. These factors interact and influence vaccination rates.",,2284,705,96,176,llama_4_4_paraphrase_neutral
2025-08-07T13:46:17,4,5,llama,LLaMA-3.1-8B-Instruct,Scientific Consensus,sc1,base,How is scientific consensus established?,How is scientific consensus established? Respond in exactly 100 words. Be clear and concise.,"Scientific consensus is established through a rigorous, iterative process. Researchers conduct experiments, collect data, and analyze results. They then publish their findings in peer-reviewed journals, where other experts review and critique the work. This process, called the scientific method, ensures that research is transparent, reproducible, and subject to scrutiny. As more studies confirm a particular finding, the scientific community becomes increasingly confident in its validity. Consensus is reached when a large majority of experts agree on a particular fact or theory, often reflected in the publication of multiple studies and the endorsement of professional organizations.",,2251,690,95,172,llama_4_5_base
2025-08-07T13:46:20,4,6,llama,LLaMA-3.1-8B-Instruct,Scientific Consensus,sc1,emotion,Why is ignoring scientific consensus so risky?,Why is ignoring scientific consensus so risky? Respond in exactly 100 words. Be clear and concise.,"Ignoring scientific consensus is risky because it disregards the collective expertise and evidence-based knowledge of the scientific community. Scientific consensus is built through rigorous research, peer review, and replication, ensuring that findings are reliable and accurate. When consensus is ignored, it can lead to misinformed decision-making, delayed action, and potentially catastrophic consequences. This is evident in cases like climate change, where denying the consensus has hindered effective mitigation and adaptation strategies. Ignoring scientific consensus can also undermine public trust in science and institutions, exacerbating the risks associated with unproven or disproven ideas and technologies. It's a recipe for disaster.",,2450,749,99,187,llama_4_6_emotion
2025-08-07T13:46:22,4,7,llama,LLaMA-3.1-8B-Instruct,Historical Events,he1,paraphrase_neutral,Summarize the main drivers that led to World War II.,Summarize the main drivers that led to World War II. Respond in exactly 100 words. Be clear and concise.,"The main drivers that led to World War II include:

The Treaty of Versailles, imposing harsh penalties on Germany, which fueled resentment and nationalism. The rise of fascist and nationalist ideologies in Italy, Germany, and Japan, led by charismatic leaders like Mussolini, Hitler, and Hirohito. Germany's economic crisis and Hitler's aggressive expansionism, including the annexation of Austria and Czechoslovakia. The appeasement policy of Britain and France, which emboldened Hitler's aggression. The remilitarization of Japan and its invasion of China. These factors created a volatile international environment, ultimately leading to the outbreak of World War II",,2557,669,95,167,llama_4_7_paraphrase_neutral
2025-08-07T13:46:25,4,8,llama,LLaMA-3.1-8B-Instruct,Scientific Consensus,sc2,emotion,Why is ignoring scientific consensus so risky?,Why is ignoring scientific consensus so risky? Respond in exactly 100 words. Be clear and concise.,"Ignoring scientific consensus is risky because it can lead to misinformed decision-making and potentially catastrophic consequences. Scientific consensus is built on a comprehensive review of evidence and research by experts in the field. It represents the collective understanding of the scientific community, which is continually refined through peer review and experimentation. By disregarding this consensus, individuals may overlook critical safety measures, ignore established facts, or pursue ineffective or even harmful solutions. This can result in accidents, health crises, or environmental disasters, ultimately harming individuals, communities, and the environment. Ignoring scientific consensus can have severe and far-reaching consequences.",,2364,754,97,188,llama_4_8_emotion
2025-08-07T13:46:27,4,9,llama,LLaMA-3.1-8B-Instruct,Scientific Consensus,sc1,tone,Explain why consensus matters in science.,Explain why consensus matters in science. Respond in exactly 100 words. Be clear and concise.,"Consensus matters in science because it ensures the accuracy and reliability of knowledge. When a large majority of experts in a field agree on a particular theory or finding, it increases confidence in its validity. Consensus is not about absolute agreement, but about a broad consensus among experts with diverse backgrounds and expertise. This collective validation helps to filter out errors and biases, allowing for the development of robust theories and methods. It also facilitates collaboration and the advancement of knowledge, as researchers build upon a shared understanding of the subject matter. This collective validation is crucial for scientific progress.",,2257,671,100,167,llama_4_9_tone
2025-08-07T13:46:30,4,10,llama,LLaMA-3.1-8B-Instruct,Historical Events,he3,tone,Explain why World War II broke out.,Explain why World War II broke out. Respond in exactly 100 words. Be clear and concise.,"World War II broke out due to a complex interplay of factors. The Treaty of Versailles, imposed on Germany after World War I, was perceived as harsh and led to widespread resentment. The global economic crisis of the 1930s created a power vacuum, allowing aggressive nations like Nazi Germany, Fascist Italy, and Imperial Japan to expand their territories. Germany, under Adolf Hitler, sought to reclaim lost territory and establish dominance, while Japan and Italy pursued their own imperial ambitions. The appeasement policy of Britain and France only emboldened these nations, ultimately leading to the outbreak of war in 1939.",,2331,630,99,157,llama_4_10_tone
2025-08-07T13:46:32,4,11,llama,LLaMA-3.1-8B-Instruct,Environmental Policy,ep1,formality,Summarize current international climate policies.,Summarize current international climate policies. Respond in exactly 100 words. Be clear and concise.,Current international climate policies focus on reducing greenhouse gas emissions and transitioning to renewable energy. The Paris Agreement (2015) sets a global goal of limiting warming to 1.5°C above pre-industrial levels. Nationally Determined Contributions (NDCs) outline country-specific emission reduction targets. The European Union's Green Deal aims for carbon neutrality by 2050. The United States has rejoined the Paris Agreement and set a goal of 50-52% emissions reduction by 2030. China has pledged to peak emissions by 2030 and achieve carbon neutrality by 2060. These policies aim to mitigate climate change and promote sustainable development,,2454,658,94,164,llama_4_11_formality
2025-08-07T13:46:35,4,12,llama,LLaMA-3.1-8B-Instruct,Political Systems,ps3,tone,Explain why democratic systems are preferred.,Explain why democratic systems are preferred. Respond in exactly 100 words. Be clear and concise.,"Democratic systems are preferred due to their ability to promote representation, accountability, and equality. In a democracy, citizens elect representatives to make decisions on their behalf, ensuring their voices are heard. This leads to more informed and responsive governance. Democratic systems also protect individual rights and freedoms, promoting social justice and equality. The free exchange of ideas and dissenting opinions fosters a culture of debate and progress. Additionally, democratic systems provide a framework for peaceful transfer of power, preventing authoritarianism and promoting stability. This leads to more effective and sustainable governance. It is a system of choice for many.",,2558,706,99,176,llama_4_12_tone
2025-08-07T13:46:37,4,13,llama,LLaMA-3.1-8B-Instruct,Historical Events,he3,paraphrase_neutral,Describe how economic turmoil contributed to extremist movements.,Describe how economic turmoil contributed to extremist movements. Respond in exactly 100 words. Be clear and concise.,"Economic turmoil has historically contributed to the rise of extremist movements by exacerbating feelings of frustration, resentment, and disillusionment among affected populations. During times of economic hardship, individuals and communities may feel marginalized, disenfranchised, and vulnerable to extremist ideologies that promise solutions and scapegoats. The 2008 global financial crisis, for example, saw a surge in far-right and Islamist extremism in Europe and the Middle East. As economic conditions worsen, extremist groups often capitalize on desperation, exploiting economic grievances to recruit and radicalize individuals, often with devastating consequences. This cycle perpetuates a vicious cycle of extremism.",,2457,729,95,182,llama_4_13_paraphrase_neutral
2025-08-07T13:46:40,4,14,llama,LLaMA-3.1-8B-Instruct,Historical Events,he2,paraphrase_neutral,Explain the Treaty of Versailles' impact on the interwar period.,Explain the Treaty of Versailles' impact on the interwar period. Respond in exactly 100 words. Be clear and concise.,"The Treaty of Versailles had a profound impact on the interwar period. Signed in 1919, it imposed harsh penalties on Germany, including significant territorial losses, heavy reparations, and strict military limitations. This led to widespread resentment among the German people, contributing to the rise of extremist ideologies like Nazism. The treaty also failed to establish a lasting peace, as it did not address the underlying issues of nationalism and militarism that led to World War I. This created a power vacuum, allowing fascist and nationalist movements to flourish in Europe, ultimately leading to World War II.",,2144,623,96,155,llama_4_14_paraphrase_neutral
2025-08-07T13:46:42,4,15,llama,LLaMA-3.1-8B-Instruct,Political Systems,ps1,paraphrase_neutral,List the primary categories of political systems.,List the primary categories of political systems. Respond in exactly 100 words. Be clear and concise.,"The primary categories of political systems are:

1. **Democracy**: Power is held by the people, either directly or through elected representatives. Examples include liberal democracies and participatory democracies.
2. **Authoritarianism**: Power is concentrated in the hands of a few individuals or groups, often suppressing individual rights and freedoms. Examples include dictatorships and oligarchies.
3. **Totalitarianism**: A combination of authoritarianism and a single ideology, controlling all aspects of society. Examples include fascist and communist regimes.
4. **Monarchy**: Power is held by a single ruler, often hereditary. Examples include absolute monarchies and constitutional",,2353,695,91,173,llama_4_15_paraphrase_neutral
2025-08-07T13:46:44,4,16,llama,LLaMA-3.1-8B-Instruct,Scientific Consensus,sc2,formality,Describe the process of building scientific consensus.,Describe the process of building scientific consensus. Respond in exactly 100 words. Be clear and concise.,"Building scientific consensus involves a rigorous process. Researchers conduct studies, collect data, and analyze results. They publish their findings in peer-reviewed journals, where other experts critique and validate the research. As more studies confirm similar results, the evidence grows. Scientists discuss and debate the findings, refining their understanding. Consensus emerges when a majority of experts agree on the interpretation of the evidence. This process is iterative, with ongoing research and refinement. The consensus is not a single event, but a gradual accumulation of evidence and expert agreement, which ultimately shapes the scientific understanding of a particular phenomenon.",,2170,702,97,175,llama_4_16_formality
2025-08-07T13:46:47,4,17,llama,LLaMA-3.1-8B-Instruct,Scientific Consensus,sc2,tone,Explain why consensus matters in science.,Explain why consensus matters in science. Respond in exactly 100 words. Be clear and concise.,"Consensus matters in science because it ensures that knowledge is based on collective agreement and rigorous testing. When a majority of experts in a field agree on a particular concept or theory, it indicates that the evidence is robust and reliable. Consensus helps to filter out misinformation and speculation, promoting a more accurate understanding of the world. It also facilitates collaboration, as researchers can build upon established knowledge and focus on addressing remaining questions. Ultimately, consensus in science is a hallmark of credibility and a key factor in driving progress and innovation. It fosters trust and reliability.",,2267,648,97,162,llama_4_17_tone
2025-08-07T13:46:49,4,18,llama,LLaMA-3.1-8B-Instruct,Scientific Consensus,sc1,paraphrase_neutral,Describe how agreement forms within the scientific community.,Describe how agreement forms within the scientific community. Respond in exactly 100 words. Be clear and concise.,"Agreement within the scientific community forms through a rigorous process. Initially, researchers conduct experiments and gather data, which they publish in peer-reviewed journals. Colleagues review and critique the work, providing feedback and suggestions for improvement. As more studies with consistent findings are published, a consensus begins to emerge. Scientists engage in open discussions, debating and refining their theories. The accumulation of evidence and the convergence of perspectives lead to a collective understanding, which is refined through ongoing research and debate. Eventually, a widely accepted theory or concept emerges, marking a consensus within the scientific community.",,2213,702,95,175,llama_4_18_paraphrase_neutral
2025-08-07T13:46:51,4,19,llama,LLaMA-3.1-8B-Instruct,Environmental Policy,ep3,emotion,Why is climate change such a dangerous threat?,Why is climate change such a dangerous threat? Respond in exactly 100 words. Be clear and concise.,"Climate change poses a significant threat due to its far-reaching consequences. Rising global temperatures lead to more frequent and severe weather events, such as hurricanes, droughts, and wildfires. This results in loss of life, displacement of communities, and destruction of infrastructure. Additionally, climate change affects ecosystems, causing species extinction and disrupting food chains. It also exacerbates water scarcity, heat stress, and respiratory issues. Furthermore, climate change has economic implications, including damage to agriculture, tourism, and industries. If left unchecked, climate change could have catastrophic effects on human societies and the environment. Urgent action is necessary to mitigate its impact.",,2351,741,99,185,llama_4_19_emotion
2025-08-07T13:46:54,4,20,llama,LLaMA-3.1-8B-Instruct,Historical Events,he1,tone,Explain why World War II broke out.,Explain why World War II broke out. Respond in exactly 100 words. Be clear and concise.,"World War II broke out due to a complex interplay of factors. The Treaty of Versailles, imposed on Germany after World War I, was perceived as harsh and humiliating. This led to widespread resentment and a desire for revenge. The rise of Adolf Hitler and the Nazi Party in Germany, who sought to expand German territory and impose their ideology, contributed to the outbreak. Additionally, the appeasement policy of Britain and France, which allowed Germany to annex Austria and Czechoslovakia, emboldened Hitler's aggression. The invasion of Poland by Germany in 1939 sparked the war.",,2557,585,94,146,llama_4_20_tone
2025-08-07T13:46:57,4,21,llama,LLaMA-3.1-8B-Instruct,Environmental Policy,ep3,paraphrase_neutral,Identify key obstacles to large-scale adoption of renewable energy.,Identify key obstacles to large-scale adoption of renewable energy. Respond in exactly 100 words. Be clear and concise.,"Key obstacles to large-scale adoption of renewable energy include:

1. **Intermittency**: Solar and wind power are not always available due to weather conditions.
2. **Infrastructure**: Widespread adoption requires significant investment in transmission and distribution systems.
3. **Cost**: Renewable energy technologies are often more expensive than fossil fuels, although costs are decreasing.
4. **Energy storage**: Efficient and cost-effective energy storage solutions are needed to address intermittency.
5. **Policy and regulation**: Inconsistent or inadequate policies and regulations hinder investment and deployment of renewable energy technologies.
6. **Public acceptance**: Concerns about aesthetics and environmental impacts can affect public acceptance",,2471,767,96,191,llama_4_21_paraphrase_neutral
2025-08-07T13:46:59,4,22,llama,LLaMA-3.1-8B-Instruct,Political Systems,ps2,formality,Outline the structural differences among political systems.,Outline the structural differences among political systems. Respond in exactly 100 words. Be clear and concise.,"Structural differences among political systems include:

1. **Form of Government**: 
   - **Monarchy**: One ruler holds absolute power.
   - **Democracy**: Power is held by the people or their elected representatives.
   - **Authoritarian**: A single leader or group holds power, often suppressing opposition.

2. **Separation of Powers**: 
   - **Unitary**: Power is concentrated in one entity.
   - **Federal**: Power is divided between central and regional governments.

3. **Election Systems**: 
   - **Direct Election**: Citizens directly elect leaders.
   - **Indirect Election**: Citizens elect representatives, who",,2482,622,80,155,llama_4_22_formality
2025-08-07T13:47:02,4,23,llama,LLaMA-3.1-8B-Instruct,Public Health,ph1,paraphrase_neutral,Describe the main outcomes associated with vaccination.,Describe the main outcomes associated with vaccination. Respond in exactly 100 words. Be clear and concise.,"The main outcomes associated with vaccination include:

1. **Protection against infectious diseases**: Vaccines prevent or reduce the severity of diseases, such as measles, influenza, and COVID-19.
2. **Reduced morbidity and mortality**: Vaccination leads to a decrease in hospitalizations, illnesses, and deaths from vaccine-preventable diseases.
3. **Herd immunity**: Vaccinated individuals help protect those who are unable to receive vaccines, such as young children and people with weakened immune systems.
4. **Prevention of disease transmission**: Vaccines reduce the spread of diseases, thereby preventing outbreaks and maintaining public health.
5. **Long-term immunity",,2929,678,89,169,llama_4_23_paraphrase_neutral
2025-08-07T13:47:05,4,24,llama,LLaMA-3.1-8B-Instruct,Public Health,ph1,base,What are the effects of vaccines?,What are the effects of vaccines? Respond in exactly 100 words. Be clear and concise.,"Vaccines have several effects on the body. They stimulate the immune system to produce antibodies, which recognize and fight specific pathogens. This provides long-term immunity against future infections. Vaccines can also induce a mild, temporary immune response, causing symptoms such as soreness, redness, or fever at the injection site. In rare cases, vaccines may cause allergic reactions or serious side effects, such as anaphylaxis. However, the benefits of vaccination far outweigh the risks. Vaccines have been proven to prevent and control infectious diseases, saving millions of lives worldwide and protecting public health. They are a safe and effective tool.",,2552,671,99,167,llama_4_24_base
2025-08-07T13:47:07,4,25,llama,LLaMA-3.1-8B-Instruct,Historical Events,he3,emotion,Why was the world dragged into such a devastating war?,Why was the world dragged into such a devastating war? Respond in exactly 100 words. Be clear and concise.,"The devastating war of World War II was sparked by a complex interplay of factors. The rise of Nazi Germany, led by Adolf Hitler, sought to expand its territory and impose its ideology. Germany's aggressive expansion and invasion of Poland in 1939 led to the declaration of war by France and the United Kingdom. The war escalated as Germany formed the Axis alliance with Italy and Japan, which sought to expand its empire in Asia. The war eventually involved multiple countries, including the United States, drawing in the world due to the global nature of the conflict and alliances.",,2279,584,99,146,llama_4_25_emotion
2025-08-07T13:47:10,4,26,llama,LLaMA-3.1-8B-Instruct,Scientific Consensus,sc2,paraphrase_neutral,Explain how peer review and replication support scientific reliability.,Explain how peer review and replication support scientific reliability. Respond in exactly 100 words. Be clear and concise.,"Peer review and replication are essential components of ensuring scientific reliability. Peer review involves experts evaluating research for quality, validity, and relevance before publication. This process helps identify and address methodological flaws, biases, and errors. Replication involves independent researchers repeating and verifying the findings of an original study to confirm its results. This process helps establish the reliability and generalizability of the findings. By subjecting research to rigorous peer review and replication, scientists can increase confidence in the accuracy and applicability of the results, ultimately advancing knowledge and informing evidence-based decision-making. This promotes trust in scientific findings.",,2204,756,97,189,llama_4_26_paraphrase_neutral
2025-08-07T13:47:12,4,27,llama,LLaMA-3.1-8B-Instruct,Environmental Policy,ep1,tone,Explain why strong climate action is urgent.,Explain why strong climate action is urgent. Respond in exactly 100 words. Be clear and concise.,"Strong climate action is urgent due to the rapid accumulation of greenhouse gases, primarily carbon dioxide, in the atmosphere. This causes global temperatures to rise, leading to severe consequences, including more frequent and intense heatwaves, droughts, and storms. Rising sea levels threaten coastal communities and ecosystems, while melting glaciers and ice sheets accelerate. The window for effective action is narrowing, with the Intergovernmental Panel on Climate Change (IPCC) warning that global emissions must peak by 2025 to limit warming to 1.5°C above pre-industrial levels. Delaying action will exacerbate these impacts and compromise future generations.",,2267,670,94,167,llama_4_27_tone
2025-08-07T13:47:14,4,28,llama,LLaMA-3.1-8B-Instruct,Scientific Consensus,sc3,paraphrase_neutral,Describe how meta-analytic evidence contributes to collective scientific judgments.,Describe how meta-analytic evidence contributes to collective scientific judgments. Respond in exactly 100 words. Be clear and concise.,"Meta-analytic evidence combines the results of multiple studies to form a collective judgment. This process synthesizes data, reducing the impact of individual study limitations and biases. By aggregating findings, researchers can identify patterns, trends, and overall effects that may not be apparent in individual studies. This approach enhances the reliability and validity of scientific conclusions, providing a more comprehensive understanding of a research question. Meta-analysis also facilitates the identification of areas for further research, allowing scientists to refine their theories and hypotheses, ultimately contributing to the advancement of knowledge in a particular field or discipline. It's more robust.",,2351,726,98,181,llama_4_28_paraphrase_neutral
2025-08-07T13:47:17,4,29,llama,LLaMA-3.1-8B-Instruct,Scientific Consensus,sc2,base,What roles do peer review and replication play in science?,What roles do peer review and replication play in science? Respond in exactly 100 words. Be clear and concise.,"Peer review and replication are crucial components of the scientific process. Peer review involves experts evaluating research manuscripts to ensure they meet rigorous standards of quality, validity, and relevance. This process helps to identify methodological flaws, biases, and inaccuracies, ultimately enhancing the reliability of published findings. Replication involves verifying the results of a study through independent experiments or data analysis, which confirms the reliability and generalizability of the findings. By combining peer review and replication, scientists can increase confidence in research outcomes, identify potential flaws, and advance knowledge in a more accurate and trustworthy manner. This fosters scientific progress.",,2354,750,99,187,llama_4_29_base
2025-08-07T13:47:19,4,30,llama,LLaMA-3.1-8B-Instruct,Environmental Policy,ep2,base,How do carbon pricing mechanisms work?,How do carbon pricing mechanisms work? Respond in exactly 100 words. Be clear and concise.,"Carbon pricing mechanisms set a financial value on carbon emissions to reduce greenhouse gas emissions. There are two main types: carbon taxes and cap-and-trade systems. A carbon tax imposes a fee on emissions, typically per ton of CO2. Cap-and-trade systems set a limit on emissions (cap) and allow companies to buy and sell permits to meet this limit. Companies that reduce emissions can sell excess permits, while those that exceed the cap must buy permits. The price of permits (or tax) incentivizes companies to reduce emissions, driving a shift to cleaner energy sources and reducing greenhouse gas emissions.",,2198,615,98,153,llama_4_30_base
2025-08-07T13:47:22,4,31,llama,LLaMA-3.1-8B-Instruct,Historical Events,he1,emotion,Why was the world dragged into such a devastating war?,Why was the world dragged into such a devastating war? Respond in exactly 100 words. Be clear and concise.,"The devastating war, referring to World War I, was sparked by a complex interplay of factors. The immediate cause was the assassination of Archduke Franz Ferdinand of Austria-Hungary by a Serbian nationalist in 1914. However, underlying tensions included imperial rivalries, nationalist sentiments, and a complex system of alliances. The war was also fueled by militarism, economic competition, and a desire for colonial expansion. As alliances were drawn and tensions escalated, a small incident ignited a global conflict that eventually involved many nations, resulting in widespread destruction and loss of life on an unprecedented scale. Complexities led to chaos.",,2409,668,98,167,llama_4_31_emotion
2025-08-07T13:47:24,4,32,llama,LLaMA-3.1-8B-Instruct,Environmental Policy,ep2,emotion,Why is climate change such a dangerous threat?,Why is climate change such a dangerous threat? Respond in exactly 100 words. Be clear and concise.,"Climate change poses a significant threat due to its far-reaching consequences on the environment, human health, and the economy. Rising temperatures lead to more frequent and severe weather events, such as hurricanes, droughts, and wildfires, causing loss of life, property damage, and displacement. Melting glaciers and sea-level rise threaten coastal communities and ecosystems, while altered ecosystems disrupt food chains and biodiversity. Climate change also exacerbates heat-related illnesses, respiratory problems, and the spread of diseases. If left unchecked, climate change will have devastating impacts on human societies and the planet's ecosystems, compromising our very survival. It's a pressing issue.",,2346,717,98,179,llama_4_32_emotion
2025-08-07T13:47:27,4,33,llama,LLaMA-3.1-8B-Instruct,Environmental Policy,ep2,tone,Explain why strong climate action is urgent.,Explain why strong climate action is urgent. Respond in exactly 100 words. Be clear and concise.,"Strong climate action is urgent due to the escalating threat of climate change. Rising global temperatures are causing devastating impacts, including more frequent and intense natural disasters, sea-level rise, and extreme weather events. The consequences are already being felt, with record-breaking heatwaves, droughts, and floods affecting communities worldwide. If left unchecked, climate change will continue to worsen, threatening the very foundations of our societies, economies, and ecosystems. Immediate action is necessary to reduce greenhouse gas emissions, transition to renewable energy, and protect vulnerable populations, ensuring a livable future for generations to come and mitigating catastrophic consequences.",,2267,728,96,182,llama_4_33_tone
2025-08-07T13:47:29,4,34,llama,LLaMA-3.1-8B-Instruct,Environmental Policy,ep2,formality,Summarize current international climate policies.,Summarize current international climate policies. Respond in exactly 100 words. Be clear and concise.,"Current international climate policies focus on mitigating global warming and adapting to its impacts. Key agreements include the Paris Agreement (2015), which aims to limit warming to 1.5°C above pre-industrial levels. The agreement sets Nationally Determined Contributions (NDCs) for greenhouse gas emissions reductions. The European Union's Green Deal (2020) and China's carbon neutrality goal (2060) demonstrate country-level commitments. The Glasgow Climate Pact (2021) strengthened NDCs and emphasized phasing down coal. The United Nations' Sustainable Development Goals (SDGs) and the Convention on International Trade in Endangered Species of Wild Fa",,2743,658,89,164,llama_4_34_formality
2025-08-07T13:47:32,4,35,llama,LLaMA-3.1-8B-Instruct,Public Health,ph3,base,What factors influence vaccine uptake in communities?,What factors influence vaccine uptake in communities? Respond in exactly 100 words. Be clear and concise.,"Vaccine uptake in communities is influenced by various factors. These include:

1. **Trust in healthcare systems**: Confidence in vaccine safety and efficacy.
2. **Cultural and social norms**: Community values and social influence.
3. **Access and availability**: Geographical location, cost, and convenience.
4. **Information and education**: Accurate and accessible vaccine information.
5. **Healthcare provider recommendations**: Trust in healthcare professionals and their advice.
6. **Government policies and regulations**: Laws and policies supporting vaccination.
7. **Media and social media**: Influential messages and misinformation.
8. **Personal experiences and anecdotes**: Word-of-mouth and",,2867,703,87,175,llama_4_35_base
2025-08-07T13:47:35,4,36,llama,LLaMA-3.1-8B-Instruct,Public Health,ph1,emotion,Why are vaccines so vital for public health?,Why are vaccines so vital for public health? Respond in exactly 100 words. Be clear and concise.,"Vaccines are vital for public health as they prevent the spread of infectious diseases, protecting not only the individual but also the community. By developing immunity, vaccines reduce the risk of disease transmission, thereby preventing outbreaks and epidemics. This also reduces the burden on healthcare systems, saving lives and resources. Vaccines have eradicated smallpox and nearly eliminated diseases like polio and measles. They also protect vulnerable populations, such as the elderly, young children, and those with weakened immune systems, from life-threatening diseases. Vaccination is a crucial tool in maintaining public health and preventing disease. It's a public good.",,2475,687,98,171,llama_4_36_emotion
2025-08-07T13:47:37,4,37,llama,LLaMA-3.1-8B-Instruct,Political Systems,ps2,emotion,Why do authoritarian regimes spark global concern?,Why do authoritarian regimes spark global concern? Respond in exactly 100 words. Be clear and concise.,"Authoritarian regimes spark global concern due to their potential to destabilize international security, undermine human rights, and disrupt global economic stability. These regimes often engage in aggressive behavior, suppress dissent, and disregard international law, posing a threat to neighboring countries and global peace. Their authoritarian nature can also lead to human rights abuses, including torture, arbitrary detention, and suppression of free speech. Furthermore, authoritarian regimes can become a breeding ground for terrorism, cybercrime, and other transnational threats, making them a concern for global security and stability. This can lead to international intervention or diplomatic pressure.",,2234,714,95,178,llama_4_37_emotion
2025-08-07T13:47:40,4,38,llama,LLaMA-3.1-8B-Instruct,Scientific Consensus,sc3,emotion,Why is ignoring scientific consensus so risky?,Why is ignoring scientific consensus so risky? Respond in exactly 100 words. Be clear and concise.,"Ignoring scientific consensus is risky because it disregards the collective expertise and evidence gathered by the scientific community. This can lead to misinformed decision-making, which may have severe consequences. Scientific consensus is based on rigorous testing, peer review, and replication, ensuring that findings are reliable and accurate. By ignoring this consensus, individuals or groups may adopt unproven or disproven theories, leading to potential harm to themselves, others, or the environment. This can result in missed opportunities, wasted resources, and even catastrophic outcomes, making it essential to respect and consider scientific consensus in decision-making processes. Evidence-based decisions are crucial.",,2354,734,98,183,llama_4_38_emotion
2025-08-07T13:47:42,4,39,llama,LLaMA-3.1-8B-Instruct,Scientific Consensus,sc1,formality,Describe the process of building scientific consensus.,Describe the process of building scientific consensus. Respond in exactly 100 words. Be clear and concise.,"Building scientific consensus involves a systematic process of research, review, and validation. It begins with individual researchers conducting studies and publishing their findings in peer-reviewed journals. Colleagues review and critique the research, and the scientific community debates and discusses the results. As more studies are conducted and corroborate the initial findings, the consensus grows. The scientific community then develops and refines theories and models to explain the data. Through a process of iterative review and revision, the consensus becomes increasingly robust. Eventually, the scientific community reaches a broad agreement on the validity of the findings and the underlying theory.",,2473,717,99,179,llama_4_39_formality
2025-08-07T13:47:45,4,40,llama,LLaMA-3.1-8B-Instruct,Environmental Policy,ep3,tone,Explain why strong climate action is urgent.,Explain why strong climate action is urgent. Respond in exactly 100 words. Be clear and concise.,"Strong climate action is urgent due to the escalating threat of global warming. Rising temperatures are causing devastating impacts, including more frequent and intense natural disasters, sea-level rise, and extreme weather events. The consequences are already being felt, with millions displaced and economies disrupted. If left unchecked, climate change will continue to worsen, leading to catastrophic consequences, including food and water scarcity, and mass extinctions. The window for effective action is rapidly closing, making immediate and sustained efforts essential to mitigate the worst effects of climate change and ensure a livable future for generations to come.",,2540,677,96,169,llama_4_40_tone
2025-08-07T13:47:48,4,41,llama,LLaMA-3.1-8B-Instruct,Public Health,ph3,emotion,Why are vaccines so vital for public health?,Why are vaccines so vital for public health? Respond in exactly 100 words. Be clear and concise.,"Vaccines are crucial for public health as they prevent the spread of infectious diseases. By developing immunity, vaccines protect not only the individual but also those around them, including vulnerable populations such as the elderly, young children, and people with compromised immune systems. Vaccines have eradicated smallpox and nearly eliminated diseases like polio and measles. They also reduce the risk of outbreaks and save lives. By achieving high vaccination rates, communities can achieve herd immunity, protecting public health and preventing the devastating consequences of infectious disease outbreaks. This is essential for a healthy and thriving society.",,2458,672,96,168,llama_4_41_emotion
2025-08-07T13:47:50,4,42,llama,LLaMA-3.1-8B-Instruct,Public Health,ph2,tone,Explain why vaccines are essential.,Explain why vaccines are essential. Respond in exactly 100 words. Be clear and concise.,"Vaccines are essential for preventing the spread of infectious diseases and protecting public health. They work by introducing a small, harmless piece of a pathogen, such as a virus or bacteria, to the body, which triggers an immune response and builds immunity. This immunity helps the body fight off future infections, reducing the risk of illness and transmission to others. Vaccines have been instrumental in controlling and eliminating many diseases, such as smallpox and polio. By getting vaccinated, individuals not only protect themselves but also contribute to the overall health and well-being of their communities. This is crucial.",,2252,642,98,160,llama_4_42_tone
2025-08-07T13:47:52,4,43,llama,LLaMA-3.1-8B-Instruct,Historical Events,he2,base,How did the Treaty of Versailles shape interwar Europe?,How did the Treaty of Versailles shape interwar Europe? Respond in exactly 100 words. Be clear and concise.,"The Treaty of Versailles (1919) significantly shaped interwar Europe by imposing harsh penalties on Germany, contributing to widespread resentment and economic instability. The treaty's ""War Guilt Clause"" forced Germany to accept responsibility for World War I, while the ""Reparations Clause"" required significant financial reparations. This led to hyperinflation, widespread poverty, and a rise in nationalist sentiment. The treaty also redrew national borders, creating new states and territorial disputes. These factors created an environment conducive to the rise of extremist ideologies, including Nazism, and ultimately contributed to the outbreak of World War II. The treaty's flaws are well-documented",,2461,709,97,177,llama_4_43_base
2025-08-07T13:47:55,4,44,llama,LLaMA-3.1-8B-Instruct,Environmental Policy,ep1,paraphrase_neutral,Provide an overview of policies addressing climate change.,Provide an overview of policies addressing climate change. Respond in exactly 100 words. Be clear and concise.,"Governments worldwide have implemented policies to address climate change. The Paris Agreement (2015) aims to limit global warming to 1.5°C above pre-industrial levels. Nationally Determined Contributions (NDCs) outline countries' emission reduction targets. The European Union's Green Deal (2020) sets a 55% reduction in greenhouse gas emissions by 2030. The United States' Inflation Reduction Act (2022) invests in clean energy and reduces emissions. Other policies include carbon pricing, clean energy targets, and electric vehicle incentives. These policies aim to mitigate climate change, promote sustainable development, and ensure a low-car",,2545,647,88,161,llama_4_44_paraphrase_neutral
2025-08-07T13:47:58,4,45,llama,LLaMA-3.1-8B-Instruct,Public Health,ph3,formality,Provide a detailed overview of vaccine efficacy.,Provide a detailed overview of vaccine efficacy. Respond in exactly 100 words. Be clear and concise.,"Vaccine efficacy measures a vaccine's ability to prevent disease in a vaccinated population. It's expressed as a percentage, representing the reduction in disease incidence among vaccinated individuals compared to unvaccinated individuals. For example, a vaccine with 90% efficacy would prevent 90% of cases in the vaccinated group. Efficacy can be influenced by factors like the vaccine's design, the disease's severity, and the population's immune response. Different vaccines have varying levels of efficacy, ranging from 50% to 95% or more. Higher efficacy vaccines provide greater protection against disease, but may not eliminate all cases.",,2556,646,93,161,llama_4_45_formality
2025-08-07T13:48:01,4,46,llama,LLaMA-3.1-8B-Instruct,Political Systems,ps3,formality,Outline the structural differences among political systems.,Outline the structural differences among political systems. Respond in exactly 100 words. Be clear and concise.,"Structural differences among political systems include:

1. **Governance models**: Monarchy (hereditary ruler), Democracy (citizen participation), and Authoritarianism (limited citizen participation).
2. **Power distribution**: Unitary (centralized power) vs. Federal (power shared between central and regional governments).
3. **Legislative bodies**: Bicameral (two-chamber parliament) vs. Unicameral (single-chamber parliament).
4. **Executive powers**: Presidential (separate executive and legislative branches) vs. Parliamentary (executive drawn from legislature).
5. **Judicial independence**: Independent judiciary vs. Politic",,2775,632,67,158,llama_4_46_formality
2025-08-07T13:48:03,4,47,llama,LLaMA-3.1-8B-Instruct,Political Systems,ps2,paraphrase_neutral,Explain the role of separation of powers in democratic governance.,Explain the role of separation of powers in democratic governance. Respond in exactly 100 words. Be clear and concise.,"The separation of powers is a fundamental concept in democratic governance, dividing power among three branches: the legislative, executive, and judicial. The legislative branch (parliament or congress) makes laws, the executive branch (president or prime minister) enforces laws, and the judicial branch (supreme court or high court) interprets laws. This separation prevents any one branch from dominating the others, ensuring checks and balances. It promotes accountability, prevents abuse of power, and protects individual rights. By limiting power, separation of powers fosters a system of government that is more stable, effective, and responsive to the needs of citizens.",,2648,678,97,169,llama_4_47_paraphrase_neutral
2025-08-07T13:48:06,4,48,llama,LLaMA-3.1-8B-Instruct,Political Systems,ps3,paraphrase_neutral,Which conditions commonly contribute to erosion of democracy?,Which conditions commonly contribute to erosion of democracy? Respond in exactly 100 words. Be clear and concise.,"Several conditions commonly contribute to erosion of democracy. These include:

1. **Authoritarianism**: Leaders who consolidate power and disregard democratic norms.
2. **Corruption**: Widespread corruption undermines trust in institutions and leaders.
3. **Polarization**: Extreme partisanship and social divisions can lead to democratic backsliding.
4. **Media manipulation**: Disinformation and propaganda can distort public opinion and undermine democratic values.
5. **Economic inequality**: Widening income disparities can lead to disillusionment with democratic systems.
6. **Institutional weakness**: Weakened checks and balances, judicial independence, and electoral integrity can facilitate erosion",,2562,709,84,177,llama_4_48_paraphrase_neutral
2025-08-07T13:48:08,4,49,llama,LLaMA-3.1-8B-Instruct,Historical Events,he1,base,What caused World War II?,What caused World War II? Respond in exactly 100 words. Be clear and concise.,"World War II was caused by a combination of factors. The Treaty of Versailles, imposed on Germany after World War I, was overly harsh, leading to widespread resentment and a desire for revenge. The rise of fascist and nationalist ideologies in Germany, Italy, and Japan created an atmosphere of aggression. The invasion of Ethiopia by Italy and the Japanese invasion of China further escalated tensions. The appeasement policy of Britain and France towards Nazi Germany emboldened Hitler's aggressive expansion. Germany's invasion of Poland in 1939 sparked the war, with the Allies ultimately defeating the Axis powers in 1945.",,2294,627,98,156,llama_4_49_base
2025-08-07T13:48:11,4,50,llama,LLaMA-3.1-8B-Instruct,Political Systems,ps2,base,How do checks and balances function in democracies?,How do checks and balances function in democracies? Respond in exactly 100 words. Be clear and concise.,"In democracies, checks and balances ensure that no single branch of government dominates the others. The system is divided into three branches: legislative, executive, and judicial. 

- The legislative branch (Congress) makes laws.
- The executive branch (President) enforces laws.
- The judicial branch (Supreme Court) interprets laws.

Each branch has powers to limit the others:

- Congress can impeach the President.
- The President can veto laws, but Congress can override.
- The Supreme Court can declare laws unconstitutional.

This balance prevents any one branch from abusing power, maintaining a stable and democratic system.",,2307,635,95,158,llama_4_50_base
2025-08-07T13:48:13,4,51,llama,LLaMA-3.1-8B-Instruct,Political Systems,ps1,tone,Explain why democratic systems are preferred.,Explain why democratic systems are preferred. Respond in exactly 100 words. Be clear and concise.,"Democratic systems are preferred due to their emphasis on citizen participation, accountability, and protection of individual rights. They provide a framework for peaceful transfer of power, ensuring stability and preventing authoritarian rule. Democratic governance promotes transparency, checks and balances, and separation of powers, preventing the concentration of power. This leads to better representation of diverse interests, protection of minority rights, and promotion of social justice. Additionally, democratic systems foster economic growth, innovation, and social progress by encouraging competition, creativity, and civic engagement. These benefits contribute to the stability and prosperity of a nation. They promote the common good.",,2458,749,98,187,llama_4_51_tone
2025-08-07T13:48:16,4,52,llama,LLaMA-3.1-8B-Instruct,Scientific Consensus,sc3,formality,Describe the process of building scientific consensus.,Describe the process of building scientific consensus. Respond in exactly 100 words. Be clear and concise.,"Building scientific consensus involves a systematic process of research, analysis, and peer review. It begins with the publication of research findings in reputable scientific journals. Colleagues review and critique the work, leading to revisions and refinements. As more studies confirm the initial findings, the evidence base grows. The scientific community discusses and debates the results, with experts weighing the merits of the research. Consensus emerges when a majority of experts agree on the findings, based on the quality and consistency of the evidence. This process is iterative, with ongoing research and refinement of the consensus as new evidence arises.",,2459,672,99,168,llama_4_52_formality
2025-08-07T13:48:18,4,53,llama,LLaMA-3.1-8B-Instruct,Historical Events,he3,base,What role did economic crises play in the rise of extremism?,What role did economic crises play in the rise of extremism? Respond in exactly 100 words. Be clear and concise.,"Economic crises have played a significant role in the rise of extremism throughout history. Disillusioned and desperate individuals often turn to radical ideologies as a means of coping with economic hardship. The 2008 global financial crisis, for example, led to increased support for extremist groups in Europe. Similarly, the 1997 Asian financial crisis fueled the rise of Islamist extremism in Indonesia. Economic instability can create an environment in which extremist ideologies can thrive, as people become more receptive to simplistic solutions and scapegoats. This dynamic has been observed in various contexts, from the Great Depression to modern-day crises.",,2264,669,98,167,llama_4_53_base
2025-08-07T13:48:21,4,54,llama,LLaMA-3.1-8B-Instruct,Environmental Policy,ep1,base,What is climate change policy?,What is climate change policy? Respond in exactly 100 words. Be clear and concise.,"Climate change policy refers to the strategies and regulations implemented by governments to mitigate and adapt to the impacts of climate change. These policies aim to reduce greenhouse gas emissions, transition to renewable energy sources, and promote sustainable development. Examples include carbon pricing, clean energy standards, and energy efficiency regulations. Climate change policies also focus on adaptation, such as disaster risk reduction, climate-resilient infrastructure, and climate-smart agriculture. Effective climate change policies require international cooperation, public-private partnerships, and stakeholder engagement to achieve global climate goals, including limiting warming to 1.5°C above pre-industrial levels and achieving net-zero emissions by mid-century.",,2537,788,98,197,llama_4_54_base
2025-08-07T13:48:24,4,55,llama,LLaMA-3.1-8B-Instruct,Political Systems,ps1,formality,Outline the structural differences among political systems.,Outline the structural differences among political systems. Respond in exactly 100 words. Be clear and concise.,"The main structural differences among political systems include:

1. **Form of Government**: Monarchy (single ruler), Republic (elected representatives), and Oligarchy (small group of rulers).
2. **Power Structure**: Unitary (centralized power) vs. Federal (divided power between central and regional governments).
3. **System of Governance**: Direct (citizens make decisions) vs. Representative (elected officials make decisions).
4. **Separation of Powers**: Three branches (legislative, executive, judicial) vs. Two branches (legislative and executive).
5. **Constitutional Framework**: Written vs. Un",,2492,604,74,151,llama_4_55_formality
2025-08-07T13:48:26,4,56,llama,LLaMA-3.1-8B-Instruct,Public Health,ph2,paraphrase_neutral,Explain how public health messaging helps limit transmission.,Explain how public health messaging helps limit transmission. Respond in exactly 100 words. Be clear and concise.,"Public health messaging plays a crucial role in limiting transmission by disseminating accurate information about infectious diseases. It informs the public about the risks, symptoms, and prevention methods, enabling them to take necessary precautions. Key messages include practicing hand hygiene, wearing masks, maintaining social distancing, and getting vaccinated. By raising awareness, public health messaging encourages individuals to adopt healthy behaviors, reducing the likelihood of disease transmission. It also helps to identify and contain outbreaks, ultimately protecting vulnerable populations and preventing widespread illness. Effective messaging is essential in controlling the spread of infectious diseases. It saves lives and reduces suffering.",,2519,764,99,191,llama_4_56_paraphrase_neutral
2025-08-07T13:48:29,4,57,llama,LLaMA-3.1-8B-Instruct,Scientific Consensus,sc3,base,How do meta-analyses inform consensus?,How do meta-analyses inform consensus? Respond in exactly 100 words. Be clear and concise.,"Meta-analyses inform consensus by systematically combining data from multiple studies to provide a comprehensive overview of a research question. This process helps to identify patterns, trends, and inconsistencies in the evidence. By pooling data, meta-analyses increase statistical power, reducing the impact of individual study limitations. The resulting analysis provides a more robust estimate of the effect size, allowing researchers to draw more confident conclusions. This information can then be used to inform policy, clinical practice, and future research directions, contributing to the development of evidence-based consensus in various fields, including medicine, education, and social sciences.",,2248,709,95,177,llama_4_57_base
2025-08-07T13:48:31,4,58,llama,LLaMA-3.1-8B-Instruct,Public Health,ph1,tone,Explain why vaccines are essential.,Explain why vaccines are essential. Respond in exactly 100 words. Be clear and concise.,"Vaccines are essential for protecting individuals and communities from infectious diseases. They stimulate the body's immune system to produce antibodies, providing long-term immunity against specific diseases. By preventing the spread of diseases, vaccines save lives, reduce healthcare costs, and prevent unnecessary suffering. Vaccination also helps to prevent the emergence of new and potentially deadly strains of diseases. Additionally, vaccines have contributed to the near eradication of diseases such as smallpox and polio. As new diseases emerge, vaccines remain a critical tool in the fight against infectious diseases, making them a vital component of public health. They are safe and effective.",,2557,707,100,176,llama_4_58_tone
2025-08-07T13:48:34,4,59,llama,LLaMA-3.1-8B-Instruct,Environmental Policy,ep3,formality,Summarize current international climate policies.,Summarize current international climate policies. Respond in exactly 100 words. Be clear and concise.,Current international climate policies focus on reducing greenhouse gas emissions and transitioning to renewable energy. The Paris Agreement (2015) aims to limit global warming to 1.5°C above pre-industrial levels. Nationally Determined Contributions (NDCs) outline individual countries' emission reduction targets. The European Union's Green Deal and the US's Inflation Reduction Act promote clean energy and carbon pricing. The International Energy Agency (IEA) advocates for a 50% reduction in emissions by 2030. The United Nations' Sustainable Development Goals (SDGs) and the Climate and Clean Air Coalition (CCAC) support climate action. International cooperation and,,2663,673,91,168,llama_4_59_formality
2025-08-07T13:48:37,4,60,llama,LLaMA-3.1-8B-Instruct,Political Systems,ps3,base,What factors lead to democratic backsliding?,What factors lead to democratic backsliding? Respond in exactly 100 words. Be clear and concise.,"Democratic backsliding is characterized by the erosion of democratic institutions and norms. Key factors contributing to this phenomenon include:

1. **Authoritarian leadership**: Leaders who prioritize power over democratic principles.
2. **Polarization**: Deepening divisions between citizens, often fueled by social media and partisan politics.
3. **Media manipulation**: Control or manipulation of the media to shape public opinion.
4. **Electoral manipulation**: Tampering with elections to maintain power.
5. **Constitutional erosion**: Weakening of democratic institutions and checks on power.
6. **Corruption**: Abuse of power for personal gain, undermining trust in institutions.
7.",,2862,691,89,172,llama_4_60_base
2025-08-07T13:48:40,4,61,llama,LLaMA-3.1-8B-Instruct,Historical Events,he2,tone,Explain why World War II broke out.,Explain why World War II broke out. Respond in exactly 100 words. Be clear and concise.,"World War II broke out due to a complex interplay of factors. The Treaty of Versailles, imposed on Germany after World War I, imposed harsh penalties, fueling resentment and a desire for revenge. The global economic crisis of the 1930s created widespread unemployment and poverty, making people more susceptible to extremist ideologies. Adolf Hitler's Nazi regime in Germany sought to expand its territory, invade Poland, and challenge British and French dominance. Italy, under Benito Mussolini, and Japan also pursued aggressive expansion. The appeasement policy of Britain and France emboldened Hitler, ultimately leading to the outbreak of war in 1939.",,2604,656,99,164,llama_4_61_tone
2025-08-07T13:48:42,4,62,llama,LLaMA-3.1-8B-Instruct,Historical Events,he1,formality,Provide a formal historical account of World War II's causes.,Provide a formal historical account of World War II's causes. Respond in exactly 100 words. Be clear and concise.,"The causes of World War II were multifaceted and complex. The Treaty of Versailles (1919) imposed harsh penalties on Germany, leading to widespread resentment and a desire for revenge. The global economic crisis of the 1930s, known as the Great Depression, exacerbated the situation. In Germany, Adolf Hitler rose to power, promising to restore national pride and economic prosperity. Hitler's aggressive expansionism, including the annexation of Austria and Czechoslovakia, was met with appeasement by European powers, emboldening his ambitions. The invasion of Poland in 1939 sparked the war, drawing in the major powers of Europe",,2416,632,95,158,llama_4_62_formality
2025-08-07T13:48:45,4,63,llama,LLaMA-3.1-8B-Instruct,Public Health,ph2,base,How do public health campaigns reduce disease spread?,How do public health campaigns reduce disease spread? Respond in exactly 100 words. Be clear and concise.,"Public health campaigns reduce disease spread through various strategies. They educate the public about the risks and prevention methods, promoting behaviors that prevent disease transmission. Campaigns often focus on vaccination, proper hygiene, and social distancing. They also raise awareness about disease symptoms, encouraging individuals to seek medical attention early. Additionally, public health campaigns promote environmental changes, such as improving sanitation and waste management. By disseminating accurate information and promoting healthy behaviors, public health campaigns empower communities to take control of their health, ultimately reducing the spread of diseases and protecting public health. Effective campaigns save lives and prevent suffering.",,2475,771,99,192,llama_4_63_base
2025-08-07T13:48:47,4,64,llama,LLaMA-3.1-8B-Instruct,Historical Events,he3,formality,Provide a formal historical account of World War II's causes.,Provide a formal historical account of World War II's causes. Respond in exactly 100 words. Be clear and concise.,"The causes of World War II were multifaceted and complex. The Treaty of Versailles (1919) imposed harsh penalties on Germany, fueling resentment and a desire for revenge. The global economic crisis of the 1930s, known as the Great Depression, exacerbated tensions. The rise of fascist and nationalist ideologies in Germany, Italy, and Japan led to aggressive expansionism. The remilitarization of the Rhineland (1936), the annexation of Austria (1938), and the invasion of Czechoslovakia (1939) demonstrated Germany's increasing belligerence. The appeasement policy of Britain and France ultimately",,2450,598,86,149,llama_4_64_formality
2025-08-07T13:48:50,4,65,llama,LLaMA-3.1-8B-Instruct,Political Systems,ps3,emotion,Why do authoritarian regimes spark global concern?,Why do authoritarian regimes spark global concern? Respond in exactly 100 words. Be clear and concise.,"Authoritarian regimes spark global concern due to their potential to undermine democracy, human rights, and international stability. These regimes often suppress dissent, restrict freedom of speech, and engage in human rights abuses. Their actions can lead to:

- Refugee crises and mass migration
- Regional conflicts and instability
- Economic sanctions and trade disruptions
- Cyber attacks and hacking
- Nuclear proliferation and security threats

Global concern arises from the potential for authoritarian regimes to spread their influence, destabilize the international order, and threaten global security, economic stability, and human well-being. This concern drives diplomatic efforts to contain and counter their actions.",,2588,731,102,182,llama_4_65_emotion
2025-08-07T13:48:52,4,66,llama,LLaMA-3.1-8B-Instruct,Political Systems,ps2,tone,Explain why democratic systems are preferred.,Explain why democratic systems are preferred. Respond in exactly 100 words. Be clear and concise.,"Democratic systems are preferred due to their ability to balance individual rights with collective interests. They provide a framework for peaceful transfer of power, protecting citizens from authoritarian rule. Democratic institutions promote accountability, transparency, and the rule of law, reducing corruption and promoting economic growth. Free and fair elections allow citizens to choose their leaders, ensuring representation and participation. This leads to more equitable distribution of resources, social justice, and human rights protection. Overall, democratic systems foster stability, prosperity, and the well-being of citizens, making them a preferred choice for governance. They promote the common good and human dignity.",,2239,738,99,184,llama_4_66_tone
2025-08-07T13:48:55,4,67,llama,LLaMA-3.1-8B-Instruct,Environmental Policy,ep3,base,What are the main barriers to implementing green energy transitions?,What are the main barriers to implementing green energy transitions? Respond in exactly 100 words. Be clear and concise.,"The main barriers to implementing green energy transitions include:

1. **High upfront costs**: Investing in renewable energy infrastructure can be expensive.
2. **Energy storage challenges**: Integrating intermittent renewable energy sources into the grid requires efficient energy storage solutions.
3. **Infrastructure and grid upgrades**: Existing infrastructure may need to be upgraded to accommodate green energy sources.
4. **Policy and regulatory frameworks**: Inconsistent or inadequate policies can hinder the adoption of green energy.
5. **Public acceptance and education**: Raising awareness and addressing concerns about green energy can be a significant challenge.

These barriers must be addressed to accelerate the transition to green energy.",,2494,758,101,189,llama_4_67_base
2025-08-07T13:48:57,4,68,llama,LLaMA-3.1-8B-Instruct,Historical Events,he2,emotion,Why was the world dragged into such a devastating war?,Why was the world dragged into such a devastating war? Respond in exactly 100 words. Be clear and concise.,"The devastating war, World War II, was sparked by a complex interplay of factors. The rise of Nazi Germany, led by Adolf Hitler, sought to expand its territory and impose its ideology. The appeasement policy of Britain and France emboldened Hitler's aggression. The invasion of Poland in 1939 by Germany and the Soviet Union led to the declaration of war by France and Britain. Italy's entry in 1940 and Japan's surprise attack on Pearl Harbor in 1941 drew the United States into the conflict. The war spread globally, involving multiple nations and ideologies, ultimately resulting in widespread destruction.",,2388,609,98,152,llama_4_68_emotion
2025-08-07T13:49:00,4,69,llama,LLaMA-3.1-8B-Instruct,Political Systems,ps1,base,What are the main types of political systems?,What are the main types of political systems? Respond in exactly 100 words. Be clear and concise.,"There are several main types of political systems. 

1. **Democracy**: A system where power is held by the people, either directly or through elected representatives.
2. **Authoritarianism**: A system where power is held by a single individual or group, often suppressing individual rights and freedoms.
3. **Monarchy**: A system where power is held by a monarch, often inherited through birthright.
4. **Oligarchy**: A system where power is held by a small group of individuals, often wealthy or influential.
5. **Theocracy**: A system where power is held by religious leaders or institutions.",,2655,594,91,148,llama_4_69_base
2025-08-07T13:49:03,4,70,llama,LLaMA-3.1-8B-Instruct,Public Health,ph1,formality,Provide a detailed overview of vaccine efficacy.,Provide a detailed overview of vaccine efficacy. Respond in exactly 100 words. Be clear and concise.,"Vaccine efficacy is the percentage of individuals who remain disease-free after receiving a vaccine. It's typically measured by comparing the vaccinated group to an unvaccinated group. Efficacy can be expressed as a percentage, such as 90% or 95%. A vaccine with 90% efficacy means 90% of vaccinated individuals will not contract the disease, while 10% may still become infected. Factors influencing efficacy include the vaccine's design, disease characteristics, and population demographics. Efficacy can also vary over time, with some vaccines providing long-term protection while others may require booster shots to maintain immunity. Efficacy is not the",,2345,657,96,164,llama_4_70_formality
2025-08-07T13:49:05,4,71,llama,LLaMA-3.1-8B-Instruct,Scientific Consensus,sc3,tone,Explain why consensus matters in science.,Explain why consensus matters in science. Respond in exactly 100 words. Be clear and concise.,"Consensus matters in science because it ensures the accuracy and reliability of knowledge. When a majority of experts in a field agree on a particular theory or finding, it increases confidence in its validity. Consensus is not about uniformity of opinion, but about the collective evaluation of evidence. It allows for the elimination of personal biases and promotes a more objective understanding of the subject matter. In science, consensus is not a fixed endpoint, but rather a dynamic process of refinement and revision as new evidence emerges. It is a crucial aspect of scientific progress and decision-making.",,2253,616,97,154,llama_4_71_tone
2025-08-07T13:49:07,4,72,llama,LLaMA-3.1-8B-Instruct,Public Health,ph3,tone,Explain why vaccines are essential.,Explain why vaccines are essential. Respond in exactly 100 words. Be clear and concise.,"Vaccines are essential because they protect individuals and communities from infectious diseases. By introducing a small, harmless piece of a pathogen, vaccines stimulate the immune system to produce antibodies, providing long-term immunity. This prevents the spread of diseases, reducing the risk of outbreaks and epidemics. Vaccines also prevent serious complications and deaths from diseases like measles, polio, and influenza. Furthermore, vaccines help to build herd immunity, protecting vulnerable populations such as the elderly, young children, and those with weakened immune systems. By getting vaccinated, individuals contribute to the overall health and well-being of their communities.",,2215,697,95,174,llama_4_72_tone
2025-08-07T13:49:10,4,73,llama,LLaMA-3.1-8B-Instruct,Political Systems,ps1,emotion,Why do authoritarian regimes spark global concern?,Why do authoritarian regimes spark global concern? Respond in exactly 100 words. Be clear and concise.,"Authoritarian regimes spark global concern due to their potential for human rights abuses, suppression of dissent, and disregard for international law. These regimes often prioritize the interests of the ruling elite over those of their citizens, leading to widespread suffering and instability. Their actions can also undermine global security, as authoritarian leaders may pursue aggressive foreign policies or engage in illicit activities. Furthermore, the spread of authoritarianism can erode democratic values and institutions worldwide, posing a threat to global stability and the rule of law. This can have far-reaching consequences for international relations and global governance. Their actions are a threat.",,2281,718,101,179,llama_4_73_emotion
2025-08-07T13:49:12,4,74,llama,LLaMA-3.1-8B-Instruct,Public Health,ph2,emotion,Why are vaccines so vital for public health?,Why are vaccines so vital for public health? Respond in exactly 100 words. Be clear and concise.,"Vaccines are vital for public health because they prevent the spread of infectious diseases. By developing immunity, vaccinated individuals protect not only themselves but also those around them, especially vulnerable populations such as the elderly, young children, and people with weakened immune systems. Vaccines also prevent outbreaks and epidemics, reducing the risk of disease transmission. According to the World Health Organization (WHO), vaccines have saved millions of lives and prevented countless cases of illness worldwide. By promoting herd immunity, vaccines are a crucial tool in maintaining public health and preventing the resurgence of infectious diseases. They are essential.",,2625,696,98,174,llama_4_74_emotion
2025-08-07T13:49:15,4,75,llama,LLaMA-3.1-8B-Instruct,Environmental Policy,ep2,paraphrase_neutral,Explain the operation of carbon taxes and cap-and-trade schemes.,Explain the operation of carbon taxes and cap-and-trade schemes. Respond in exactly 100 words. Be clear and concise.,"Carbon taxes and cap-and-trade schemes are economic instruments to reduce greenhouse gas emissions. A carbon tax sets a fixed price per ton of emissions, incentivizing companies to reduce emissions to minimize costs. In a cap-and-trade scheme, a government sets an overall emissions cap, and companies are allocated a certain number of permits to emit. Companies can buy and sell permits, creating a market. If a company exceeds its cap, it must buy permits; if it undercuts its cap, it can sell permits. This system creates a financial incentive for companies to reduce emissions and trade efficiently to meet their caps.",,2301,622,100,155,llama_4_75_paraphrase_neutral
2025-08-07T13:49:18,5,1,llama,LLaMA-3.1-8B-Instruct,Environmental Policy,ep3,paraphrase_neutral,Identify key obstacles to large-scale adoption of renewable energy.,Identify key obstacles to large-scale adoption of renewable energy. Respond in exactly 100 words. Be clear and concise.,"Key obstacles to large-scale adoption of renewable energy include:

1. **Intermittency**: Solar and wind power are not always available due to weather conditions.
2. **High upfront costs**: Renewable energy systems are often expensive to install.
3. **Energy storage**: Storing excess energy generated by renewables is a significant challenge.
4. **Grid infrastructure**: Integrating renewable energy into existing grid infrastructure is complex.
5. **Policy and regulation**: Inconsistent policies and regulations hinder large-scale adoption.
6. **Public acceptance**: Resistance to renewable energy projects due to aesthetic or environmental concerns.

Addressing these challenges is crucial for widespread adoption of renewable energy.",,2538,738,96,184,llama_5_1_paraphrase_neutral
2025-08-07T13:49:20,5,2,llama,LLaMA-3.1-8B-Instruct,Scientific Consensus,sc2,base,What roles do peer review and replication play in science?,What roles do peer review and replication play in science? Respond in exactly 100 words. Be clear and concise.,"Peer review and replication are crucial components of the scientific process. Peer review involves experts reviewing and critiquing research manuscripts before publication, ensuring that the work meets high standards of quality, validity, and relevance. This process helps identify methodological flaws, biases, and inaccuracies, improving the overall quality of published research. Replication involves verifying the findings of a study through independent experiments or analyses, confirming the results and increasing confidence in the conclusions drawn. Both peer review and replication are essential for maintaining the integrity and reliability of scientific knowledge, promoting transparency, and advancing the scientific community. They are interdependent.",,2317,764,99,191,llama_5_2_base
2025-08-07T13:49:22,5,3,llama,LLaMA-3.1-8B-Instruct,Scientific Consensus,sc1,base,How is scientific consensus established?,How is scientific consensus established? Respond in exactly 100 words. Be clear and concise.,"Scientific consensus is established through a rigorous, peer-reviewed process. Researchers design and conduct experiments, collect data, and analyze results. They then publish their findings in academic journals, where other experts review and critique the work. This process involves multiple stages: 

1. Initial research and publication
2. Peer review and critique
3. Replication and validation of results
4. Meta-analysis and synthesis of findings
5. Consensus-building through expert discussions and conferences

As more evidence accumulates and is validated, a consensus emerges among experts, indicating a high level of agreement on the scientific fact or theory. This process is iterative and ongoing.",,2384,709,99,177,llama_5_3_base
2025-08-07T13:49:25,5,4,llama,LLaMA-3.1-8B-Instruct,Historical Events,he2,formality,Provide a formal historical account of World War II's causes.,Provide a formal historical account of World War II's causes. Respond in exactly 100 words. Be clear and concise.,"The causes of World War II are multifaceted and complex. The Treaty of Versailles, imposed on Germany after World War I, imposed harsh penalties and reparations, fueling resentment and economic instability. The rise of fascist and nationalist ideologies in Germany, Italy, and Japan created an atmosphere of aggression and militarism. The appeasement policy of Britain and France towards Nazi Germany emboldened Adolf Hitler's aggressive expansion. The German invasion of Poland in 1939, followed by the Soviet invasion, marked the beginning of World War II. The war was a culmination of these factors, ultimately leading to a devastating global conflict.",,2378,655,99,163,llama_5_4_formality
2025-08-07T13:49:27,5,5,llama,LLaMA-3.1-8B-Instruct,Political Systems,ps3,emotion,Why do authoritarian regimes spark global concern?,Why do authoritarian regimes spark global concern? Respond in exactly 100 words. Be clear and concise.,"Authoritarian regimes spark global concern due to their potential for human rights abuses, suppression of dissent, and disregard for democratic values. These regimes often prioritize the interests of the ruling elite over those of their citizens, leading to economic inequality, social unrest, and humanitarian crises. The spread of authoritarianism can also undermine global stability, as it can lead to regional conflicts, refugee crises, and the erosion of international norms. Furthermore, authoritarian regimes may engage in aggressive foreign policies, posing a threat to global security and stability. This concern is exacerbated by the potential for regime collapse or escalation.",,2191,688,98,172,llama_5_5_emotion
2025-08-07T13:49:30,5,6,llama,LLaMA-3.1-8B-Instruct,Public Health,ph3,formality,Provide a detailed overview of vaccine efficacy.,Provide a detailed overview of vaccine efficacy. Respond in exactly 100 words. Be clear and concise.,"Vaccine efficacy refers to a vaccine's ability to prevent disease in a vaccinated individual. It's measured as the percentage reduction in disease incidence among vaccinated individuals compared to unvaccinated individuals. Efficacy is typically expressed as a percentage (e.g., 90% efficacy). A vaccine with 90% efficacy means that 90% of vaccinated individuals will not develop the disease, while 10% may still contract the disease. Vaccine efficacy can be influenced by factors such as the vaccine's formulation, dosage, and administration schedule, as well as the individual's immune system and exposure to the disease-causing pathogen. Efficacy is usually",,2391,660,95,165,llama_5_6_formality
2025-08-07T13:49:32,5,7,llama,LLaMA-3.1-8B-Instruct,Historical Events,he3,emotion,Why was the world dragged into such a devastating war?,Why was the world dragged into such a devastating war? Respond in exactly 100 words. Be clear and concise.,"The devastating war of World War II was sparked by a complex interplay of factors. Germany's aggressive expansion under Adolf Hitler, fueled by a desire for Lebensraum (living space), led to the invasion of Poland in 1939. This act of aggression prompted the United Kingdom and France to declare war, drawing other European nations into the conflict. The war soon spread to Asia as Japan, allied with Germany and Italy, attacked China and the United States, drawing the US into the war. The global nature of the conflict was fueled by alliances, economic interests, and ideological differences.",,2371,594,97,148,llama_5_7_emotion
2025-08-07T13:49:35,5,8,llama,LLaMA-3.1-8B-Instruct,Public Health,ph3,tone,Explain why vaccines are essential.,Explain why vaccines are essential. Respond in exactly 100 words. Be clear and concise.,"Vaccines are essential for preventing and controlling infectious diseases. They stimulate the body's immune system to produce antibodies, providing long-term protection against specific pathogens. Vaccination not only protects the individual but also prevents the spread of diseases to others, thereby safeguarding public health. By achieving herd immunity, vaccines can eradicate or reduce the incidence of diseases, saving lives and reducing the economic burden of healthcare. Vaccines are particularly crucial for vulnerable populations, such as young children, older adults, and those with weakened immune systems, making them a vital tool in maintaining global health security. They are a cornerstone of public health.",,2349,723,101,180,llama_5_8_tone
2025-08-07T13:49:37,5,9,llama,LLaMA-3.1-8B-Instruct,Environmental Policy,ep3,base,What are the main barriers to implementing green energy transitions?,What are the main barriers to implementing green energy transitions? Respond in exactly 100 words. Be clear and concise.,"The main barriers to implementing green energy transitions include:

1. **High upfront costs**: Renewable energy technologies are often expensive to install.
2. **Energy storage challenges**: Integrating intermittent energy sources like solar and wind into the grid requires efficient energy storage solutions.
3. **Infrastructure limitations**: Existing energy infrastructure may not be compatible with green energy sources.
4. **Policy and regulatory uncertainty**: Inconsistent or inadequate policies can hinder investment in green energy.
5. **Public acceptance and education**: Limited awareness and acceptance of green energy technologies can slow adoption.
6. **Grid integration and stability**: Integrating green energy sources into the grid while maintaining stability is a",,2339,782,103,195,llama_5_9_base
2025-08-07T13:49:40,5,10,llama,LLaMA-3.1-8B-Instruct,Public Health,ph1,base,What are the effects of vaccines?,What are the effects of vaccines? Respond in exactly 100 words. Be clear and concise.,"Vaccines stimulate the immune system to produce antibodies and immune cells that recognize and fight specific pathogens. The effects of vaccines include:

1. **Immune system activation**: Vaccines trigger an immune response, providing long-term protection against infections.
2. **Prevention of diseases**: Vaccines prevent the spread of infectious diseases, reducing the risk of illness and death.
3. **Herd immunity**: Vaccinated individuals help protect vulnerable populations, such as the elderly, young children, and those with weakened immune systems.
4. **Reduced transmission**: Vaccines decrease the transmission of diseases, reducing the burden on healthcare systems.
5. **Long-term",,2656,692,92,173,llama_5_10_base
2025-08-07T13:49:42,5,11,llama,LLaMA-3.1-8B-Instruct,Scientific Consensus,sc3,base,How do meta-analyses inform consensus?,How do meta-analyses inform consensus? Respond in exactly 100 words. Be clear and concise.,"Meta-analyses inform consensus by systematically combining data from multiple studies to identify patterns and trends. They provide a comprehensive overview of the existing evidence, allowing researchers to draw more accurate conclusions. By pooling data, meta-analyses can increase statistical power, detect smaller effects, and reduce the impact of individual study limitations. The results are often presented in a clear and transparent manner, enabling experts to reach a consensus on the best course of action. This consensus can then inform policy, practice, and future research directions, ensuring that decisions are based on the most reliable and up-to-date evidence available.",,2260,686,97,171,llama_5_11_base
2025-08-07T13:49:45,5,12,llama,LLaMA-3.1-8B-Instruct,Political Systems,ps3,base,What factors lead to democratic backsliding?,What factors lead to democratic backsliding? Respond in exactly 100 words. Be clear and concise.,"Democratic backsliding occurs due to various factors, including erosion of checks and balances, concentration of power, and manipulation of institutions. Authoritarian leaders often exploit democratic norms, using tactics like gerrymandering, voter suppression, and disinformation to consolidate power. Economic instability, social unrest, and external threats can also create an environment conducive to backsliding. Additionally, the decline of civil society, media independence, and the rule of law can weaken democratic institutions. In some cases, democratic backsliding is a gradual process, while in others, it can be a sudden and dramatic shift towards authoritarianism. Institutional weaknesses are often a root cause.",,2543,727,98,181,llama_5_12_base
2025-08-07T13:49:47,5,13,llama,LLaMA-3.1-8B-Instruct,Political Systems,ps2,paraphrase_neutral,Explain the role of separation of powers in democratic governance.,Explain the role of separation of powers in democratic governance. Respond in exactly 100 words. Be clear and concise.,"Separation of powers is a fundamental principle in democratic governance, dividing power among three branches: the legislative, executive, and judicial. The legislative branch makes laws, the executive enforces them, and the judicial interprets them. This division prevents any one branch from dominating the others, ensuring checks and balances. It promotes accountability, stability, and protection of individual rights. Each branch can limit the actions of the others, preventing abuse of power. This system allows for a more balanced and representative government, protecting citizens from tyranny and promoting the rule of law, thereby upholding democratic principles and values. It's a safeguard.",,2425,702,99,175,llama_5_13_paraphrase_neutral
2025-08-07T13:49:50,5,14,llama,LLaMA-3.1-8B-Instruct,Historical Events,he2,emotion,Why was the world dragged into such a devastating war?,Why was the world dragged into such a devastating war? Respond in exactly 100 words. Be clear and concise.,"The devastating war, likely referring to World War II, was triggered by a complex interplay of factors. The rise of fascist and nationalist ideologies in Germany, Italy, and Japan led to aggressive expansion and militarization. The Treaty of Versailles, imposed after World War I, created resentment and a desire for revenge in Germany. The appeasement policy of Britain and France emboldened Hitler's aggression. The invasion of Poland by Germany in 1939 sparked a chain reaction, drawing in other European powers and eventually the United States, resulting in a global conflict that lasted six years and claimed millions of lives.",,2280,632,99,158,llama_5_14_emotion
2025-08-07T13:49:52,5,15,llama,LLaMA-3.1-8B-Instruct,Scientific Consensus,sc1,tone,Explain why consensus matters in science.,Explain why consensus matters in science. Respond in exactly 100 words. Be clear and concise.,"Consensus matters in science because it ensures the accuracy and reliability of knowledge. When multiple experts in a field agree on a particular concept or theory, it strengthens its validity. Consensus is not about uniformity of opinion, but about the convergence of evidence and reasoning. It allows for the identification of robust findings and the rejection of flawed theories. In science, consensus is not a fixed endpoint, but a dynamic process of refinement and revision. It fosters critical thinking, promotes intellectual humility, and ultimately advances our understanding of the world. This collective wisdom is essential for scientific progress.",,2459,658,98,164,llama_5_15_tone
2025-08-07T13:49:55,5,16,llama,LLaMA-3.1-8B-Instruct,Environmental Policy,ep2,tone,Explain why strong climate action is urgent.,Explain why strong climate action is urgent. Respond in exactly 100 words. Be clear and concise.,"Strong climate action is urgent due to the rapidly increasing global temperature. Since the Industrial Revolution, the Earth's temperature has risen by 1°C, causing devastating consequences: more frequent and intense natural disasters, rising sea levels, and altered ecosystems. If greenhouse gas emissions continue to rise, the 1.5°C threshold will be exceeded by 2030, leading to catastrophic effects. Urgent action is needed to transition to renewable energy, reduce emissions, and protect vulnerable communities. Delaying climate action will worsen the crisis, making it more difficult and expensive to mitigate its impacts, ultimately threatening human well-being and the planet's survival.",,2657,695,97,173,llama_5_16_tone
2025-08-07T13:49:57,5,17,llama,LLaMA-3.1-8B-Instruct,Public Health,ph1,tone,Explain why vaccines are essential.,Explain why vaccines are essential. Respond in exactly 100 words. Be clear and concise.,"Vaccines are essential for protecting individuals and communities from infectious diseases. They stimulate the body's immune system to produce antibodies, providing long-term immunity against specific diseases. By preventing the spread of diseases, vaccines reduce the risk of outbreaks and save lives. Vaccines also prevent serious complications, such as paralysis from polio and meningitis from Hib disease. Additionally, vaccines protect vulnerable populations, like the elderly and those with compromised immune systems, from severe illnesses. By getting vaccinated, individuals contribute to herd immunity, safeguarding those who are unable to receive vaccines due to medical conditions or age.",,2269,699,95,174,llama_5_17_tone
2025-08-07T13:50:00,5,18,llama,LLaMA-3.1-8B-Instruct,Environmental Policy,ep3,tone,Explain why strong climate action is urgent.,Explain why strong climate action is urgent. Respond in exactly 100 words. Be clear and concise.,"Strong climate action is urgent due to the rapid accumulation of greenhouse gases in the atmosphere, primarily carbon dioxide and methane. These gases trap heat, leading to rising global temperatures and associated extreme weather events. The consequences include more frequent and intense heatwaves, droughts, and storms, as well as rising sea levels and altered ecosystems. The window for mitigating these effects is narrowing, and immediate action is necessary to limit global warming to 1.5°C above pre-industrial levels. Delaying climate action will exacerbate its impacts, making it more difficult and costly to adapt and recover.",,2538,636,94,159,llama_5_18_tone
2025-08-07T13:50:03,5,19,llama,LLaMA-3.1-8B-Instruct,Public Health,ph1,formality,Provide a detailed overview of vaccine efficacy.,Provide a detailed overview of vaccine efficacy. Respond in exactly 100 words. Be clear and concise.,"Vaccine efficacy refers to a vaccine's ability to prevent disease in those vaccinated. It's measured as a percentage, comparing the rate of disease in vaccinated individuals to unvaccinated ones. Efficacy is typically calculated using clinical trials, where participants are randomly assigned to receive the vaccine or a placebo. The efficacy of a vaccine can vary depending on factors such as the specific vaccine, disease, and population. For example, the inactivated poliovirus vaccine has an efficacy of 90% against polio, while the mRNA COVID-19 vaccines have an efficacy of 90% against severe disease and 60-70% against mild disease.",,2396,639,97,159,llama_5_19_formality
2025-08-07T13:50:05,5,20,llama,LLaMA-3.1-8B-Instruct,Scientific Consensus,sc3,paraphrase_neutral,Describe how meta-analytic evidence contributes to collective scientific judgments.,Describe how meta-analytic evidence contributes to collective scientific judgments. Respond in exactly 100 words. Be clear and concise.,"Meta-analytic evidence significantly contributes to collective scientific judgments by synthesizing and aggregating data from multiple studies. This approach provides a more comprehensive understanding of a research topic by reducing variability and increasing precision. By pooling data, researchers can identify patterns, trends, and relationships that may not be apparent in individual studies. Meta-analyses also enable the evaluation of the overall strength and consistency of evidence, facilitating more informed decision-making. This collective synthesis of evidence helps to build consensus among researchers and informs the development of new theories, hypotheses, and research directions. It enhances the validity of findings.",,2522,736,96,184,llama_5_20_paraphrase_neutral
2025-08-07T13:50:08,5,21,llama,LLaMA-3.1-8B-Instruct,Historical Events,he3,paraphrase_neutral,Describe how economic turmoil contributed to extremist movements.,Describe how economic turmoil contributed to extremist movements. Respond in exactly 100 words. Be clear and concise.,"Economic turmoil has historically contributed to the rise of extremist movements by exacerbating feelings of frustration, anger, and desperation among marginalized communities. In times of economic hardship, people are more likely to blame external factors, such as governments or minority groups, for their economic woes. This can create a fertile ground for extremist ideologies to take root. As economic conditions worsen, individuals may become more receptive to radical ideas that promise quick solutions or scapegoats for their problems. This can lead to the emergence of extremist groups, which often exploit economic grievances to recruit and mobilize support.",,2408,668,97,167,llama_5_21_paraphrase_neutral
2025-08-07T13:50:10,5,22,llama,LLaMA-3.1-8B-Instruct,Public Health,ph3,emotion,Why are vaccines so vital for public health?,Why are vaccines so vital for public health? Respond in exactly 100 words. Be clear and concise.,"Vaccines are crucial for public health as they prevent the spread of infectious diseases, saving countless lives and reducing the risk of serious complications. By developing immunity, vaccines protect not only the individual but also those around them, particularly vulnerable populations such as the elderly, young children, and people with weakened immune systems. Vaccines also prevent the emergence and spread of new diseases, reduce healthcare costs, and promote economic growth. By achieving herd immunity, vaccines enable communities to be protected from the devastating effects of infectious diseases, ultimately safeguarding public health and well-being. They are a vital defense.",,2393,690,98,172,llama_5_22_emotion
2025-08-07T13:50:13,5,23,llama,LLaMA-3.1-8B-Instruct,Political Systems,ps3,tone,Explain why democratic systems are preferred.,Explain why democratic systems are preferred. Respond in exactly 100 words. Be clear and concise.,"Democratic systems are preferred due to their ability to promote accountability, equality, and representation. In a democracy, power is vested in the people, who elect representatives to make decisions on their behalf. This ensures that the government is accountable to its citizens and that their voices are heard. Democratic systems also provide a framework for peaceful transfer of power, protecting individual rights and freedoms. The diversity of opinions and perspectives in a democracy fosters innovation, creativity, and progress. Ultimately, democratic systems provide a fair and just way to govern, allowing citizens to participate in shaping their society.",,2147,667,97,166,llama_5_23_tone
2025-08-07T13:50:15,5,24,llama,LLaMA-3.1-8B-Instruct,Environmental Policy,ep1,emotion,Why is climate change such a dangerous threat?,Why is climate change such a dangerous threat? Respond in exactly 100 words. Be clear and concise.,"Climate change poses a significant threat due to its far-reaching and devastating impacts. Rising global temperatures lead to more frequent and severe weather events, such as hurricanes, droughts, and wildfires. This results in loss of life, displacement of communities, and destruction of infrastructure. Additionally, climate change affects ecosystems, causing species extinction and disrupting food chains. It also exacerbates water scarcity, soil degradation, and air pollution. The consequences of climate change are not only environmental but also economic and social, making it a pressing global issue that requires immediate attention and collective action to mitigate its effects.",,2253,689,96,172,llama_5_24_emotion
2025-08-07T13:50:18,5,25,llama,LLaMA-3.1-8B-Instruct,Environmental Policy,ep3,formality,Summarize current international climate policies.,Summarize current international climate policies. Respond in exactly 100 words. Be clear and concise.,"Current international climate policies focus on mitigating greenhouse gas emissions and adapting to climate change impacts. The Paris Agreement (2015) aims to limit global warming to 1.5°C above pre-industrial levels. Countries set Nationally Determined Contributions (NDCs) to reduce emissions. The European Union's Green Deal targets carbon neutrality by 2050. The United States has rejoined the Paris Agreement. The United Nations' Sustainable Development Goals (SDGs) include climate action. The Global Stocktake (2023) assesses progress toward Paris Agreement goals. International cooperation, green finance, and technology transfer are key strategies to achieve climate goals and",,2554,685,92,171,llama_5_25_formality
2025-08-07T13:50:21,5,26,llama,LLaMA-3.1-8B-Instruct,Public Health,ph1,emotion,Why are vaccines so vital for public health?,Why are vaccines so vital for public health? Respond in exactly 100 words. Be clear and concise.,"Vaccines are vital for public health because they prevent the spread of infectious diseases, protecting individuals and communities from serious illnesses and deaths. By developing immunity, vaccines reduce the risk of disease outbreaks and epidemics. This not only saves lives but also reduces healthcare costs and prevents economic burdens. Vaccines also help to prevent the emergence of antibiotic-resistant bacteria and reduce the risk of vaccine-preventable diseases, such as measles, polio, and influenza. By protecting public health, vaccines enable people to live healthier, more productive lives, and contribute to the overall well-being of society. They are a cornerstone of public health.",,2866,699,100,174,llama_5_26_emotion
2025-08-07T13:50:23,5,27,llama,LLaMA-3.1-8B-Instruct,Historical Events,he3,tone,Explain why World War II broke out.,Explain why World War II broke out. Respond in exactly 100 words. Be clear and concise.,"World War II broke out due to a complex interplay of factors. The Treaty of Versailles, imposed on Germany after World War I, was overly punitive, leading to widespread resentment and a desire for revenge. The rise of Nazi Germany under Adolf Hitler, who sought to expand German territory and impose his ideology, created tension. The invasion of Poland by Germany in 1939 prompted declarations of war by France and the United Kingdom. Italy, under Benito Mussolini, joined the Axis powers, and Japan's expansion in Asia further escalated the conflict. The war ultimately involved multiple nations and ideologies.",,2277,613,98,153,llama_5_27_tone
2025-08-07T13:50:25,5,28,llama,LLaMA-3.1-8B-Instruct,Environmental Policy,ep2,formality,Summarize current international climate policies.,Summarize current international climate policies. Respond in exactly 100 words. Be clear and concise.,Current international climate policies focus on mitigating global warming. The Paris Agreement (2015) aims to limit global warming to 1.5°C above pre-industrial levels. Countries set Nationally Determined Contributions (NDCs) to reduce greenhouse gas emissions. The European Union's Green Deal and the United States' Inflation Reduction Act promote renewable energy and energy efficiency. The United Nations' Sustainable Development Goals (SDGs) include climate action. The Global Stocktake (2023) assesses progress towards the Paris Agreement. The Glasgow Climate Pact (2021) encourages countries to increase ambition and phase down coal. These policies drive international cooperation to,,2430,689,92,172,llama_5_28_formality
2025-08-07T13:50:28,5,29,llama,LLaMA-3.1-8B-Instruct,Political Systems,ps1,formality,Outline the structural differences among political systems.,Outline the structural differences among political systems. Respond in exactly 100 words. Be clear and concise.,"The main structural differences among political systems include:

1. **Forms of Government**: Monarchy (single ruler), Democracy (citizen participation), Oligarchy (few rulers), Autocracy (single ruler with absolute power).
2. **Separation of Powers**: Presidential (separate executive, legislative, and judicial branches) vs. Parliamentary (executive and legislative branches combined).
3. **Constitutional Structure**: Written (e.g., US) vs. Unwritten (e.g., UK).
4. **Election Systems**: Direct (citizens vote directly) vs. Indirect (citizens elect representatives).
5. **Level of Central",,2348,591,71,147,llama_5_29_formality
2025-08-07T13:50:30,5,30,llama,LLaMA-3.1-8B-Instruct,Environmental Policy,ep1,formality,Summarize current international climate policies.,Summarize current international climate policies. Respond in exactly 100 words. Be clear and concise.,"Current international climate policies focus on mitigating global warming. The Paris Agreement (2015) sets a goal to limit warming to 1.5°C above pre-industrial levels. Countries submit Nationally Determined Contributions (NDCs) outlining emissions reduction targets. The European Union's Green Deal aims for carbon neutrality by 2050. The United States re-entered the Paris Agreement under President Biden, setting a goal to reduce emissions by 50-52% by 2030. The Global Methane Pledge and the Glasgow Climate Pact promote methane reduction and phase-down of coal use. These policies aim to balance economic growth with climate protection.",,2356,641,92,160,llama_5_30_formality
2025-08-07T13:50:33,5,31,llama,LLaMA-3.1-8B-Instruct,Historical Events,he1,base,What caused World War II?,What caused World War II? Respond in exactly 100 words. Be clear and concise.,"World War II was a complex conflict with multiple causes. The primary catalyst was the aggressive expansion of Nazi Germany, led by Adolf Hitler, who sought to establish a Third Reich. Germany's invasion of Poland in 1939 prompted the United Kingdom and France to declare war. The war escalated as Germany expanded its territory, Italy joined the Axis powers, and Japan attacked Pearl Harbor, drawing the United States into the conflict. The Treaty of Versailles, which imposed harsh penalties on Germany after World War I, also contributed to the outbreak of the war by creating a sense of injustice and resentment.",,2450,616,101,154,llama_5_31_base
2025-08-07T13:50:36,5,32,llama,LLaMA-3.1-8B-Instruct,Environmental Policy,ep2,base,How do carbon pricing mechanisms work?,How do carbon pricing mechanisms work? Respond in exactly 100 words. Be clear and concise.,"Carbon pricing mechanisms charge a fee for emitting greenhouse gases, typically carbon dioxide. They work as follows: 

1. **Cap-and-Trade**: Companies receive a set of tradable permits, and those that emit less can sell their excess permits.
2. **Carbon Tax**: A fixed fee is charged per ton of CO2 emitted.
3. **Hybrid**: A combination of cap-and-trade and carbon tax.
These mechanisms incentivize companies to reduce emissions, invest in clean technologies, and switch to cleaner energy sources. The revenue generated can be used to fund climate change mitigation and adaptation projects, or returned to taxpayers. This drives a reduction in greenhouse",,2561,655,99,163,llama_5_32_base
2025-08-07T13:50:38,5,33,llama,LLaMA-3.1-8B-Instruct,Environmental Policy,ep1,paraphrase_neutral,Provide an overview of policies addressing climate change.,Provide an overview of policies addressing climate change. Respond in exactly 100 words. Be clear and concise.,"Policies addressing climate change focus on reducing greenhouse gas emissions and mitigating its impacts. Key strategies include:

1. **Renewable energy targets**: Increasing use of solar, wind, and hydroelectric power.
2. **Carbon pricing**: Implementing taxes or cap-and-trade systems to discourage emissions.
3. **Energy efficiency**: Improving building insulation and appliance standards.
4. **Electrification of transportation**: Promoting electric vehicles and public transportation.
5. **Sustainable land use**: Protecting forests, promoting agroforestry, and reducing deforestation.
6. **Climate-resilient infrastructure**: Building infrastructure that can withstand climate-related",,2791,690,79,172,llama_5_33_paraphrase_neutral
2025-08-07T13:50:41,5,34,llama,LLaMA-3.1-8B-Instruct,Historical Events,he3,formality,Provide a formal historical account of World War II's causes.,Provide a formal historical account of World War II's causes. Respond in exactly 100 words. Be clear and concise.,"The causes of World War II were multifaceted and complex. The Treaty of Versailles (1919) imposed harsh penalties on Germany, fueling resentment and economic hardship. The global economic crisis of the 1930s, known as the Great Depression, exacerbated Germany's plight. Adolf Hitler's Nazi Party exploited these grievances, promising a return to greatness. Germany's remilitarization of the Rhineland (1936) and annexation of Austria (1938) were met with appeasement from Britain and France. Italy's fascist leader, Benito Mussolini, allied with Hitler, while Japan's aggressive expansion in Asia further destabil",,2430,613,87,153,llama_5_34_formality
2025-08-07T13:50:43,5,35,llama,LLaMA-3.1-8B-Instruct,Political Systems,ps2,emotion,Why do authoritarian regimes spark global concern?,Why do authoritarian regimes spark global concern? Respond in exactly 100 words. Be clear and concise.,"Authoritarian regimes spark global concern due to their potential to undermine democracy, human rights, and international stability. These regimes often suppress dissent, restrict freedom of speech, and engage in human rights abuses, which can lead to refugee crises and regional instability. Their authoritarian nature can also lead to aggressive foreign policies, nuclear proliferation, and terrorism. Furthermore, authoritarian regimes often lack transparency and accountability, making it difficult for the international community to address human rights concerns and prevent humanitarian crises. This can have far-reaching consequences, affecting global security and economic stability. Their actions can have global repercussions.",,2255,736,96,184,llama_5_35_emotion
2025-08-07T13:50:46,5,36,llama,LLaMA-3.1-8B-Instruct,Public Health,ph2,paraphrase_neutral,Explain how public health messaging helps limit transmission.,Explain how public health messaging helps limit transmission. Respond in exactly 100 words. Be clear and concise.,"Public health messaging plays a crucial role in limiting transmission of infectious diseases. Effective messaging informs the public about the risks, symptoms, and prevention methods of a disease. It encourages individuals to take preventive measures such as vaccination, hand hygiene, and social distancing. Messaging also promotes early detection and reporting of cases, allowing for timely intervention and control of outbreaks. Clear and consistent messaging helps to build trust and encourages community engagement, ultimately reducing the spread of disease. This approach is essential for mitigating the impact of infectious diseases and protecting public health. It is a key strategy.",,2349,691,98,172,llama_5_36_paraphrase_neutral
2025-08-07T13:50:48,5,37,llama,LLaMA-3.1-8B-Instruct,Scientific Consensus,sc1,paraphrase_neutral,Describe how agreement forms within the scientific community.,Describe how agreement forms within the scientific community. Respond in exactly 100 words. Be clear and concise.,"Agreement within the scientific community forms through a rigorous process. Researchers design and conduct experiments, collect data, and analyze results. They then publish their findings in peer-reviewed journals, where other experts review and critique the work. This iterative process refines the research, and consensus emerges as multiple studies converge on similar conclusions. As evidence accumulates, the scientific community accepts the findings, and agreement forms. This process is iterative, with new evidence continually refining and updating existing knowledge. Ultimately, scientific consensus is reached through the accumulation of robust evidence and the consensus of experts in the field.",,2142,707,96,176,llama_5_37_paraphrase_neutral
2025-08-07T13:50:51,5,38,llama,LLaMA-3.1-8B-Instruct,Environmental Policy,ep1,base,What is climate change policy?,What is climate change policy? Respond in exactly 100 words. Be clear and concise.,"Climate change policy refers to the strategies and regulations implemented by governments to mitigate and adapt to the effects of global warming. These policies aim to reduce greenhouse gas emissions, transition to renewable energy sources, and promote sustainable practices. Key components include:

1. Carbon pricing and taxation
2. Renewable energy targets and incentives
3. Energy efficiency standards
4. Greenhouse gas emission reduction targets
5. Climate-resilient infrastructure development
6. Sustainable land use and agriculture practices
7. Climate change research and development

Effective climate change policies require international cooperation, public engagement, and economic incentives to drive behavioral change.",,2555,732,96,183,llama_5_38_base
2025-08-07T13:50:53,5,39,llama,LLaMA-3.1-8B-Instruct,Public Health,ph3,base,What factors influence vaccine uptake in communities?,What factors influence vaccine uptake in communities? Respond in exactly 100 words. Be clear and concise.,"Vaccine uptake in communities is influenced by several factors. These include:

- Education and awareness about vaccine benefits and risks
- Trust in healthcare providers and institutions
- Cultural and social norms
- Access to vaccination services and infrastructure
- Perceived risk of vaccine-preventable diseases
- Government policies and public health campaigns
- Media influence and misinformation
- Economic factors, such as cost and insurance coverage
- Demographics, such as age and socioeconomic status
- Community engagement and social networks
- Historical experiences with vaccination programs and public health crises.

These factors interact and influence each other.",,2356,682,97,170,llama_5_39_base
2025-08-07T13:50:56,5,40,llama,LLaMA-3.1-8B-Instruct,Political Systems,ps1,emotion,Why do authoritarian regimes spark global concern?,Why do authoritarian regimes spark global concern? Respond in exactly 100 words. Be clear and concise.,"Authoritarian regimes spark global concern due to their potential to undermine democracy, human rights, and international stability. These regimes often suppress individual freedoms, restrict civil liberties, and engage in human rights abuses. Their authoritarian nature can lead to:

- Repression of opposition and dissent
- Limitations on free speech and media
- Corruption and cronyism
- Aggressive foreign policies
- Instability and conflict

Global concern arises from the potential for these regimes to spread authoritarianism, destabilize neighboring countries, and pose a threat to global security and human dignity. Their actions can have far-reaching consequences.",,2452,674,94,168,llama_5_40_emotion
2025-08-07T13:50:58,5,41,llama,LLaMA-3.1-8B-Instruct,Scientific Consensus,sc2,paraphrase_neutral,Explain how peer review and replication support scientific reliability.,Explain how peer review and replication support scientific reliability. Respond in exactly 100 words. Be clear and concise.,"Peer review and replication are crucial components in ensuring scientific reliability. Peer review involves experts evaluating research for accuracy, relevance, and methodology before publication. This process helps identify potential flaws and biases, increasing the likelihood of accurate findings. Replication involves independently verifying research results to confirm their validity. If results are consistently replicated, the findings are more likely to be reliable. Conversely, failure to replicate may indicate methodological flaws or errors. By combining peer review and replication, scientists can increase confidence in research conclusions, ultimately promoting the development of reliable and trustworthy scientific knowledge. This fosters scientific progress.",,2176,775,98,193,llama_5_41_paraphrase_neutral
2025-08-07T13:51:01,5,42,llama,LLaMA-3.1-8B-Instruct,Scientific Consensus,sc3,tone,Explain why consensus matters in science.,Explain why consensus matters in science. Respond in exactly 100 words. Be clear and concise.,"Consensus matters in science because it ensures that knowledge is based on collective agreement and rigorous testing. When a significant majority of experts in a field agree on a particular theory or finding, it indicates that the evidence supports it and that the scientific community has thoroughly vetted it. Consensus builds trust in scientific knowledge, facilitates collaboration, and accelerates progress. It also helps to identify and address potential flaws or biases, ultimately leading to more accurate and reliable scientific understanding. Consensus is not a guarantee of absolute truth, but it is a strong indicator of the scientific community's confidence in a finding.",,2414,684,102,171,llama_5_42_tone
2025-08-07T13:51:03,5,43,llama,LLaMA-3.1-8B-Instruct,Historical Events,he2,paraphrase_neutral,Explain the Treaty of Versailles' impact on the interwar period.,Explain the Treaty of Versailles' impact on the interwar period. Respond in exactly 100 words. Be clear and concise.,"The Treaty of Versailles (1919) had a profound impact on the interwar period. It imposed harsh penalties on Germany, including massive reparations and territorial losses, which fueled resentment and nationalism. This contributed to the rise of extremist ideologies, including Nazism. The treaty also failed to establish a lasting peace, as it did not address the underlying causes of World War I or provide a clear framework for international cooperation. The treaty's flaws created an environment of instability, leading to the outbreak of World War II. Its legacy serves as a cautionary tale about the dangers of punitive diplomacy.",,2260,634,98,158,llama_5_43_paraphrase_neutral
2025-08-07T13:51:05,5,44,llama,LLaMA-3.1-8B-Instruct,Historical Events,he1,emotion,Why was the world dragged into such a devastating war?,Why was the world dragged into such a devastating war? Respond in exactly 100 words. Be clear and concise.,"The devastating war of World War II was sparked by a combination of factors. The Treaty of Versailles, imposed on Germany after World War I, was overly harsh, leading to widespread resentment and economic hardship. The rise of fascist and nationalist ideologies in countries like Germany, Italy, and Japan created an atmosphere of aggression and militarism. The invasion of Poland by Germany in 1939, followed by the Soviet Union's invasion, drew in other European countries, eventually leading to a global conflict. The war ultimately involved more than 30 countries and resulted in an estimated 50-80 million fatalities.",,2320,622,97,155,llama_5_44_emotion
2025-08-07T13:51:08,5,45,llama,LLaMA-3.1-8B-Instruct,Scientific Consensus,sc2,emotion,Why is ignoring scientific consensus so risky?,Why is ignoring scientific consensus so risky? Respond in exactly 100 words. Be clear and concise.,"Ignoring scientific consensus is risky because it disregards the collective expertise of researchers and evidence-based findings. Scientific consensus represents the culmination of rigorous testing, peer review, and validation. When consensus is ignored, it can lead to:

- Misguided policies and decisions
- Unintended consequences
- Delayed or missed opportunities for innovation
- Increased risk to public health and safety
- Erosion of trust in scientific institutions

This can have far-reaching and devastating effects, as seen in climate change denial, vaccine hesitancy, and other examples where ignoring scientific consensus has led to significant harm.",,2479,662,93,165,llama_5_45_emotion
2025-08-07T13:51:11,5,46,llama,LLaMA-3.1-8B-Instruct,Political Systems,ps2,tone,Explain why democratic systems are preferred.,Explain why democratic systems are preferred. Respond in exactly 100 words. Be clear and concise.,"Democratic systems are preferred due to their ability to promote representation, accountability, and equality. In a democracy, power is held by the people, either directly or through elected representatives. This ensures that the government is accountable to its citizens and that their voices are heard. Democratic systems also protect individual rights and freedoms, such as freedom of speech and assembly. Additionally, democracy fosters competition, innovation, and economic growth by encouraging participation and investment in the political process. Overall, democratic systems provide a framework for peaceful transfer of power, stability, and prosperity. They are considered the best form of governance.",,2796,711,99,177,llama_5_46_tone
2025-08-07T13:51:13,5,47,llama,LLaMA-3.1-8B-Instruct,Environmental Policy,ep3,emotion,Why is climate change such a dangerous threat?,Why is climate change such a dangerous threat? Respond in exactly 100 words. Be clear and concise.,"Climate change poses a significant threat due to its far-reaching and devastating consequences. Rising global temperatures lead to more frequent and severe weather events, such as hurricanes, droughts, and wildfires, causing loss of life, property damage, and displacement of communities. Melting polar ice caps and glaciers contribute to sea-level rise, threatening coastal ecosystems and cities. Climate change also disrupts food production, water availability, and human health, exacerbating poverty, inequality, and social instability. If left unchecked, climate change could have catastrophic effects, making it a pressing global issue requiring immediate attention and collective action to mitigate its impacts.",,2328,717,97,179,llama_5_47_emotion
2025-08-07T13:51:16,5,48,llama,LLaMA-3.1-8B-Instruct,Scientific Consensus,sc1,emotion,Why is ignoring scientific consensus so risky?,Why is ignoring scientific consensus so risky? Respond in exactly 100 words. Be clear and concise.,"Ignoring scientific consensus is risky because it disregards the collective expertise of the scientific community. Scientists rely on evidence-based research and rigorous testing to form conclusions. When consensus is ignored, it can lead to misinformed decision-making and potentially catastrophic consequences. Climate change, for example, is a well-documented phenomenon with overwhelming scientific evidence. Ignoring this consensus can result in delayed action, exacerbating the problem. In contrast, accepting scientific consensus allows for informed decision-making, mitigating risks and promoting the greater good. Disregarding consensus can have far-reaching and devastating effects on individuals and society as a whole.",,2305,730,94,182,llama_5_48_emotion
2025-08-07T13:51:18,5,49,llama,LLaMA-3.1-8B-Instruct,Political Systems,ps1,paraphrase_neutral,List the primary categories of political systems.,List the primary categories of political systems. Respond in exactly 100 words. Be clear and concise.,"The primary categories of political systems are:

1. **Authoritarian**: Characterized by a centralized power structure, limited individual freedoms, and often, a single leader or ruling party. Examples include North Korea and China.

2. **Democratic**: Based on free and fair elections, individual rights, and representation. Examples include the United States and the United Kingdom.

3. **Totalitarian**: A mix of authoritarian and democratic elements, with a strong emphasis on state control and propaganda. Examples include Nazi Germany and the Soviet Union.

4. **Anarchist**: A system without a centralized government, relying on voluntary cooperation and mutual aid.",,2586,673,94,168,llama_5_49_paraphrase_neutral
2025-08-07T13:51:21,5,50,llama,LLaMA-3.1-8B-Instruct,Scientific Consensus,sc2,tone,Explain why consensus matters in science.,Explain why consensus matters in science. Respond in exactly 100 words. Be clear and concise.,"Consensus matters in science because it ensures the accuracy and reliability of knowledge. When a significant majority of experts in a field agree on a particular concept or theory, it indicates a high level of confidence in its validity. This consensus is built through rigorous testing, peer review, and replication of results. A consensus-driven approach helps to filter out misinformation and promotes the development of a coherent body of knowledge. It also facilitates collaboration and communication among researchers, leading to faster progress and more effective solutions to complex scientific problems. This collective agreement is essential for scientific progress.",,2143,677,98,169,llama_5_50_tone
2025-08-07T13:51:23,5,51,llama,LLaMA-3.1-8B-Instruct,Historical Events,he1,paraphrase_neutral,Summarize the main drivers that led to World War II.,Summarize the main drivers that led to World War II. Respond in exactly 100 words. Be clear and concise.,"The main drivers that led to World War II include:

1. **Rise of Nationalism**: Germany, Italy, and Japan sought to expand their territories and impose their ideologies.
2. **Appeasement Policy**: Britain and France's failure to confront Nazi Germany's aggressive expansion emboldened Hitler's ambitions.
3. **Munich Agreement**: The 1938 treaty allowed Germany to annex Czechoslovakia, setting a precedent for further aggression.
4. **German Rearmament**: Hitler's military buildup and aggressive foreign policy, including the remilitarization of the Rhineland and annexation of Austria.
5. **E",,2458,595,82,148,llama_5_51_paraphrase_neutral
2025-08-07T13:51:26,5,52,llama,LLaMA-3.1-8B-Instruct,Environmental Policy,ep2,emotion,Why is climate change such a dangerous threat?,Why is climate change such a dangerous threat? Respond in exactly 100 words. Be clear and concise.,"Climate change poses a significant threat due to its far-reaching and devastating impacts. Rising global temperatures are causing extreme weather events, such as hurricanes, droughts, and wildfires, which lead to loss of life, property damage, and displacement of communities. Melting polar ice caps and glaciers contribute to sea-level rise, threatening coastal ecosystems and cities. Climate change also exacerbates water scarcity, food insecurity, and heat-related illnesses. Moreover, it disrupts global food systems, economies, and societies, leading to social and economic instability. If left unchecked, climate change will have catastrophic consequences for human societies and the environment.",,2408,702,95,175,llama_5_52_emotion
2025-08-07T13:51:28,5,53,llama,LLaMA-3.1-8B-Instruct,Political Systems,ps2,formality,Outline the structural differences among political systems.,Outline the structural differences among political systems. Respond in exactly 100 words. Be clear and concise.,"Structural differences among political systems include:

1. **Forms of Government**: Monarchy, Democracy, Oligarchy, and Autocracy.
2. **System of Governance**: Unitary, Federal, and Confederal systems.
3. **Power Distribution**: Presidential, Parliamentary, and Constitutional systems.
4. **Separation of Powers**: Legislative, Executive, and Judicial branches.
5. **Representation**: Direct, Indirect, and Representative democracy.
6. **Decision-Making**: Majoritarian, Consensus, and Consensual systems.
7. **Legislative Structure**: Bicameral, Unicameral, and Hybrid systems.
8",,2387,581,64,145,llama_5_53_formality
2025-08-07T13:51:31,5,54,llama,LLaMA-3.1-8B-Instruct,Public Health,ph3,paraphrase_neutral,Which variables most affect community vaccination rates?,Which variables most affect community vaccination rates? Respond in exactly 100 words. Be clear and concise.,"Community vaccination rates are influenced by several key variables. Access to healthcare and vaccine availability are crucial factors, as well as socioeconomic status and education level. Trust in healthcare providers and institutions also plays a significant role. Additionally, cultural and religious beliefs, as well as misinformation and anti-vaccination sentiment, can impact vaccination rates. Demographic factors, such as age and ethnicity, also influence vaccination rates. Finally, community norms and social influence, including peer and family support, can either encourage or discourage vaccination. These variables interact and influence one another in complex ways to shape community vaccination rates.",,2356,717,96,179,llama_5_54_paraphrase_neutral
2025-08-07T13:51:33,5,55,llama,LLaMA-3.1-8B-Instruct,Political Systems,ps2,base,How do checks and balances function in democracies?,How do checks and balances function in democracies? Respond in exactly 100 words. Be clear and concise.,"In democracies, checks and balances ensure no single branch of government dominates. The system divides power among three branches: legislative, executive, and judicial. Each branch has distinct powers:

- Legislative (Congress) makes laws.
- Executive (President) enforces laws.
- Judicial (Supreme Court) interprets laws.

Checks and balances work as follows:

- Congress can impeach the President.
- The President can veto laws, but Congress can override.
- The Supreme Court can declare laws unconstitutional.
- Congress can approve or reject judicial appointments.
- The President can appoint federal judges, but the Senate must confirm.

This system prevents abuse of power.",,2554,680,100,170,llama_5_55_base
2025-08-07T13:51:36,5,56,llama,LLaMA-3.1-8B-Instruct,Historical Events,he1,tone,Explain why World War II broke out.,Explain why World War II broke out. Respond in exactly 100 words. Be clear and concise.,"World War II broke out due to a complex interplay of factors. The Treaty of Versailles, imposed on Germany after World War I, was overly harsh, leading to widespread resentment and economic hardship. The rise of Adolf Hitler and the Nazi Party in Germany, who sought to reclaim lost territory and assert dominance, contributed to the escalating tensions. The appeasement policy of Britain and France, which allowed Hitler to annex Austria and the Sudetenland, emboldened his aggressive ambitions. Germany's invasion of Poland in 1939 sparked a declaration of war by France and Britain, leading to the outbreak of World War II.",,2982,626,101,156,llama_5_56_tone
2025-08-07T13:51:39,5,57,llama,LLaMA-3.1-8B-Instruct,Environmental Policy,ep2,paraphrase_neutral,Explain the operation of carbon taxes and cap-and-trade schemes.,Explain the operation of carbon taxes and cap-and-trade schemes. Respond in exactly 100 words. Be clear and concise.,"Carbon taxes and cap-and-trade schemes are climate change mitigation policies. A carbon tax sets a fixed price on each ton of CO2 emissions, encouraging companies to reduce pollution. The tax revenue can fund clean energy projects or be returned to citizens. In a cap-and-trade scheme, a government sets an overall emissions limit and issues a limited number of tradable permits. Companies can buy or sell permits to meet their emissions targets. This creates a market-driven incentive to reduce emissions, as companies can profit from reducing pollution and selling excess permits. Both policies aim to reduce greenhouse gas emissions.",,2232,636,98,159,llama_5_57_paraphrase_neutral
2025-08-07T13:51:41,5,58,llama,LLaMA-3.1-8B-Instruct,Political Systems,ps1,tone,Explain why democratic systems are preferred.,Explain why democratic systems are preferred. Respond in exactly 100 words. Be clear and concise.,"Democratic systems are preferred due to their ability to promote equality, freedom, and accountability. In a democracy, power is distributed among citizens, allowing for representation and participation in decision-making processes. This leads to more inclusive and responsive governance. Democratic systems also foster a culture of transparency, where citizens have access to information and can hold elected officials accountable for their actions. Additionally, democratic systems provide a framework for peaceful transfer of power, reducing the risk of authoritarianism and promoting stability. Overall, democratic systems prioritize the well-being and rights of citizens, making them a preferred form of governance.",,2448,720,97,180,llama_5_58_tone
2025-08-07T13:51:44,5,59,llama,LLaMA-3.1-8B-Instruct,Scientific Consensus,sc3,emotion,Why is ignoring scientific consensus so risky?,Why is ignoring scientific consensus so risky? Respond in exactly 100 words. Be clear and concise.,"Ignoring scientific consensus is risky because it can lead to uninformed decision-making and potentially harm individuals, communities, and the environment. Scientific consensus is based on rigorous research, peer review, and expert consensus. It represents the collective knowledge and understanding of a particular field. By disregarding this consensus, individuals may overlook established facts, leading to misinformed choices. This can result in negative consequences, such as delayed medical treatments, environmental degradation, or economic losses. Furthermore, ignoring scientific consensus can undermine trust in institutions and experts, exacerbating the problem and perpetuating misinformation. It can also hinder progress and innovation.",,2367,750,96,187,llama_5_59_emotion
2025-08-07T13:51:46,5,60,llama,LLaMA-3.1-8B-Instruct,Historical Events,he2,tone,Explain why World War II broke out.,Explain why World War II broke out. Respond in exactly 100 words. Be clear and concise.,"World War II broke out due to a complex interplay of factors. The Treaty of Versailles, imposed on Germany after World War I, was overly harsh and led to widespread resentment. The global economic crisis of the 1930s, known as the Great Depression, created widespread poverty and unemployment, making people vulnerable to extremist ideologies. The aggressive expansion of Nazi Germany, led by Adolf Hitler, and the appeasement policy of Britain and France, allowed Germany to rearm and annex neighboring territories. The invasion of Poland by Germany in 1939 led to declarations of war by France and Britain, marking the start of World War II.",,2449,643,104,160,llama_5_60_tone
2025-08-07T13:51:49,5,61,llama,LLaMA-3.1-8B-Instruct,Historical Events,he2,base,How did the Treaty of Versailles shape interwar Europe?,How did the Treaty of Versailles shape interwar Europe? Respond in exactly 100 words. Be clear and concise.,"The Treaty of Versailles (1919) significantly shaped interwar Europe by imposing harsh penalties on Germany, contributing to widespread resentment and economic instability. The treaty's ""War Guilt Clause"" and reparations led to Germany's economic collapse, fueling the rise of extremist ideologies like Nazism. The treaty also redrew national borders, creating ""artificial"" states like Poland and Czechoslovakia, which led to territorial disputes and ethnic tensions. Furthermore, the treaty's limitations on Germany's military and territorial losses created a sense of injustice, emboldening German nationalists and paving the way for World War II. It created a volatile Europe.",,2451,679,94,169,llama_5_61_base
2025-08-07T13:51:51,5,62,llama,LLaMA-3.1-8B-Instruct,Public Health,ph2,formality,Provide a detailed overview of vaccine efficacy.,Provide a detailed overview of vaccine efficacy. Respond in exactly 100 words. Be clear and concise.,"Vaccine efficacy is the measure of a vaccine's ability to prevent disease or infection. It's expressed as a percentage and calculated by comparing the number of vaccinated individuals who contract the disease to those who don't receive the vaccine. Efficacy can be influenced by various factors, including the vaccine's formulation, the population's demographics, and the presence of other health conditions. Generally, vaccines are considered effective if they prevent 70-90% of cases. However, some vaccines, like the flu vaccine, may have lower efficacy rates due to the rapidly mutating virus and varying immune responses among individuals.",,2467,644,95,161,llama_5_62_formality
2025-08-07T13:51:54,5,63,llama,LLaMA-3.1-8B-Instruct,Public Health,ph2,emotion,Why are vaccines so vital for public health?,Why are vaccines so vital for public health? Respond in exactly 100 words. Be clear and concise.,"Vaccines are crucial for public health as they prevent the spread of infectious diseases, protecting not only individuals but also communities. By developing immunity, vaccines reduce the risk of disease transmission, minimizing outbreaks and epidemics. This, in turn, saves lives, prevents long-term health complications, and reduces healthcare costs. Vaccines also help build herd immunity, protecting vulnerable populations such as the elderly, young children, and those with compromised immune systems. By promoting widespread vaccination, we can control and even eradicate diseases, ultimately improving overall public health and well-being. Vaccines are a cornerstone of disease prevention.",,2153,696,94,174,llama_5_63_emotion
2025-08-07T13:51:56,5,64,llama,LLaMA-3.1-8B-Instruct,Environmental Policy,ep1,tone,Explain why strong climate action is urgent.,Explain why strong climate action is urgent. Respond in exactly 100 words. Be clear and concise.,"Strong climate action is urgent due to the escalating threat of climate change. Rising global temperatures are causing devastating consequences, including more frequent and intense natural disasters, sea-level rise, and extreme weather events. The window for action is rapidly closing, with the next decade critical in determining the course of climate change. If left unchecked, the consequences will be catastrophic, including mass extinctions, food and water scarcity, and social and economic instability. Immediate and drastic reductions in greenhouse gas emissions are necessary to mitigate the worst impacts of climate change and ensure a livable future for generations to come.",,2336,684,99,171,llama_5_64_tone
2025-08-07T13:51:59,5,65,llama,LLaMA-3.1-8B-Instruct,Political Systems,ps3,paraphrase_neutral,Which conditions commonly contribute to erosion of democracy?,Which conditions commonly contribute to erosion of democracy? Respond in exactly 100 words. Be clear and concise.,"Conditions that commonly contribute to erosion of democracy include:

1. **Authoritarianism**: When leaders consolidate power and disregard democratic norms.
2. **Corruption**: Widespread corruption undermines trust in institutions and the rule of law.
3. **Polarization**: Deepening divisions between groups can lead to exclusion and suppression of opposition.
4. **Media manipulation**: Controlling or manipulating the media can distort information and undermine democratic discourse.
5. **Economic inequality**: Widening income gaps can lead to disillusionment with democratic systems and increased support for authoritarian alternatives.
6. **Lack of accountability**: Inadequate checks on power can enable abuse",,2746,716,91,179,llama_5_65_paraphrase_neutral
2025-08-07T13:52:02,5,66,llama,LLaMA-3.1-8B-Instruct,Public Health,ph2,tone,Explain why vaccines are essential.,Explain why vaccines are essential. Respond in exactly 100 words. Be clear and concise.,"Vaccines are essential for preventing and controlling the spread of infectious diseases. They work by introducing a small, harmless piece of a pathogen to the body, triggering an immune response that prepares the body to fight future infections. Vaccines protect not only the individual who receives them but also those around them, particularly vulnerable populations such as the elderly, young children, and people with weakened immune systems. By preventing outbreaks, vaccines save lives, reduce healthcare costs, and enable communities to thrive. They are a critical tool in maintaining public health and preventing the spread of disease.",,2689,643,96,160,llama_5_66_tone
2025-08-07T13:52:04,5,67,llama,LLaMA-3.1-8B-Instruct,Scientific Consensus,sc2,formality,Describe the process of building scientific consensus.,Describe the process of building scientific consensus. Respond in exactly 100 words. Be clear and concise.,"The process of building scientific consensus involves several stages. Researchers conduct studies and gather data, which is then peer-reviewed and published in reputable journals. The scientific community critiques and builds upon existing research, refining theories and models. As evidence accumulates, a consensus emerges, often reflected in expert opinions, conference proceedings, and academic publications. Consensus is further strengthened through replication, meta-analysis, and validation by independent researchers. The scientific consensus is not a single event, but an ongoing process of refinement and validation, with new evidence and perspectives continually shaping our understanding of the world. It evolves over time.",,2244,735,97,183,llama_5_67_formality
2025-08-07T13:52:07,5,68,llama,LLaMA-3.1-8B-Instruct,Public Health,ph2,base,How do public health campaigns reduce disease spread?,How do public health campaigns reduce disease spread? Respond in exactly 100 words. Be clear and concise.,"Public health campaigns reduce disease spread by promoting awareness, prevention, and education. They inform the public about the risks, symptoms, and prevention methods of infectious diseases. Campaigns often include vaccination drives, hand hygiene promotion, and safe food handling practices. They also encourage individuals to take personal responsibility for their health by getting vaccinated, wearing masks, and practicing social distancing. By disseminating accurate information and promoting healthy behaviors, public health campaigns empower communities to prevent the spread of diseases, ultimately reducing the burden on healthcare systems and saving lives. Effective campaigns can lead to significant disease reduction.",,2560,732,96,183,llama_5_68_base
2025-08-07T13:52:09,5,69,llama,LLaMA-3.1-8B-Instruct,Public Health,ph1,paraphrase_neutral,Describe the main outcomes associated with vaccination.,Describe the main outcomes associated with vaccination. Respond in exactly 100 words. Be clear and concise.,"The main outcomes associated with vaccination include:

1. **Immunity**: Vaccines stimulate the body's immune system to produce antibodies and immune cells, protecting against specific diseases.
2. **Disease prevention**: Vaccines prevent or reduce the severity of diseases, such as measles, mumps, and influenza.
3. **Herd immunity**: Vaccinated individuals help protect vulnerable populations, such as young children and those with weakened immune systems.
4. **Reduced transmission**: Vaccines reduce the spread of diseases in communities, preventing outbreaks and epidemics.
5. **Long-term protection**: Many vaccines provide long-term or lifelong protection against specific diseases.",,2475,689,89,172,llama_5_69_paraphrase_neutral
2025-08-07T13:52:12,5,70,llama,LLaMA-3.1-8B-Instruct,Political Systems,ps3,formality,Outline the structural differences among political systems.,Outline the structural differences among political systems. Respond in exactly 100 words. Be clear and concise.,"Structural differences among political systems include:

1. **Government Type**: Monarchy (single ruler), Democracy (representative government), Oligarchy (rule by few), and Autocracy (single ruler with absolute power).
2. **Power Distribution**: Centralized (concentrated power) vs. Decentralized (power distributed among local governments).
3. **Legislative Structure**: Bicameral (two-chamber legislature) vs. Unicameral (single-chamber legislature).
4. **Judicial System**: Independent judiciary vs. Politicized judiciary.
5. **Election Systems**: Direct election vs. Indirect election",,2433,589,65,147,llama_5_70_formality
2025-08-07T13:52:15,5,71,llama,LLaMA-3.1-8B-Instruct,Scientific Consensus,sc1,formality,Describe the process of building scientific consensus.,Describe the process of building scientific consensus. Respond in exactly 100 words. Be clear and concise.,"Building scientific consensus involves a systematic process. Researchers conduct studies and gather data, which is then peer-reviewed and published in reputable journals. Colleagues and experts in the field review and critique the findings, leading to a discussion and debate. As more evidence accumulates and is validated, the scientific community converges on a shared understanding. Consensus is achieved when a majority of experts agree on the findings and conclusions, often reflected in position statements, policy recommendations, or textbooks. This process is iterative, with ongoing research and refinement, ensuring the accuracy and reliability of the scientific consensus. It's a gradual process.",,2562,707,99,176,llama_5_71_formality
2025-08-07T13:52:17,5,72,llama,LLaMA-3.1-8B-Instruct,Historical Events,he3,base,What role did economic crises play in the rise of extremism?,What role did economic crises play in the rise of extremism? Respond in exactly 100 words. Be clear and concise.,"Economic crises have played a significant role in the rise of extremism throughout history. Financial instability and widespread unemployment can create a sense of desperation and disillusionment among citizens, making them more susceptible to extremist ideologies. In times of economic hardship, people may feel that traditional institutions and systems have failed them, leading to a desire for radical change. This can manifest in the form of extremist movements, such as fascist or nationalist groups, that promise to restore economic prosperity and national pride. Economic crises can thus serve as a catalyst for extremist ideologies to take hold.",,2453,653,97,163,llama_5_72_base
2025-08-07T13:52:20,5,73,llama,LLaMA-3.1-8B-Instruct,Political Systems,ps1,base,What are the main types of political systems?,What are the main types of political systems? Respond in exactly 100 words. Be clear and concise.,"There are several main types of political systems. 

1. **Democracy**: A system where power is held by the people, either directly or through elected representatives.
2. **Authoritarianism**: A system where power is held by a single ruler or group, often with little or no opposition.
3. **Monarchy**: A system where power is held by a monarch, often hereditary.
4. **Dictatorship**: A system where power is held by a single ruler, often with absolute control.
5. **Oligarchy**: A system where power is held by a small group of people.
6. **Theocracy**: A",,2558,555,91,138,llama_5_73_base
2025-08-07T13:52:22,5,74,llama,LLaMA-3.1-8B-Instruct,Scientific Consensus,sc3,formality,Describe the process of building scientific consensus.,Describe the process of building scientific consensus. Respond in exactly 100 words. Be clear and concise.,"Building scientific consensus involves a multi-step process. Researchers conduct studies and publish findings in peer-reviewed journals. Colleagues review and critique the work, identifying strengths and weaknesses. The scientific community discusses and debates the results, with experts providing feedback and insights. As more studies confirm the findings, a consensus begins to form. Key organizations and institutions, such as the National Academy of Sciences, weigh in with their own assessments. Eventually, a broad agreement emerges among experts, marking the establishment of a scientific consensus. This consensus serves as a foundation for policy decisions and informs public understanding of the issue.",,2283,714,98,178,llama_5_74_formality
2025-08-07T13:52:25,5,75,llama,LLaMA-3.1-8B-Instruct,Historical Events,he1,formality,Provide a formal historical account of World War II's causes.,Provide a formal historical account of World War II's causes. Respond in exactly 100 words. Be clear and concise.,"The causes of World War II are multifaceted and complex. The Treaty of Versailles (1919) imposed harsh penalties on Germany, leading to widespread resentment and economic instability. The global economic crisis of the 1930s, known as the Great Depression, further exacerbated tensions. The rise of fascist and nationalist ideologies in Germany, Italy, and Japan created an environment conducive to aggression. The remilitarization of the Rhineland (1936) and the annexation of Austria (1938) by Nazi Germany, as well as the Japanese invasion of Manchuria (1931), marked significant escalations in tensions leading to the outbreak",,2313,629,93,157,llama_5_75_formality
